thai_volume_id,nissaya_book_id,thai_title,thai_page_start,thai_page_end,thai_page_count,nissaya_title,nissaya_para_start,nissaya_para_end,nissaya_para_count
1,Sp-i,อรรถกถาพระวินัย,19,23,5,Pārājikakaṇḍa-aṭṭhakathā,3,68,66
1,Sp-i,พาหิรนิทานวรรณนา,24,23,0,Bāhiranidānakathā,69,75,7
1,Sp-i,ปรารภมูลเหตุทำปฐมสังคายนา,24,63,40,Paṭhamamahāsaṅgītikathā,76,222,147
1,Sp-i,เริ่มเรื่องทุติยสังคายนา,64,67,4,Dutiyasaṅgītikathā,223,258,36
1,Sp-i,เรื่องระหว่างทุติยตติยสังคายนา,68,278,211,Tatiyasaṅgītikathā,259,692,434
1,Sp-i,[กถาว่าด้วยปุพเพนิวาสญาณ],279,291,13,Pubbenivāsakathā,693,711,19
1,Sp-i,กถาว่าด้วยทิพยจักษุ,292,303,12,Dibbacakkukathā,712,726,15
1,Sp-i,กถาว่าด้วยอาสวักขยญาณ,304,319,16,Āsavakkhayañāṇakathā,727,764,38
1,Sp-i,เมืองเวรัญชาเกิดทุพภิกขภัย,320,334,15,Dubbhikkhakathā,765,784,20
1,Sp-i,มหาโมคคัลลานสีหนาทกถา,335,340,6,Mahāmoggallānassasīhanādakathā,785,791,7
1,Sp-i,เรื่องปัญหาของพระสารีบุตร,341,373,33,Vinayapaññattiyācanakathāvaṇṇanā,792,860,69
1,Sp-i,ปฐมปาราชิกภัณฑ์,374,373,0,1. Paṭhamapārājikaṃ,861,861,1
1,Sp-i,เรื่องพระสุทินน์,374,393,20,Sudinnabhāṇavāravaṇṇanā,862,949,88
1,Sp-i,พระปฐมบัญญัติ,394,397,4,Mūlapaññattivaṇṇanā,1084,1105,22
1,Sp-i,พระอนุบัญญัติ ๑,398,399,2,Paṭhamacatukkakathāvaṇṇanā,1106,1105,0
1,Sp-i,พระอนุบัญญัติ ๒,400,430,31,Ekūnasattatidvisatacatukkakathā,1112,1111,0
1,Sp-i,บทภาชนีย์ อสันถตภาณวาร,431,430,0,Bhikkhupadabhājanīyavaṇṇanā,1001,1000,0
1,Sp-i,๑. หมวดมนุสสิตถี ๒๗ จตุกกะ,431,452,22,Ekūnasattatidvisatacatukkakathā,1112,1111,0
1,Sp-i,๒ หมวดอมนุสสิตถี ๒๗ จตุกกะ,453,453,1,Ekūnasattatidvisatacatukkakathā,1112,1111,0
1,Sp-i,๓. หมวดติรัจฉานคติตถี ๒๗ จตุกกะ,454,454,1,Ekūnasattatidvisatacatukkakathā,1112,1111,0
1,Sp-i,๕. หมวดอมนุสสะอุภโตพยัญชนก ๒๗ จตุกกะ,455,455,1,Ekūnasattatidvisatacatukkakathā,1112,1111,0
1,Sp-i,๗. หมวดมนุสสะปัณฑกะ ๑๘ จตุกกะ,456,471,16,Ekūnasattatidvisatacatukkakathā,1112,1111,0
1,Sp-i,๙. หมวดติรัจฉานคตะปัณฑกะ ๑๘ จตุกกะ,472,472,1,Ekūnasattatidvisatacatukkakathā,1112,1111,0
1,Sp-i,๑๑. หมวดอมนุสสะปุริสะ ๑๘ จตุกกะ,473,473,1,Ekūnasattatidvisatacatukkakathā,1112,1111,0
1,Sp-i,๑๒. หมวดติรัจฉานคตะปุรสะ ๑๘ จตุกกะ,474,474,1,Ekūnasattatidvisatacatukkakathā,1112,1111,0
1,Sp-i,บทภาชนีย์ สันถตภาณวาร,475,474,0,Santhatabhāṇavāro,950,949,0
1,Sp-i,๑. หมวดมนุสสิตถี ๒๗ จตุกกะ,475,513,39,Santhatacatukkabhedakathā,1121,1120,0
1,Sp-i,๒. หมวดอมนุสสิตถี ๒๗ จตุกกะ,514,514,1,Santhatacatukkabhedakathā,1121,1120,0
1,Sp-i,๔. หมวดมนุสสะอุภโตพยัญชนก ๒๗ จตุกกะ,515,515,1,Santhatacatukkabhedakathā,1121,1120,0
1,Sp-i,๕. หมวดอมนุสสนะอุภโตพยัญชนก ๒๗ จตุกกะ,516,516,1,Santhatacatukkabhedakathā,1121,1120,0
1,Sp-i,๗. หมวดมนุสสะปัณฑกะ ๑๘ จตุกกะ,517,544,28,Santhatacatukkabhedakathā,1121,1120,0
1,Sp-i,๘. หมวดอมนุสสะปัณฑกะ ๑๘ จตุกกะ,545,545,1,Santhatacatukkabhedakathā,1121,1120,0
1,Sp-i,๑๐. หมวดมนุสสะปุริสะ ๑๘ จตุกกะ,546,546,1,Santhatacatukkabhedakathā,1121,1120,0
1,Sp-i,๑๑. หมวดอมนุสสะปุริสะ ๑๘ จตุกกะ,547,547,1,Santhatacatukkabhedakathā,1121,1120,0
1,Sp-i,๑๒. หมวดติรัจฉานคตะปุริสะ ๑๘ จตุกกะ,548,548,1,Santhatacatukkabhedakathā,1121,1120,0
1,Sp-i,บทภาชนีย์ อสันถตภาณวาร,549,548,0,Bhikkhupadabhājanīyavaṇṇanā,1001,1083,83
1,Sp-i,๑. หมวดมนุสสิตถี ๒๗ จตุกกะ,549,570,22,Ekūnasattatidvisatacatukkakathā,1112,1111,0
1,Sp-i,๒. หมวดอมนุสสิตถี ๒๗ จตุกกะ,571,571,1,Ekūnasattatidvisatacatukkakathā,1112,1111,0
1,Sp-i,๔. หมวดมนุสสะอุภโตพยัญชนก ๒๗ จตุกกะ,572,572,1,Ekūnasattatidvisatacatukkakathā,1112,1111,0
1,Sp-i,๖. หมวดติรัจฉานคตะอุภโตพยัญชนก ๒๗ จตุกกะ,573,573,1,Ekūnasattatidvisatacatukkakathā,1112,1111,0
1,Sp-i,๗. หมวดมนุสสะปัณฑกะ ๑๘ จตุกกะ,574,574,1,Ekūnasattatidvisatacatukkakathā,1112,1111,0
1,Sp-i,๓ . มนุสสะปัณฑกะ ชาครันตะจตุกกะ,575,587,13,Ekūnasattatidvisatacatukkakathā,1112,1111,0
1,Sp-i,๘. หมวดอมนุสสะปัณฑกะ ๑๘ จตุกกะ,588,588,1,Ekūnasattatidvisatacatukkakathā,1112,1111,0
1,Sp-i,๑๐. หมวดอมนุสสะปุริสะ ๑๘ จตุกกะ,589,589,1,Ekūnasattatidvisatacatukkakathā,1112,1111,0
1,Sp-i,บทภาชนีย์ สันถตภาณวาร,590,589,0,Santhatabhāṇavāro,950,958,9
1,Sp-i,๑. หมวดมนุสสิตถี ๒๗ จตุกกะ,590,628,39,Santhatacatukkabhedakathā,1121,1120,0
1,Sp-i,๔. หมวดมนุสสะอุภโตพยัญชนก ๒๗ จตุกกะ,629,629,1,Santhatacatukkabhedakathā,1121,1120,0
1,Sp-i,๕. หมวดอมนุสสะอุภโตพยัญชนก ๒๗ จตุกกะ,630,630,1,Santhatacatukkabhedakathā,1121,1120,0
1,Sp-i,๗. หมวดมนุสสะปัณฑกะ ๑๘ จตุกกะ,631,657,27,Santhatacatukkabhedakathā,1121,1120,0
1,Sp-i,๘. หมวดอมนุสสะปัณฑกะ ๑๘ จตุกกะ,658,658,1,Santhatacatukkabhedakathā,1121,1120,0
1,Sp-i,๑๑. หมวดอมนุสสะปุริสะ ๑๘ จตุกกะ,659,659,1,Santhatacatukkabhedakathā,1121,1130,10
1,Sp-i,อนาปัตติวาร,660,660,1,Āpattānāpattivāravaṇṇanā,1131,1152,22
1,Sp-i,วินีตวัตถุ ในปฐมปาราชิกกัณฑ์,661,742,82,Vinītavatthuvaṇṇanā,1153,1152,0
1,Sp-i,อนุบัญญัติปฐมปาราชิกเรื่องที่หนึ่ง,743,746,4,Paṭhamacatukkakathāvaṇṇanā,1106,1105,0
1,Sp-i,อนุบัญญัติปฐมปาราชิกเรื่องที่สอง,747,750,4,Ekūnasattatidvisatacatukkakathā,1112,1111,0
1,Sp-i,[วินัย ๔ อย่าง],751,815,65,Catubbidhavinayakathā,959,1000,42
1,Sp-i,อนุปัญญัติวาร,816,823,8,Paṭhamacatukkakathāvaṇṇanā,1106,1111,6
1,Sp-i,กถาว่าด้วยจตุกกะ ๒๖๙ ที่เหลือ,824,841,18,Ekūnasattatidvisatacatukkakathā,1112,1120,9
1,Sp-i,วินีตวัตถุปฐมปาราชิก,842,,,Vinītavatthuvaṇṇanā,1153,2028,876
1,Vin-i,เวรัญชภัณฑ์,1,1,1,Verañjakaṇḍaṃ,4,3,0
1,Vin-i,เวรัญชพราหมณ์กล่าวตู่พระพุทธเจ้า,2,4,3,Verañjakaṇḍaṃ,4,3,0
1,Vin-i,ทรงอุปมาด้วยลูกไก่,5,8,4,Verañjakaṇḍaṃ,4,3,0
1,Vin-i,เวรัญชพราหมณ์แสดงตนเป็นอุบาสก,9,9,1,Verañjakaṇḍaṃ,4,3,0
1,Vin-i,เมืองเวรัญชาเกิดทุพภิกขภัย,10,10,1,Verañjakaṇḍaṃ,4,3,0
1,Vin-i,พระมหาโมคคัลลานะเปล่งสีหนาท,11,11,1,Verañjakaṇḍaṃ,4,3,0
1,Vin-i,เหตุให้พระศาสนาดำรงอยู่ไม่นานและนาน,12,14,3,Verañjakaṇḍaṃ,4,3,0
1,Vin-i,ปรารภเหตุให้ทรงบัญญัติสิกขาบท,15,15,1,Verañjakaṇḍaṃ,4,3,0
1,Vin-i,เสด็จนิเวศน์เวรัญชพราหมณ์,16,373,358,Verañjakaṇḍaṃ,4,34,31
1,Vin-i,ปฐมปาราชิกภัณฑ์,374,373,0,1. Paṭhamapārājikaṃ,35,34,0
1,Vin-i,เรื่องพระสุทินน์,374,393,20,Sudinnabhāṇavāro,36,35,0
1,Vin-i,พระปฐมบัญญัติ,394,397,4,Sudinnabhāṇavāro,36,35,0
1,Vin-i,พระอนุบัญญัติ ๑,398,399,2,Sudinnabhāṇavāro,36,35,0
1,Vin-i,พระอนุบัญญัติ ๒,400,430,31,Sudinnabhāṇavāro,36,67,32
1,Vin-i,บทภาชนีย์ อสันถตภาณวาร,431,452,22,1. Paṭhamapārājikaṃ,35,34,0
1,Vin-i,๒ หมวดอมนุสสิตถี ๒๗ จตุกกะ,453,453,1,1. Paṭhamapārājikaṃ,35,34,0
1,Vin-i,๓. หมวดติรัจฉานคติตถี ๒๗ จตุกกะ,454,454,1,1. Paṭhamapārājikaṃ,35,34,0
1,Vin-i,๕. หมวดอมนุสสะอุภโตพยัญชนก ๒๗ จตุกกะ,455,455,1,1. Paṭhamapārājikaṃ,35,34,0
1,Vin-i,๗. หมวดมนุสสะปัณฑกะ ๑๘ จตุกกะ,456,471,16,1. Paṭhamapārājikaṃ,35,34,0
1,Vin-i,๙. หมวดติรัจฉานคตะปัณฑกะ ๑๘ จตุกกะ,472,472,1,1. Paṭhamapārājikaṃ,35,34,0
1,Vin-i,๑๑. หมวดอมนุสสะปุริสะ ๑๘ จตุกกะ,473,473,1,1. Paṭhamapārājikaṃ,35,34,0
1,Vin-i,๑๒. หมวดติรัจฉานคตะปุรสะ ๑๘ จตุกกะ,474,474,1,1. Paṭhamapārājikaṃ,35,34,0
1,Vin-i,บทภาชนีย์ สันถตภาณวาร,475,513,39,Santhatabhāṇavāro,68,67,0
1,Vin-i,๒. หมวดอมนุสสิตถี ๒๗ จตุกกะ,514,514,1,Santhatabhāṇavāro,68,67,0
1,Vin-i,๔. หมวดมนุสสะอุภโตพยัญชนก ๒๗ จตุกกะ,515,515,1,Santhatabhāṇavāro,68,67,0
1,Vin-i,๕. หมวดอมนุสสนะอุภโตพยัญชนก ๒๗ จตุกกะ,516,516,1,Santhatabhāṇavāro,68,67,0
1,Vin-i,๗. หมวดมนุสสะปัณฑกะ ๑๘ จตุกกะ,517,544,28,Santhatabhāṇavāro,68,67,0
1,Vin-i,๘. หมวดอมนุสสะปัณฑกะ ๑๘ จตุกกะ,545,545,1,Santhatabhāṇavāro,68,67,0
1,Vin-i,๑๐. หมวดมนุสสะปุริสะ ๑๘ จตุกกะ,546,546,1,Santhatabhāṇavāro,68,67,0
1,Vin-i,๑๑. หมวดอมนุสสะปุริสะ ๑๘ จตุกกะ,547,547,1,Santhatabhāṇavāro,68,67,0
1,Vin-i,๑๒. หมวดติรัจฉานคตะปุริสะ ๑๘ จตุกกะ,548,548,1,Santhatabhāṇavāro,68,67,0
1,Vin-i,บทภาชนีย์ อสันถตภาณวาร,549,570,22,1. Paṭhamapārājikaṃ,35,34,0
1,Vin-i,๒. หมวดอมนุสสิตถี ๒๗ จตุกกะ,571,571,1,1. Paṭhamapārājikaṃ,35,34,0
1,Vin-i,๔. หมวดมนุสสะอุภโตพยัญชนก ๒๗ จตุกกะ,572,572,1,1. Paṭhamapārājikaṃ,35,34,0
1,Vin-i,๖. หมวดติรัจฉานคตะอุภโตพยัญชนก ๒๗ จตุกกะ,573,573,1,1. Paṭhamapārājikaṃ,35,34,0
1,Vin-i,๗. หมวดมนุสสะปัณฑกะ ๑๘ จตุกกะ,574,574,1,1. Paṭhamapārājikaṃ,35,34,0
1,Vin-i,๓ . มนุสสะปัณฑกะ ชาครันตะจตุกกะ,575,587,13,1. Paṭhamapārājikaṃ,35,34,0
1,Vin-i,๘. หมวดอมนุสสะปัณฑกะ ๑๘ จตุกกะ,588,588,1,1. Paṭhamapārājikaṃ,35,34,0
1,Vin-i,๑๐. หมวดอมนุสสะปุริสะ ๑๘ จตุกกะ,589,589,1,1. Paṭhamapārājikaṃ,35,34,0
1,Vin-i,บทภาชนีย์ สันถตภาณวาร,590,628,39,Santhatabhāṇavāro,68,67,0
1,Vin-i,๔. หมวดมนุสสะอุภโตพยัญชนก ๒๗ จตุกกะ,629,629,1,Santhatabhāṇavāro,68,67,0
1,Vin-i,๕. หมวดอมนุสสะอุภโตพยัญชนก ๒๗ จตุกกะ,630,630,1,Santhatabhāṇavāro,68,67,0
1,Vin-i,๗. หมวดมนุสสะปัณฑกะ ๑๘ จตุกกะ,631,657,27,Santhatabhāṇavāro,68,67,0
1,Vin-i,๘. หมวดอมนุสสะปัณฑกะ ๑๘ จตุกกะ,658,658,1,Santhatabhāṇavāro,68,67,0
1,Vin-i,๑๑. หมวดอมนุสสะปุริสะ ๑๘ จตุกกะ,659,659,1,Santhatabhāṇavāro,68,126,59
1,Vin-i,อนาปัตติวาร,660,660,1,1. Paṭhamapārājikaṃ,35,34,0
1,Vin-i,อุทานคาถา,661,742,82,Vinītavatthuuddānagāthā,127,137,11
1,Vin-i,วินีตวัตถุ ในปฐมปาราชิกกัณฑ์,661,660,0,Vinītavatthu,138,137,0
1,Vin-i,อนุบัญญัติปฐมปาราชิกเรื่องที่หนึ่ง,743,746,4,Vinītavatthu,138,137,0
1,Vin-i,อนุบัญญัติปฐมปาราชิกเรื่องที่สอง,747,750,4,Vinītavatthu,138,137,0
1,Vin-i,[วินัย ๔ อย่าง],751,770,20,1. Paṭhamapārājikaṃ,35,34,0
1,Vin-i,[วิธีอุปสมบทมี ๘ อย่าง],771,815,45,1. Paṭhamapārājikaṃ,35,34,0
1,Vin-i,อนุปัญญัติวาร,816,823,8,1. Paṭhamapārājikaṃ,35,34,0
1,Vin-i,กถาว่าด้วยจตุกกะ ๒๖๙ ที่เหลือ,824,830,7,1. Paṭhamapārājikaṃ,35,34,0
1,Vin-i,กถาว่าด้วยองคชาตมีเครื่องลาดและไม่มี,831,838,8,1. Paṭhamapārājikaṃ,35,34,0
1,Vin-i,สมุฏฐานที่เกิดแห่งอาบัติ มี ๖ อย่าง,839,841,3,1. Paṭhamapārājikaṃ,35,35,1
1,Vin-i,วินีตวัตถุปฐมปาราชิก,842,,,Vinītavatthu,138,798,661
10,Sp-v,ปัญจมสมันตปาสาทิกา,319,325,7,(SP) Parivāra-aṭṭhakathā,3,22,20
10,Sp-v,ย่อหัวข้อสมุฏฐาน,326,327,2,Samuṭṭhānasīsavaṇṇanā,23,22,0
10,Sp-v,ปฐมปาราชิกสมุฏฐาน,328,328,1,Paṭhamapārājikasamuṭṭhānavaṇṇanā,31,30,0
10,Sp-v,ทุติยปาราชิกสมุฏฐาน,329,332,4,Dutiyapārājikasamuṭṭhānavaṇṇanā,36,35,0
10,Sp-v,สัญจริตตสมุฏฐาน,333,334,2,Sañcarittasamuṭṭhānavaṇṇanā,45,44,0
10,Sp-v,สมนุภาสสมุฏฐาน,335,336,2,Samanubhāsanāsamuṭṭhānavaṇṇanā,50,49,0
10,Sp-v,กฐินสมุฏฐาน,337,338,2,Kathinasamuṭṭhānavaṇṇanā,55,54,0
10,Sp-v,เอฬกโลมสมุฏฐาน,339,340,2,Eḷakalomasamuṭṭhānavaṇṇanā,60,59,0
10,Sp-v,ปทโสธัมมสมุฏฐาน,341,341,1,Padasodhammasamuṭṭhānavaṇṇanā,65,64,0
10,Sp-v,อัทธานสมุฏฐาน,342,342,1,Addhānasamuṭṭhānavaṇṇanā,67,66,0
10,Sp-v,เถยยสัตถสมุฏฐาน,343,343,1,Theyyasatthasamuṭṭhānavaṇṇanā,69,68,0
10,Sp-v,ธัมมเทสนาสมุฏฐาน,344,345,2,Dhammadesanāsamuṭṭhānavaṇṇanā,71,73,3
10,Sp-v,สมุฏฐานสีส วัณณนา,346,348,3,Samuṭṭhānasīsavaṇṇanā,23,30,8
10,Sp-v,[ว่าด้วยปฐมปาราชิกสมุฏฐาน],349,350,2,Paṭhamapārājikasamuṭṭhānavaṇṇanā,31,35,5
10,Sp-v,[ว่าด้วยทุติยปาราชิกสมุฏฐาน],351,355,5,Dutiyapārājikasamuṭṭhānavaṇṇanā,36,44,9
10,Sp-v,[ว่าด้วยสัญจริตตสมุฏฐาน],356,357,2,Sañcarittasamuṭṭhānavaṇṇanā,45,49,5
10,Sp-v,[ว่าด้วยสมนุภาสนสมุฏฐาน],358,359,2,Samanubhāsanāsamuṭṭhānavaṇṇanā,50,54,5
10,Sp-v,[ว่าด้วยกฐินสมุฏฐาน],360,362,3,Kathinasamuṭṭhānavaṇṇanā,55,59,5
10,Sp-v,[ว่าด้วยเอฬกโลมสมุฏฐาน],363,364,2,Eḷakalomasamuṭṭhānavaṇṇanā,60,64,5
10,Sp-v,[ว่าด้วยปทโสธัมมสมุฏฐาน],365,365,1,Padasodhammasamuṭṭhānavaṇṇanā,65,66,2
10,Sp-v,[ว่าด้วยอัทธานสมุฏฐาน],366,366,1,Addhānasamuṭṭhānavaṇṇanā,67,68,2
10,Sp-v,[ว่าด้วยเถยยสัตถสมุฏฐาน],367,367,1,Theyyasatthasamuṭṭhānavaṇṇanā,69,70,2
10,Sp-v,กติปุจฉาวาร,368,381,14,Antarapeyyālaṃ,74,74,1
10,Sp-v,กติปุจฉาวารวัณณนา,382,441,60,Katipucchāvāravaṇṇanā,75,88,14
10,Sp-v,ขันธกปุจฉา,442,446,5,Khandhakapucchāvāro,89,89,1
10,Sp-v,ขันธกปุจฉาวัณณนา,447,449,3,Pucchāvissajjanāvaṇṇanā,90,99,10
10,Sp-v,เอกุตตริกะ,450,517,68,Ekuttarikanayo,100,99,0
10,Sp-v,เอกุตตริก วัณณนา,518,517,0,Ekuttarikanayo,100,100,1
10,Sp-v,[พรรณนาหมวด ๑],518,522,5,Ekakavāravaṇṇanā,101,109,9
10,Sp-v,[พรรณนาหมวด ๒],523,529,7,Dukavāravaṇṇanā,110,120,11
10,Sp-v,[พรรณนาหมวด ๓],530,542,13,Tikavāravaṇṇanā,121,136,16
10,Sp-v,[วินิจฉัยในกัมมจตุกกะ],543,552,10,Catukkavāravaṇṇanā,137,154,18
10,Sp-v,[พรรณนาหมวด ๕ ],553,562,10,Pañcakavāravaṇṇanā,155,169,15
10,Sp-v,[พรรณนาหมวด ๖],563,565,3,Chakkavāravaṇṇanā,170,174,5
10,Sp-v,[พรรณนาหมวด ๗],566,566,1,Sattakavāravaṇṇanā,175,178,4
10,Sp-v,[พรรณนาหมวด ๘],567,569,3,Aṭṭhakavāravaṇṇanā,179,192,14
10,Sp-v,[พรรณนาหมวด ๙],570,571,2,Navakavāravaṇṇanā,193,196,4
10,Sp-v,[พรรณนาหมวด ๑๐],572,574,3,Dasakavāravaṇṇanā,197,201,5
10,Sp-v,[พรรณนาหมวด ๑๑],575,577,3,Ekādasakavāravaṇṇanā,202,208,7
10,Sp-v,อุโปสถาทิปุจฉาวิสัชนา,578,585,8,Uposathādipucchāvissajjanā,209,208,0
10,Sp-v,อุโปสถาทิปุจฉาวิสัชนา วัณณนา,586,587,2,Uposathādipucchāvissajjanā,209,211,3
10,Sp-v,อัตถวเสปกรณ์,588,590,3,Atthavasapakaraṇāvaṇṇanā,212,211,0
10,Sp-v,อัตถวเสปกรณ วัณณนา,591,592,2,Atthavasapakaraṇāvaṇṇanā,212,219,8
10,Sp-v,คาถาสังคณิกะ,593,610,18,Paṭhamagāthāsaṅgaṇikaṃ,220,219,0
10,Sp-v,ปฐมคาถาสังคณิก วัณณนา,611,611,1,Paṭhamagāthāsaṅgaṇikaṃ,220,220,1
10,Sp-v,[วิบัติ ๔],612,612,1,Catuvipattivaṇṇanā,224,230,7
10,Sp-v,[ประมวลสิกขาบท],613,614,2,Sattanagaresu paññattasikkhāpadavaṇṇanā,221,223,3
10,Sp-v,[จำแนกสิกขาบท],615,615,1,Chedanakādivaṇṇanā,231,232,2
10,Sp-v,[กองอาบัติที่ระงับไม่ได้],616,618,3,Asādhāraṇādivaṇṇanā,233,250,18
10,Sp-v,[วิเคราะห์ปาราชิก],619,625,7,Pārājikādiāpattivaṇṇanā,251,264,14
10,Sp-v,อธิกรณเภท,626,650,25,Adhikaraṇabhedaṃ,265,264,0
10,Sp-v,อธิกรณเภท วัณณนา,651,650,0,Adhikaraṇabhedaṃ,265,265,1
10,Sp-v,[รื้อสมถะด้วยรื้ออธิกรณ์],651,656,6,Ukkoṭanabhedādivaṇṇanā,266,279,14
10,Sp-v,[ว่าด้วยนิทานเป็นต้นแห่งอธิกรณ์],657,660,4,Adhikaraṇanidānādivaṇṇanā,280,290,11
10,Sp-v,[ว่าด้วยนิทานเป็นต้นแห่งสมถะ],661,661,1,Sattasamathanidānavaṇṇanā,291,293,3
10,Sp-v,[ว่าด้วยสมุฏฐานแห่งสมถะ],662,663,2,Sattasamathanānātthādivaṇṇanā,294,296,3
10,Sp-v,คาถาสังคณิกะอีกนัยหนึ่ง,664,668,5,Dutiyagāthāsaṅgaṇikaṃ,297,296,0
10,Sp-v,ทุติยคาถาสังคณิก วัณณนา,669,668,0,Dutiyagāthāsaṅgaṇikaṃ,297,297,1
10,Sp-v,วินิจฉัยในทุติยคาถาสังคณิกะ,669,673,5,Codanādipucchāvissajjanāvaṇṇanā,298,310,13
10,Sp-v,โจทนากัณฑ์,674,681,8,Codanākaṇḍaṃ,311,310,0
10,Sp-v,โจทนากัณฑก วัณณนา,682,681,0,Codanākaṇḍaṃ,311,311,1
10,Sp-v,[กิจของภิกษุผู้ว่าอรรถคดี],682,682,1,Anuvijjakakiccavaṇṇanā,312,314,3
10,Sp-v,[ว่าด้วยเบื้องต้นของโจทนาเป็นอาทิ],683,686,4,Codakapucchāvissajjanāvaṇṇanā,315,321,7
10,Sp-v,จูฬสงคราม,687,691,5,Cūḷasaṅgāmo,322,322,1
10,Sp-v,จูฬสังคาม วัณณนา,692,702,11,Anuvijjakassa paṭipattivaṇṇanā,323,334,12
10,Sp-v,มหาสงคราม,703,702,0,Mahāsaṅgāmo,335,334,0
10,Sp-v,ข้อปฏิบัติของภิกษุผู้เข้าสงคราม,703,706,4,Voharantena jānitabbādivaṇṇanā,336,339,4
10,Sp-v,ว่าด้วยไม่ถึงฉันทาคติ,707,722,16,Agatiagantabbavaṇṇanā,340,345,6
10,Sp-v,มหาสังคาม วัณณา,723,725,3,Mahāsaṅgāmo,335,335,1
10,Sp-v,กฐินเภท,726,725,0,Kathinabhedaṃ,346,345,0
10,Sp-v,ว่าด้วยกฐินไม่เป็นอันกรานเป็นต้น,726,729,4,Kathinaatthatādivaṇṇanā,347,350,4
10,Sp-v,ธรรมที่เป็นปัจจัยแห่งประโยคเป็นต้น,730,735,6,Pubbakaraṇanidānādivibhāgavaṇṇanā,351,355,5
10,Sp-v,มูลเหตุแห่งกฐินเป็นต้น,736,747,12,Kathinādijānitabbavibhāgavaṇṇanā,356,362,7
10,Sp-v,กฐินเภท วัณณนา,748,753,6,Kathinabhedaṃ,346,346,1
10,Sp-v,อุปาลิปัญจกะ,754,753,0,Upālipañcakaṃ,363,362,0
10,Sp-v,อนิสสิตวรรคที่ ๑,754,762,9,Anissitavaggavaṇṇanā,364,368,5
10,Sp-v,นัปปฏิปัสสัมภนวรรค ที่ ๒,763,769,7,Nappaṭippassambhanavaggavaṇṇanā,369,374,6
10,Sp-v,โวหารวรรคที่ ๓,770,780,11,Vohāravaggavaṇṇanā,375,384,10
10,Sp-v,ทิฏฐาวิกรรมวรรคที่ ๔,781,806,26,Diṭṭhāvikammavaggavaṇṇanā,385,391,7
10,Sp-v,มุสาวาท,807,813,7,Musāvādavaggavaṇṇanā,392,395,4
10,Sp-v,ภิกขุนีโอวาทวรรคที่ ๘,814,821,8,Bhikkhunovādavaggavaṇṇanā,396,401,6
10,Sp-v,อุพพาหิกวรรคที่ ๙,822,832,11,Ubbāhikavaggavaṇṇanā,402,405,4
10,Sp-v,อธิกรณวูปสมวรรคที่ ๑๐,833,842,10,Adhikaraṇavūpasamavaggavaṇṇanā,406,410,5
10,Sp-v,สังฆเภทวรรที่ ๑๑,843,846,4,Saṅghabhedakavaggadvayavaṇṇanā,411,410,0
10,Sp-v,ทุติยสังฆเภทวรรค ที่ ๑๒,847,850,4,Saṅghabhedakavaggadvayavaṇṇanā,411,412,2
10,Sp-v,อาวาสิกวรรค ที่ ๑๓,851,861,11,Āvāsikavaggavaṇṇanā,413,421,9
10,Sp-v,อุปาลิปัญจก วัณณนา,862,888,27,Upālipañcakaṃ,363,363,1
10,Sp-v,สมุฏฐาน วัณณนา,889,890,2,Āpattisamuṭṭhānavaṇṇanā,422,426,5
10,Sp-v,ทุติยคาถาสังคณิกะ,891,909,19,Aparadutiyagāthāsaṅgaṇikaṃ,427,426,0
10,Sp-v,กรรม ๑๖ อย่าง,910,915,6,(5) Soḷasakammādivaṇṇanā,470,472,3
10,Sp-v,อปรทุติยคาถาสังคณิกวัณณนา,916,915,0,Aparadutiyagāthāsaṅgaṇikaṃ,427,427,1
10,Sp-v,[อาบัติทางกายเป็นต้น],916,918,3,(1) Kāyikādiāpattivaṇṇanā,428,433,6
10,Sp-v,[อาบัติเป็นเทสนาคามินีเป็นต้น],919,919,1,(2) Desanāgāminiyādivaṇṇanā,434,444,11
10,Sp-v,[ปาราชิกทางกายเป็นต้น],920,921,2,(3) Pācittiyavaṇṇanā,445,459,15
10,Sp-v,[บุคคลที่ไม่ควรให้อุปสมบทเป็นต้น],922,937,16,(4) Avandanīyapuggalādivaṇṇanā,460,469,10
10,Sp-v,เสทโมจนคาถา,938,947,10,Sedamocanagāthā,473,472,0
10,Sp-v,เสทโมจนคาถา วัณณนา,948,956,9,Sedamocanagāthā,473,515,43
10,Sp-v,ปัญจวรรค,957,956,0,Pañcavaggo,516,515,0
10,Sp-v,กรรมวรรค ที่ ๑,957,967,11,Kammavaggavaṇṇanā,517,516,0
10,Sp-v,อปโลกนกรรมเป็นต้น,968,969,2,Apalokanakammakathā,546,545,0
10,Sp-v,อรรถวสวรรคที่ ๒,970,980,11,Atthavasavaggādivaṇṇanā,595,594,0
10,Sp-v,คาถาส่งท้าย,981,982,2,Nigamanakathā,610,609,0
10,Sp-v,ปัญจวัคควัณณนา,983,982,0,Pañcavaggo,516,516,1
10,Sp-v,วินิจฉัยในกัมมวรรค,983,995,13,Kammavaggavaṇṇanā,517,545,29
10,Sp-v,[ว่าด้วยอปโลกนกรรม],996,1013,18,Apalokanakammakathā,546,594,49
10,Sp-v,[ประโยชน์แห่งการบัญญัติสิกขาบท],1014,1015,2,Atthavasavaggādivaṇṇanā,595,594,0
10,Sp-v,[พรรณนาปัญญัตติวัคค์],1016,1016,1,Atthavasavaggādivaṇṇanā,595,594,0
10,Sp-v,[ว่าด้วยประมวล],1017,1018,2,Atthavasavaggādivaṇṇanā,595,609,15
10,Sp-v,วินัยฏฐกถาวสานคาถา,1019,,,Nigamanakathā,610,,
10,Vin-v,ปริวาร,1,0,0,(VN)Parivārapāḷi,3,4,2
10,Vin-v,มหาวิภังค์ ๑๖ มหาวาร,1,0,0,Soḷasamahāvāro,5,5,1
10,Vin-v,กัตถปัญญัติวาร ที่ ๑,1,1,1,1. Katthapaññattivāro,6,6,1
10,Vin-v,ปาราชิกกัณฑ์,2,9,8,1. Pārājikakaṇḍaṃ,7,49,43
10,Vin-v,สังฆาทิเสสกัณฑ์,10,21,12,2. Saṅghādisesakaṇḍaṃ,50,102,53
10,Vin-v,อนิยตกัณฑ์,22,28,7,3. Aniyatakaṇḍaṃ,103,142,40
10,Vin-v,นิสสัคคิยกัณฑ์,29,28,0,4. Nissaggiyakaṇḍaṃ,143,143,1
10,Vin-v,คำถามและคำตอบกฐินวรรคที่ ๑,29,33,5,1. Kathinavaggo,144,155,12
10,Vin-v,คำถามและคำตอบโกสิยวรรคที่ ๒,34,39,6,2. Kosiyavaggo,156,167,12
10,Vin-v,คำถามและคำตอบปัตตวรรคที่ ๓,40,44,5,3. Pattavaggo,168,187,20
10,Vin-v,ปาจิตติยกัณฑ์,45,44,0,5. Pācittiyakaṇḍaṃ,188,188,1
10,Vin-v,คำถามและคำตอบมุสาวาทวรรคที่ ๑,45,50,6,1. Musāvādavaggo,189,200,12
10,Vin-v,คำถามและคำตอบภูตคามวรรคที่ ๒,51,55,5,2. Bhūtagāmavaggo,201,212,12
10,Vin-v,คำถามและตอบโอวาทวรรคที่ ๓,56,61,6,3. Ovādavaggo,213,224,12
10,Vin-v,คำถามและคำตอบโภชนวรรคที่ ๔,62,66,5,4. Bhojanavaggo,225,236,12
10,Vin-v,คำถามและคำตอบอเจลกวรรค ที่ ๕,67,71,5,5. Acelakavaggo,237,248,12
10,Vin-v,คำถามและคำตอบสุราเมรยวรรค ที่ ๖,72,77,6,6. Surāpānavaggo,249,260,12
10,Vin-v,คำถามและคำตอบสัปปาณกวรรคที่ ๗,78,82,5,7. Sappāṇakavaggo,261,272,12
10,Vin-v,คำถามและคำตอบสหธรรมิกวรรคที่ ๘,83,89,7,8. Sahadhammikavaggo,273,286,14
10,Vin-v,คำถามและคำตอบราชวรรคที่ ๙,90,94,5,9. Rājavaggo,287,323,37
10,Vin-v,ปาฏิเทสนียกัณฑ,95,97,3,6. Pāṭidesanīyakaṇḍaṃ,324,332,9
10,Vin-v,เสขิยกัณฑ์,98,97,0,7. Sekhiyakaṇḍaṃ,333,333,1
10,Vin-v,คำถามและคำตอบปริมัณฑลวรรคที่ ๑,98,102,5,1. Parimaṇḍalavaggo,334,345,12
10,Vin-v,คำถามและคำตอบอุชชัคฆิกวรรคที่ ๒,103,107,5,2. Ujjagghikavaggo,346,357,12
10,Vin-v,คำถามและคำตอบขัมภกตวรรคที่ ๓,108,112,5,3. Khambhakatavaggo,358,369,12
10,Vin-v,คำถามและคำตอบปิณฑปาตวรรคที่ ๔,113,117,5,4. Piṇḍapātavaggo,370,381,12
10,Vin-v,คำถามและคำตอบกพฬวรรค ที่ ๕,118,122,5,5. Kabaḷavaggo,382,393,12
10,Vin-v,คำถามและคำตอบสุรุสุรุวรรคที่ ๖,123,136,14,6. Surusuruvaggo,394,444,51
10,Vin-v,กตาปัตติวารที่ ๒,137,136,0,2. Katāpattivāro,445,445,1
10,Vin-v,คำถามและคำตอบอาบัติในปาราชิกกัณฑ์,137,137,1,1. Pārājikakaṇḍaṃ,446,451,6
10,Vin-v,คำถามและคำตอบอาบัติในสังฆาทิเสสกัณฑ์,138,140,3,2. Saṅghādisesakaṇḍaṃ,452,466,15
10,Vin-v,อาบัติในนิสสัคคิยกัณฑ์,141,140,0,3. Nissaggiyakaṇḍaṃ,467,467,1
10,Vin-v,กฐินวรรคที่ ๑,141,141,1,1. Kathinavaggo,468,479,12
10,Vin-v,โกสิยวรรค ที่ ๒,142,142,1,2. Kosiyavaggo,480,491,12
10,Vin-v,ปัตตวรรค ที่ ๓,143,144,2,3. Pattavaggo,492,504,13
10,Vin-v,คำถามและคำตอบอาบัติในปาจิตติยกัณฑ์,145,144,0,4. Pācittiyakaṇḍaṃ,505,505,1
10,Vin-v,มุสาวาทวรรค ที่ ๑,145,145,1,1. Musāvādavaggo,506,517,12
10,Vin-v,ภูตคามวรรค ที่ ๒,146,147,2,2. Bhūtagāmavaggo,518,529,12
10,Vin-v,โอวาทวรรค ที่ ๓,148,148,1,3. Ovādavaggo,530,541,12
10,Vin-v,โภชนวรรค ที่ ๔,149,150,2,4. Bhojanavaggo,542,553,12
10,Vin-v,อเจลกวรรค ที่ ๕,151,151,1,5. Acelakavaggo,554,565,12
10,Vin-v,สุราเมรยวรรค ที่ ๖,152,152,1,6. Surāmerayavaggo,566,577,12
10,Vin-v,สัปปาณกวรรค ที่ ๗,153,154,2,7. Sappāṇakavaggo,578,589,12
10,Vin-v,สหธรรมิกวรรค ที่ ๘,155,155,1,8. Sahadhammikavaggo,590,603,14
10,Vin-v,ราชวรรค ที่ ๙,156,157,2,9. Rājavaggo,604,615,12
10,Vin-v,คำถามและคำตอบในปาฏิเทสนียกัณฑ์,158,158,1,5. Pāṭidesanīyakaṇḍaṃ,616,621,6
10,Vin-v,คำถามและคำตอบอาบัติในเสขิยกัณฑ์,159,158,0,6. Sekhiyakaṇḍaṃ,622,622,1
10,Vin-v,วรรคที่ ๑,159,159,1,1. Parimaṇḍalavaggo,623,634,12
10,Vin-v,วรรคที่ ๒,160,160,1,2. Ujjagghikavaggo,635,646,12
10,Vin-v,วรรคที่ ๓,161,162,2,3. Khambhakatavaggo,647,658,12
10,Vin-v,วรรค ที่ ๔,163,163,1,4. Piṇḍapātavaggo,659,670,12
10,Vin-v,วรรค ที่ ๕,164,164,1,5. Kabaḷavaggo,671,682,12
10,Vin-v,วรรค ที่ ๖,165,165,1,6. Surusuruvaggo,683,694,12
10,Vin-v,วรรค ที่ ๗,166,166,1,7. Pādukavaggo,695,713,19
10,Vin-v,วิปัตติวาร ที่ ๓,167,167,1,3. Vipattivāro,714,717,4
10,Vin-v,สังคหิตวาร ที่ ๔,168,168,1,4. Saṅgahitavāro,718,721,4
10,Vin-v,สมุฏฐานวาร ที่ ๕,169,168,0,5. Samuṭṭhānavāro,722,725,4
10,Vin-v,อธิกรณวาร ที่ ๖,169,169,1,6. Adhikaraṇavāro,726,729,4
10,Vin-v,สมถวาร ที่ ๗,170,169,0,7. Samathavāro,730,733,4
10,Vin-v,สมุจจัยวาร ที่ ๘,170,171,2,8. Samuccayavāro,734,743,10
10,Vin-v,กัตถบัญญัติวาร ที่ ๑,172,171,0,1. Katthapaññattivāro,744,744,1
10,Vin-v,คำถามและคำตอบปาราชิก ๔ สิกขาบท,172,176,5,1. Pārājikakaṇḍaṃ,745,755,11
10,Vin-v,คำถามและคำตอบสังฆาทิเสส ๑๓ สิกขาบท,177,186,10,2. Saṅghādisesakaṇḍādi,756,776,21
10,Vin-v,กตาปัตติวาร ที่ ๒,187,186,0,2. Katāpattivāro,777,777,1
10,Vin-v,คำถามและคำตอบอาบัติในปาราชิกกัณฑ์,187,188,2,1. Pārājikakaṇḍaṃ,778,783,6
10,Vin-v,คำถามและคำตอบอาบัติในสังฆาทิเสสกัณฑ์,189,190,2,2. Saṅghādisesakaṇḍādi,784,799,16
10,Vin-v,วิปัตติวาร ที่ ๓,191,191,1,3. Vipattivāro,800,803,4
10,Vin-v,สังคหิตวาร ที่ ๔,192,192,1,4. Saṅgahitavāro,804,807,4
10,Vin-v,สมุฏฐานวารที่ ๕,193,192,0,5. Samuṭṭhānavāro,808,811,4
10,Vin-v,อธิกรณวารที่ ๖,193,193,1,6. Adhikaraṇavāro,812,815,4
10,Vin-v,สมถวารที่ ๗,194,193,0,7. Samathavāro,816,819,4
10,Vin-v,สมุจจยวารที่ ๘,194,196,3,8. Samuccayavāro,820,826,7
10,Vin-v,ภิกขุนีวิภังค์ ๑๖ มหาวาร,197,196,0,Bhikkhunīvibhaṅgo,827,827,1
10,Vin-v,กัตถปัญญัติวารที่ ๑,197,196,0,1. Katthapaññattivāro,828,828,1
10,Vin-v,ปาราชิกกัณฑ์,197,203,7,1. Pārājikakaṇḍaṃ,829,871,43
10,Vin-v,สังฆาทิเสสกัณฑ์,204,211,8,2. Saṅghādisesakaṇḍaṃ,872,891,20
10,Vin-v,นิสสัคคิยปาจิตติยกัณฑ์,212,217,6,3. Nissaggiyakaṇḍaṃ,892,909,18
10,Vin-v,ปาจิตติยกัณฑ์,218,217,0,4. Pācittiyakaṇḍaṃ,910,910,1
10,Vin-v,คำถามและคำตอบลสุณวรรคที่ ๑,218,223,6,1. Lasuṇavaggo,911,922,12
10,Vin-v,คำถามและคำตอบรัตตันธการวรรคที่ ๒,224,228,5,2. Rattandhakāravaggo,923,934,12
10,Vin-v,คำถามและคำตอบนหานวรรคที่ ๓,229,233,5,3. Nahānavaggo,935,946,12
10,Vin-v,คำถามและคำตอบตุวัฏฏวรรคที่ ๔,234,238,5,4. Tuvaṭṭavaggo,947,958,12
10,Vin-v,คำถามและคำตอบจิตตาคารวรรคที่ ๕,239,243,5,5. Cittāgāravaggo,959,970,12
10,Vin-v,คำถามและคำตอบอารามวรรค ที่ ๖,244,248,5,6. Ārāmavaggo,971,982,12
10,Vin-v,คำถามและคำตอบคัพภินีวรรคที่ ๗,249,253,5,7. Gabbhinīvaggo,983,994,12
10,Vin-v,คำถามและคำตอบกุมารีภูตวรรค ที่ ๘,254,261,8,8. Kumārībhūtavaggo,995,1009,15
10,Vin-v,คำถามและคำตอบฉัตตุปาหนวรรค ที่ ๙,262,269,8,9. Chattupāhanavaggo,1010,1049,40
10,Vin-v,ปาฏิเทสนียกัณฑ์,270,274,5,5. Pāṭidesanīyakaṇḍaṃ,1050,1066,17
10,Vin-v,กตาปัตติวาร ที่ ๒,275,274,0,2. Katāpattivāro,1067,1067,1
10,Vin-v,ปาราชิกกัณฑ์,275,275,1,1. Pārājikakaṇḍaṃ,1068,1073,6
10,Vin-v,สังฆาทิเสสกัณฑ์,276,277,2,2. Saṅghādisesakaṇḍaṃ,1074,1085,12
10,Vin-v,นิสสัคคิยปาจิตติยกัณฑ์,278,279,2,3. Nissaggiyakaṇḍaṃ,1086,1099,14
10,Vin-v,ปาจิตติยกัณฑ์,280,279,0,4. Pācittiyakaṇḍaṃ,1100,1100,1
10,Vin-v,คำถามและคำตอบอาบัติในลสุณวรรคที่ ๑,280,281,2,1. Lasuṇavaggo,1101,1112,12
10,Vin-v,คำถามแลคำตอบอาบัติในรัตตันธการวรรคที่ ๒,282,282,1,2. Rattandhakāravaggo,1113,1124,12
10,Vin-v,คำถามและคำตอบอาบัติในนหานวรรคที่ ๓,283,283,1,3. Nahānavaggo,1125,1135,11
10,Vin-v,คำถามและคำตอบอาบัติในตุวัฏฏวรรคที่ ๔,284,285,2,4. Tuvaṭṭavaggo,1136,1147,12
10,Vin-v,คำถามและคำตอบอาบัติในจิตตาคารวรรค ที่ ๕,286,286,1,5. Cittāgāravaggo,1148,1159,12
10,Vin-v,คำถามและคำตอบอาบัติในอารามวรรค ที่ ๖,287,287,1,6. Ārāmavaggo,1160,1171,12
10,Vin-v,คำถามและคำตอบอาบัติในคัพภินีวรรค ที่ ๗,288,288,1,7. Gabbhinīvaggo,1172,1183,12
10,Vin-v,คำถามและคำตอบอาบัติในกุมารีภูตวรรค ที่ ๘,289,290,2,8. Kumārībhūtavaggo,1184,1198,15
10,Vin-v,คำถามและคำตอบอาบัติในฉัตตุปาหนวรรคที่ ๙,291,292,2,9. Chattupāhanavaggo,1199,1214,16
10,Vin-v,ปาฏิเทสนียกัณฑ์,293,293,1,5. Pāṭidesanīyakaṇḍaṃ,1215,1225,11
10,Vin-v,วิปัตติวาร ที่ ๓,294,293,0,3. Vipattivāro,1226,1229,4
10,Vin-v,สังคหวาร ที่ ๔,294,294,1,4. Saṅgahavāro,1230,1233,4
10,Vin-v,สมุฏฐานวาร ที่ ๕,295,295,1,5. Samuṭṭhānavāro,1234,1237,4
10,Vin-v,อธิกรณวารที่ ๖,296,295,0,6. Adhikaraṇavāro,1238,1241,4
10,Vin-v,สมถวาร ที่ ๗,296,296,1,7. Samathavāro,1242,1245,4
10,Vin-v,สมุจจยวารที่ ๘,297,298,2,8. Samuccayavāro,1246,1251,6
10,Vin-v,กัตถปัญญัติวารที่ ๑,299,298,0,1. Katthapaññattivāro,1252,1252,1
10,Vin-v,ปาราชิก,299,301,3,1. Pārājikakaṇḍaṃ,1253,1263,11
10,Vin-v,สังฆาทิเสส,302,308,7,2. Saṅghādisesakaṇḍādi,1264,1281,18
10,Vin-v,กติอาปัตติวาร ที่ ๒,309,308,0,2. Katāpattivāro,1282,1282,1
10,Vin-v,ปาราชิก,309,310,2,1. Pārājikakaṇḍaṃ,1283,1288,6
10,Vin-v,สังฆาทิเสส,311,312,2,2. Saṅghādisesakaṇḍādi,1289,1303,15
10,Vin-v,วิปัตติวาร ที่ ๓,313,313,1,3. Vipattivāro,1304,1306,3
10,Vin-v,สังคหวาร ที่ ๔,314,314,1,4. Saṅgahavāro,1307,1310,4
10,Vin-v,สมุฏฐานวารที่ ๕,315,314,0,5. Samuṭṭhānavāro,1311,1314,4
10,Vin-v,อธิกรณวารที่ ๖,315,315,1,6. Adhikaraṇavāro,1315,1318,4
10,Vin-v,สมถวารที่ ๗,316,315,0,7. Samathavāro,1319,1322,4
10,Vin-v,สมุจจัยวารที่ ๘,316,325,10,8. Samuccayavāro,1323,1330,8
10,Vin-v,ย่อหัวข้อสมุฏฐาน,326,327,2,Samuṭṭhānasīsasaṅkhepo,1331,1358,28
10,Vin-v,ปฐมปาราชิกสมุฏฐาน,328,328,1,1. Paṭhamapārājikasamuṭṭhānaṃ,1359,1369,11
10,Vin-v,ทุติยปาราชิกสมุฏฐาน,329,332,4,2. Dutiyapārājikasamuṭṭhānaṃ,1370,1390,21
10,Vin-v,สัญจริตตสมุฏฐาน,333,334,2,3. Sañcarittasamuṭṭhānaṃ,1391,1408,18
10,Vin-v,สมนุภาสสมุฏฐาน,335,336,2,4. Samanubhāsanāsamuṭṭhānaṃ,1409,1420,12
10,Vin-v,กฐินสมุฏฐาน,337,338,2,5. Kathinasamuṭṭhānaṃ,1421,1432,12
10,Vin-v,เอฬกโลมสมุฏฐาน,339,340,2,6. Eḷakalomasamuṭṭhānaṃ,1433,1447,15
10,Vin-v,ปทโสธัมมสมุฏฐาน,341,341,1,7. Padasodhammasamuṭṭhānaṃ,1448,1455,8
10,Vin-v,อัทธานสมุฏฐาน,342,342,1,8. Addhānasamuṭṭhānaṃ,1456,1465,10
10,Vin-v,เถยยสัตถสมุฏฐาน,343,343,1,9. Theyyasatthasamuṭṭhānaṃ,1466,1473,8
10,Vin-v,ธัมมเทสนาสมุฏฐาน,344,344,1,10. Dhammadesanāsamuṭṭhānaṃ,1474,1482,9
10,Vin-v,ภูตาโรจนสมุฏฐาน,345,344,0,11. Bhūtārocanasamuṭṭhānaṃ,1483,1489,7
10,Vin-v,โจรีวุฏฐาปนสมุฏฐาน,345,344,0,12. Corivuṭṭhāpanasamuṭṭhānaṃ,1490,1495,6
10,Vin-v,อนนุญาตสมุฏฐาน,345,367,23,13. Ananuññātasamuṭṭhānaṃ,1496,1507,12
10,Vin-v,กติปุจฉาวาร,368,370,3,Katipucchāvāro,1508,1541,34
10,Vin-v,สมุฏฐานแห่งอาบัติ ๖,371,393,23,1. Chaāpattisamuṭṭhānavāro,1542,1549,8
10,Vin-v,กตาปัตติวารแห่งสมุฏฐานอาบัติ ๖ ที่ ๒,394,400,7,2. Katāpattivāro,1550,1564,15
10,Vin-v,อาปัตติสมุฏฐานคาถาที่ ๓,401,407,7,3. Āpattisamuṭṭhānagāthā,1565,1625,61
10,Vin-v,อธิกรณปัจจัยวาร ที่ ๕,408,412,5,5. Adhikaraṇapaccayavāro,1626,1640,15
10,Vin-v,ปริยายวารที่ ๖,413,416,4,6. Adhikaraṇapariyāyavāro,1642,1654,13
10,Vin-v,สาธารณวาร ที่ ๗,417,417,1,7. Sādhāraṇavāro,1655,1661,7
10,Vin-v,ตัพภาคิยวาร ที่ ๘,418,418,1,8. Tabbhāgiyavāro,1662,1668,7
10,Vin-v,วารที่ ๙ ว่าด้วยสมถะทั่วไปแก่สมถะ,419,419,1,9. Samathā samathassa sādhāraṇavāro,1669,1677,9
10,Vin-v,วารที่ ๑๐ ว่าด้วยสมถะเป็นไปในส่วนนั้นแห่งสมถะ,420,420,1,10. Samathā samathassa tabbhāgiyavāro,1678,1686,9
10,Vin-v,สมถสัมมุขาวินัยวารที่ ๑๑,421,422,2,11. Samathasammukhāvinayavāro,1687,1696,10
10,Vin-v,วินัยวารที่ ๑๒,423,423,1,12. Vinayavāro,1697,1706,10
10,Vin-v,กุศลวารที่ ๑๓,424,424,1,13. Kusalavāro,1707,1721,15
10,Vin-v,จักรเปยยาล ยัตถวาร ที่ ๑๔,425,425,1,"14. Yatthavāro, pucchāvāro",1722,1733,12
10,Vin-v,สมยวาร ที่ ๑๕,426,427,2,"15. Samathavāro, vissajjanāvāro",1734,1741,8
10,Vin-v,สังสัฏฐวาร ที่ ๑๖,428,427,0,16. Saṃsaṭṭhavāro,1742,1745,4
10,Vin-v,สัมมันติวาร ที่ ๑๗,428,429,2,17. Sammativāro,1746,1762,17
10,Vin-v,สัมมันติ นสัมมันติวารที่ ๑๘,430,433,4,18. Sammanti na sammantivāro,1763,1779,17
10,Vin-v,สมถาธิกรณวารที่ ๑๙,434,436,3,19. Samathādhikaraṇavāro,1780,1805,26
10,Vin-v,สมุฏฐาเปติวาร ที่ ๒๐,437,439,3,20. Samuṭṭhāpanavāro,1806,1836,31
10,Vin-v,สมถเภท,440,441,2,Samathabhedo,1641,1641,1
10,Vin-v,ขันธกปุจฉา,442,449,8,Khandhakapucchāvāro,1837,1933,97
10,Vin-v,เอกุตตริกะ,450,449,0,Ekuttarikanayo,1934,1934,1
10,Vin-v,หมวด ๑,450,451,2,1. Ekakavāro,1935,1945,11
10,Vin-v,หมวด ๒,452,461,10,2. Dukavāro,1946,1974,29
10,Vin-v,หมวดที่ ๓,462,474,13,3. Tikavāro,1975,2006,32
10,Vin-v,หมวด ๔,475,486,12,4. Catukkavāro,2007,2033,27
10,Vin-v,หมวด ๕,487,504,18,5. Pañcakavāro,2034,2084,51
10,Vin-v,หมวด ๗,505,509,5,7. Sattakavāro,2085,2106,22
10,Vin-v,หมวด ๘,510,510,1,8. Aṭṭhakavāro,2107,2119,13
10,Vin-v,หมวด ๙,511,577,67,9. Navakavāro,2120,2170,51
10,Vin-v,อุโปสถาทิปุจฉาวิสัชนา,578,587,10,Uposathādipucchāvissajjanā,2171,2184,14
10,Vin-v,อัตถวเสปกรณ์,588,592,5,Atthavasapakaraṇaṃ,2185,2200,16
10,Vin-v,คาถาสังคณิกะ,593,593,1,Gāthāsaṅgaṇikaṃ,2201,2201,1
10,Vin-v,สิกขาบทบัญญัติ,594,625,32,1. Sattanagaresu paññattasikkhāpadaṃ,2202,2411,210
10,Vin-v,อธิกรณเภท,626,625,0,Adhikaraṇabhedo,2412,2412,1
10,Vin-v,ว่าด้วยอธิกรณ์ ๔ อย่างเป็นต้น,626,627,2,1. Ukkoṭanabhedādi,2413,2423,11
10,Vin-v,ว่าด้วยนิทานแห่งอธิกรณ์ ๔ เป็นต้น,628,629,2,2. Adhikaraṇanidānādi,2424,2430,7
10,Vin-v,ว่าด้วยมูลอธิกรณ์เป็นต้น,630,639,10,3. Adhikaraṇamūlādi,2431,2459,29
10,Vin-v,ว่าด้วยนิทานเป็นต้นแห่งสมถะ ๗,640,645,6,9. Sattasamathanidānaṃ,2460,2467,8
10,Vin-v,ว่าด้วยอรรถต่างกันเป็นต้น,646,663,18,10. Sattasamathanānatthādi,2468,2496,29
10,Vin-v,คาถาสังคณิกะอีกนัยหนึ่ง,664,663,0,Aparagāthāsaṅgaṇikaṃ,2497,2497,1
10,Vin-v,เรื่องโจทเป็นต้น,664,673,10,1. Codanādipucchāvissajjanā,2498,2552,55
10,Vin-v,โจทนากัณฑ์,674,673,0,Codanākaṇḍaṃ,2553,2553,1
10,Vin-v,ข้อซักถามของภิกษุผู้วินิจฉัยอธิกรณ์,674,676,3,1. Anuvijjakaanuyogo,2554,2567,14
10,Vin-v,ข้อปฏิบัติของโจทก์และจำเลยเป็นต้น,677,686,10,2. Codakādipaṭipatti,2568,2645,78
10,Vin-v,จูฬสงคราม,687,686,0,Cūḷasaṅgāmo,2646,2646,1
10,Vin-v,ข้อปฏิบัติของภิกษุผู้เข้าสงคราม,687,702,16,1. Anuvijjakassapaṭipatti,2647,2675,29
10,Vin-v,มหาสงคราม,703,702,0,Mahāsaṅgāmo,2676,2676,1
10,Vin-v,ว่าด้วยการรู้วัตถุ,703,706,4,1. Voharantena jānitabbādi,2677,2688,12
10,Vin-v,ว่าด้วยไม่ถึงฉันทาคติ,707,712,6,2. Agatiagantabbo,2689,2702,14
10,Vin-v,ว่าด้วยให้เข้าใจ,713,714,2,4. Saññāpanīyādi,2703,2707,5
10,Vin-v,ว่าด้วยดูหมิ่นพรรคพวกอื่น,715,716,2,5. Parapakkhādiavajānanaṃ,2708,2713,6
10,Vin-v,ข้อปฏิบัติของภิกษุผู้วินิจฉัยอธิกรณ์,717,725,9,6. Anuvijjakassa anuyogaṃ,2714,2739,26
10,Vin-v,กฐินเภท,726,725,0,Kathinabhedo,2740,2740,1
10,Vin-v,ว่าด้วยกฐินไม่เป็นอันกรานเป็นต้น,726,729,4,1. Kathinaatthatādi,2741,2751,11
10,Vin-v,ธรรมที่เป็นปัจจัยแห่งประโยคเป็นต้น,730,735,6,3. Pubbakaraṇanidānādivibhāgo,2752,2767,16
10,Vin-v,สงเคราะห์ธรรม,736,736,1,4. Kathinādijānitabbavibhāgo,2768,2780,13
10,Vin-v,องค์ของภิกษุผู้ กรานกฐิน,737,741,5,5. Puggalassevakathinatthāro,2781,2782,2
10,Vin-v,แก้ปัญหาปลิโพธในมาติกา ๘,742,753,12,6. Palibodhapañhābyākaraṇaṃ,2783,2830,48
10,Vin-v,อุปาลิปัญจกะ,754,753,0,Upālipañcakaṃ,2831,2831,1
10,Vin-v,อนิสสิตวรรคที่ ๑,754,762,9,1. Anissitavaggo,2832,2855,24
10,Vin-v,นัปปฏิปัสสัมภนวรรค ที่ ๒,763,769,7,2. Nappaṭippassambhanavaggo,2856,2874,19
10,Vin-v,โวหารวรรคที่ ๓,770,780,11,3. Vohāravaggo,2875,2892,18
10,Vin-v,ทิฏฐาวิกรรมวรรคที่ ๔,781,791,11,4. Diṭṭhāvikammavaggo,2893,2917,25
10,Vin-v,อัตตาทานวรรค ที่ ๕,792,804,13,5. Attādānavaggo,2918,2951,34
10,Vin-v,ธุดงควรรคที่ ๖,805,806,2,6. Dhutaṅgavaggo,2952,2959,8
10,Vin-v,มุสาวาท,807,813,7,7. Musāvādavaggo,2960,2976,17
10,Vin-v,ภิกขุนีโอวาทวรรคที่ ๘,814,821,8,8. Bhikkhunovādavaggo,2977,2996,20
10,Vin-v,อุพพาหิกวรรคที่ ๙,822,832,11,9. Ubbāhikavaggo,2997,3014,18
10,Vin-v,อธิกรณวูปสมวรรคที่ ๑๐,833,842,10,10. Adhikaraṇavūpasamavaggo,3015,3031,17
10,Vin-v,สังฆเภทวรรที่ ๑๑,843,846,4,11. Saṅghabhedakavaggo,3032,3045,14
10,Vin-v,ทุติยสังฆเภทวรรค ที่ ๑๒,847,850,4,12. Dutiyasaṅghabhedakavaggo,3046,3061,16
10,Vin-v,อาวาสิกวรรค ที่ ๑๓,851,881,31,13. Āvāsikavaggo,3062,3095,34
10,Vin-v,ปาราชิก ๔,882,882,1,1. Pārājikaṃ,3096,3102,7
10,Vin-v,สังฆาทิเสส ๑๓,883,890,8,2. Saṅghādisesaṃ,3103,3131,29
10,Vin-v,ทุติยคาถาสังคณิกะ,891,890,0,Dutiyagāthāsaṅgaṇikaṃ,3132,3132,1
10,Vin-v,อาบัติทางกายเป็นต้น,891,909,19,1. Kāyikādiāpatti,3133,3316,184
10,Vin-v,กรรม ๑๖ อย่าง,910,937,28,5. Soḷasakammādi,3317,3369,53
10,Vin-v,เสทโมจนคาถา,938,956,19,Sedamocanagāthā,3370,3565,196
10,Vin-v,ปัญจวรรค,957,956,0,Pañcavaggo,3566,3566,1
10,Vin-v,กรรมวรรค ที่ ๑,957,969,13,1. Kammavaggo,3567,3584,18
10,Vin-v,อรรถวสวรรคที่ ๒,970,972,3,2. Atthavasavaggo,3585,3587,3
10,Vin-v,ปัญญัติวรรคที่ ๓,973,973,1,3. Paññattavaggo,3588,3590,3
10,Vin-v,ปัญญัติวรรค ที่ ๔,974,975,2,4. Apaññatte paññattavaggo,3591,3593,3
10,Vin-v,นวสังคหวรรค ที่ ๕,976,,,5. Navasaṅgahavaggo,3594,,
11,D-i,ทีฆนิกาย สีลขันธวรรค,1,0,0,(DN) Sīlakkhandhavaggapāḷi,3,3,1
11,D-i,๑. พรหมชาลสูตร,1,3,3,1. Brahmajālasuttaṃ,4,11,8
11,D-i,จุลศีล,4,6,3,Cūḷasīlaṃ,12,40,29
11,D-i,มัชฌิมศีล,7,10,4,Majjhimasīlaṃ,41,52,12
11,D-i,มหาศีล,11,14,4,Mahāsīlaṃ,53,62,10
11,D-i,ทิฏฐิ ๖๒,15,15,1,Pubbantakappikā,63,65,3
11,D-i,สัสสตทิฏฐิ ๔,16,21,6,Sassatavādo,66,78,13
11,D-i,เอกัจจสัสสตทิฏฐิ ๔,22,28,7,Ekaccasassatavādo,79,98,20
11,D-i,อันตานันติกทิฏฐิ ๔,29,32,4,Antānantavādo,99,110,12
11,D-i,อมราวิกเขปิกทิฏฐิ ๔,33,37,5,Amarāvikkhepavādo,111,117,7
11,D-i,อธิจจสมุปปันนิกทิฏฐิ ๒,38,40,3,Adhiccasamuppannavādo,118,126,9
11,D-i,อปรันตกัปปิกทิฏฐิ ๔๔,41,41,1,Aparantakappikā,127,128,2
11,D-i,สัญญีทิฏฐิ ๑๖,42,43,2,Saññīvādo,129,132,4
11,D-i,อสัญญีทิฏฐิ ๘,44,45,2,Asaññīvādo,133,136,4
11,D-i,เนวสัญญีนาสัญญีทิฏฐิ ๘,46,47,2,Nevasaññīnāsaññīvādo,137,140,4
11,D-i,อุจเฉททิฏฐิ ๗,48,51,4,Ucchedavādo,141,150,10
11,D-i,ทิฏฐธรรมนิพพานทิฏฐิ ๕,52,55,4,Diṭṭhadhammanibbānavādo,151,163,13
11,D-i,ฐานะของผู้ถือทิฏฐิ,56,287,232,Paritassitavipphanditavāro,164,216,53
11,D-i,๒. สามัญญผลสูตร,288,308,21,2. Sāmaññaphalasuttaṃ,217,277,61
11,D-i,จุลศีล,309,310,2,Cūḷasīlaṃ,278,287,10
11,D-i,มัชฌิมศีล,311,314,4,Majjhimasīlaṃ,288,299,12
11,D-i,มหาศีล,315,318,4,Mahāsīlaṃ,300,309,10
11,D-i,อินทรีย์สังวร,319,496,178,Indriyasaṃvaro,310,368,59
11,D-i,๓. อัมพัฏฐสูตร,497,497,1,3. Ambaṭṭhasuttaṃ,369,372,4
11,D-i,เรื่องอัมพัฏฐามาณพ,498,504,7,Ambaṭṭhamāṇavo,373,401,29
11,D-i,วงศ์ของอัมพัฏฐมาณพ,505,511,7,Ambaṭṭhavaṃsakathā,402,421,20
11,D-i,วิชชาจรณสัมปทา,512,516,5,Vijjācaraṇakathā,422,441,20
11,D-i,ฤาษีบุรพาจารย์ของพราหมณ์,517,518,2,Pubbakaisibhāvānuyogo,442,457,16
11,D-i,โปกขรสาติพราหมณ์,519,522,4,Pokkharasātibuddhupasaṅkamanaṃ,458,465,8
11,D-i,พราหมณ์โปกขรสาติแสดงตนเป็นอุบาสก,523,,,Pokkharasātiupāsakattapaṭivedanā,466,468,3
11,Sv-i,อรรถกถาทีฆนิกาย สีลขันธวรรค,68,69,2,(DN) Sīlakkhandhavaggaṭṭhakathā,3,37,35
11,Sv-i,นิทานกถา,70,109,40,Nidānakathā,38,198,161
11,Sv-i,อรรถกถาพรหมชาลสูตร,110,109,0,1. Brahmajālasuttavaṇṇanā,199,199,1
11,Sv-i,แก้อรรถบท เอวํ,110,112,3,Paribbājakakathāvaṇṇanā,200,199,0
11,Sv-i,แก้อรรถบท เม,113,113,1,Paribbājakakathāvaṇṇanā,200,199,0
11,Sv-i,แก้อรรถบทว่า สุตํ,114,114,1,Paribbājakakathāvaṇṇanā,200,199,0
11,Sv-i,แก้อรรถ เอวมฺเม สุตํ,115,117,3,Paribbājakakathāvaṇṇanā,200,199,0
11,Sv-i,อีกนัยหนึ่ง,118,120,3,Paribbājakakathāvaṇṇanā,200,199,0
11,Sv-i,แก้อรรถบท เอกํ สมยํ,121,125,5,Paribbājakakathāvaṇṇanā,200,199,0
11,Sv-i,แก้อรรถบท ภควา,126,126,1,Paribbājakakathāvaṇṇanā,200,199,0
11,Sv-i,แก้อรรถบท เอวมฺเม สุตํ เอกํ สมยํ ภควา,127,127,1,Paribbājakakathāvaṇṇanā,200,199,0
11,Sv-i,แก้อรรถคำ อนฺตรา จ ราชคหํ อนฺตรา จ นาลนฺทํ,128,128,1,Paribbājakakathāvaṇṇanā,200,199,0
11,Sv-i,แก้อรรถบท อทฺธานมคฺคปฏิปนฺโน โหติ เป็นต้น,129,132,4,Paribbājakakathāvaṇṇanā,200,199,0
11,Sv-i,อธิบาย วณฺณ ศัพท์,133,139,7,Paribbājakakathāvaṇṇanā,200,199,0
11,Sv-i,สุปปิยปริพาชกพบพระผู้มีพระภาคเจ้า,140,141,2,Paribbājakakathāvaṇṇanā,200,199,0
11,Sv-i,อธิบายคำว่าภิกษุหลายรูปและคำว่าสงฆ์,142,146,5,Paribbājakakathāvaṇṇanā,200,199,0
11,Sv-i,พรรณนาพุทธกิจ ๕ ประการ,147,155,9,Paribbājakakathāvaṇṇanā,200,199,0
11,Sv-i,พรรณนาเหตุที่ตั้งพระสูตร,156,163,8,Paribbājakakathāvaṇṇanā,200,199,0
11,Sv-i,พรรณนาอนุสนธิเริ่มต้น,164,166,3,Paribbājakakathāvaṇṇanā,200,199,0
11,Sv-i,ศีลยังไม่ถึงสมาธิ เป็นอย่างไร ?,167,169,3,Paribbājakakathāvaṇṇanā,200,199,0
11,Sv-i,อธิบายคำว่า ปุถุชน,170,170,1,Paribbājakakathāvaṇṇanā,200,199,0
11,Sv-i,คำว่า ตถาคต มีความหมาย ๘ อย่าง,171,183,13,Paribbājakakathāvaṇṇanā,200,199,0
11,Sv-i,อธิบายคำ ปุจฉา,184,185,2,Paribbājakakathāvaṇṇanā,200,322,123
11,Sv-i,วรรณนาจุลศีล,186,186,1,Cūḷasīlavaṇṇanā,323,322,0
11,Sv-i,ปาณาติบาตนั้น มีองค์ ๕ คือ,187,189,3,Cūḷasīlavaṇṇanā,323,322,0
11,Sv-i,อทินนาทานนั้น มีองค์ ๕ คือ,190,191,2,Cūḷasīlavaṇṇanā,323,322,0
11,Sv-i,มุสาวาทนั้น มีองค์ ๔ คือ,192,193,2,Cūḷasīlavaṇṇanā,323,322,0
11,Sv-i,ปิสุณาวาจานั้น มีองค์ ๔ คือ,194,195,2,Cūḷasīlavaṇṇanā,323,322,0
11,Sv-i,เรื่องวาจาหยาบ แต่ใจไม่หยาบ,196,196,1,Cūḷasīlavaṇṇanā,323,322,0
11,Sv-i,ผรุสวาจานั้น มีองค์ ๓ คือ,197,197,1,Cūḷasīlavaṇṇanā,323,322,0
11,Sv-i,สัมผัปปลาบนั้น มีองค์ ๒ คือ,198,203,6,Cūḷasīlavaṇṇanā,323,322,0
11,Sv-i,การรับสินจ้างเป็นต้น มีวินิจฉัยดังต่อไปนี้,204,204,1,Cūḷasīlavaṇṇanā,323,322,0
11,Sv-i,ในการตัดเป็นต้น มีวินิจฉัยดังต่อไปนี้,205,205,1,Cūḷasīlavaṇṇanā,323,471,149
11,Sv-i,วรรณนามัชฌิมศีล,206,208,3,Majjhimasīlavaṇṇanā,472,471,0
11,Sv-i,ในการสะสมที่นอน มีวินิจฉัยดังต่อไปนี้,209,209,1,Majjhimasīlavaṇṇanā,472,471,0
11,Sv-i,ในการดูที่เป็นข้าศึก มีวินิจฉัยดังต่อไปนี้,210,215,6,Majjhimasīlavaṇṇanā,472,471,0
11,Sv-i,ในเรื่องอบตัวเป็นต้น มีวินิจฉัยดังต่อไปนี้,216,216,1,Majjhimasīlavaṇṇanā,472,471,0
11,Sv-i,ในเรื่องประดับข้อมือเป็นต้น มีวินิจฉัยดังต่อไปนี้,217,218,2,Majjhimasīlavaṇṇanā,472,471,0
11,Sv-i,ก็ในเรื่องญาติเป็นต้น มีวินิจฉัยดังต่อไปนี้,219,220,2,Majjhimasīlavaṇṇanā,472,471,0
11,Sv-i,ในเรื่องการทำตัวเป็นทูต มีวินิจฉัยดังต่อไปนี้,221,221,1,Majjhimasīlavaṇṇanā,472,471,0
11,Sv-i,ในบทว่า กุหกา เป็นต้น มีวินิจฉัยดังต่อไปนี้,222,221,0,Majjhimasīlavaṇṇanā,472,502,31
11,Sv-i,เบื้องหน้าแต่นี้ไป เป็นมหาศีล,222,224,3,Mahāsīlavaṇṇanā,503,502,0
11,Sv-i,ในการทายลักษณะแก้วมณีเป็นต้น มีอธิบายดังนี้,225,234,10,Mahāsīlavaṇṇanā,503,516,14
11,Sv-i,ฐานะ ๔ ประการอะไรบ้าง ?,235,271,37,Pubbantakappikasassatavādavaṇṇanā,517,608,92
11,Sv-i,ก็พระสูตรมีอนุสนธิ ๓ อย่าง คือ,272,284,13,Vivaṭṭakathādivaṇṇanā,609,608,0
11,Sv-i,พึงทราบแผ่นดินไหวด้วยเหตุ ๘ ประการ คือ,285,336,52,Vivaṭṭakathādivaṇṇanā,609,636,28
11,Sv-i,๒. อรรถกถาสามัญญผลสูตร,337,483,147,2. Sāmaññaphalasuttavaṇṇanā,637,987,351
11,Sv-i,ก็ในประเภทแห่งสรณคมน์ มีวินิจฉัยดังต่อไปนี้,484,524,41,Saraṇagamanakathā,988,1030,43
11,Sv-i,อรรถกถาอัมพัฏฐสูตร,525,,,3. Ambaṭṭhasuttavaṇṇanā,1031,1162,132
12,D-i,โสณทัณฑสูตร,1,0,0,4. Soṇadaṇḍasuttaṃ,469,469,1
12,D-i,เสด็จนครจัมปา,1,1,1,Campeyyakabrāhmaṇagahapatikā,470,473,4
12,D-i,โสณทัณฑพราหมณ์เข้าเฝ้า,2,3,2,Soṇadaṇḍaguṇakathā,474,487,14
12,D-i,พระพุทธคุณ,4,8,5,Buddhaguṇakathā,488,523,36
12,D-i,พราหมณ์บัญญัติ,9,12,4,Brāhmaṇapaññatti,524,534,11
12,D-i,อ้างอังคกมาณพ,13,14,2,Sīlapaññākathā,535,537,3
12,D-i,โสณทัณฑพราหมณ์แสดงตนเป็นอุบาสก,15,39,25,Soṇadaṇḍaupāsakattapaṭivedanā,538,543,6
12,D-i,๕. กูฏทันตสูตร,40,40,1,5. Kūṭadantasuttaṃ,544,567,24
12,D-i,พระพุทธคุณ,41,46,6,Buddhaguṇakathā,568,599,32
12,D-i,ยัญของพระเจ้ามหาวิชิตราช,47,51,5,Mahāvijitarājayaññakathā,600,615,16
12,D-i,ยัญสัมปทา ๓ มีบริวาร ๑๖,52,63,12,Soḷasa ākārā,616,628,13
12,D-i,นิตยทาน,64,65,2,Niccadānaanukulayaññaṃ,629,651,23
12,D-i,สรณคมน์,66,66,1,Kūṭadantaupāsakattapaṭivedanā,652,651,0
12,D-i,การสมาทานศีล ๕,67,68,2,Kūṭadantaupāsakattapaṭivedanā,652,653,2
12,D-i,กูฏทันตพราหมณ์บรรลุโสดาปัตติผล,69,92,24,Sotāpattiphalasacchikiriyā,654,660,7
12,D-i,๖. มหาลิสูตร,93,112,20,6. Mahālisuttaṃ,661,691,31
12,D-i,๗. ชาลิยสูตร,113,203,91,7. Jāliyasuttaṃ,692,851,160
12,D-i,๑๐. สุภสูตร,204,206,3,10. Subhasuttaṃ,852,861,10
12,D-i,จุลศีล,207,227,21,Sīlakkhandho,862,914,53
12,D-i,๑๑ เกวัฏฏสูตร,228,243,16,11. Kevaṭṭasuttaṃ,915,964,50
12,D-i,๑๒ โลหิจจสูตร,244,258,15,12. Lohiccasuttaṃ,965,991,27
12,D-i,เตวิชชสูตร,259,,,13. Tevijjasuttaṃ,992,,
12,Sv-i,อรรถกถาโสณทัณฑสูตร,18,70,53,4. Soṇadaṇḍasuttavaṇṇanā,1163,1218,56
12,Sv-i,อรรถกถากูฏทันตสูตร,71,102,32,5. Kūṭadantasuttavaṇṇanā,1219,1270,52
12,Sv-i,อรรถกถามหาลิสูตร,103,114,12,6. Mahālisuttavaṇṇanā,1271,1295,25
12,Sv-i,อรรถกถาชาลิสูตร,115,135,21,7. Jāliyasuttavaṇṇanā,1296,1304,9
12,Sv-i,อรรถกถามหาสีหนาทสูตร,136,178,43,8. Mahāsīhanādasuttavaṇṇanā,1305,1357,53
12,Sv-i,อรรถกถาโปฏฐปาทสูตร,179,222,44,9. Poṭṭhapādasuttavaṇṇanā,1358,1414,57
12,Sv-i,อรรถกถาสุภสูตร,223,235,13,10. Subhasuttavaṇṇanā,1415,1433,19
12,Sv-i,อรรถกถาเกวัฏฏสูตร,236,253,18,11. Kevaṭṭasuttavaṇṇanā,1434,1459,26
12,Sv-i,อรรถกถาโลหิจจสูตร,254,274,21,12. Lohiccasuttavaṇṇanā,1460,1477,18
12,Sv-i,อรรถกถาเตวิชชสูตร,275,,,13. Tevijjasuttavaṇṇanā,1478,,
13,D-ii,ทีฆนิกาย มหาวรรค,1,0,0,(DN) Mahāvaggapāḷi,3,3,1
13,D-ii,๑. มหาปทานสูตร,1,0,0,1. Mahāpadānasuttaṃ,4,4,1
13,D-ii,เรื่องภิกษุหลายรูปประชุมกัน,1,11,11,Pubbenivāsapaṭisaṃyuttakathā,5,37,33
13,D-ii,ว่าด้วยพระโพธิสัตว์,12,17,6,Bodhisattadhammatā,38,54,17
13,D-ii,ว่าด้วยมหาปุริสลักษณะ ๓๒ ประการ,18,20,3,Dvattiṃsamahāpurisalakkhaṇā,55,90,36
13,D-ii,เรื่องพระเจ้าพันธุมราช,21,27,7,Vipassīsamaññā,91,98,8
13,D-ii,พระวิปัสสีราชกุมารเห็นเทวทูต,28,31,4,Jiṇṇapuriso,99,118,20
13,D-ii,พระวิปัสสีราชกุมารทรงผนวช,32,33,2,Bodhisattapabbajjā,119,124,6
13,D-ii,พระวิปัสสีทรงพิจารณาปฏิจจสมุปบาท,34,40,7,Bodhisattaabhiniveso,125,152,28
13,D-ii,ว่าด้วยการอาราธนาของพรหม,41,44,4,Brahmayācanakathā,153,184,32
13,D-ii,เรื่องคู่พระสาวกขัณฑะและติสสะ,45,46,2,Aggasāvakayugaṃ,185,191,7
13,D-ii,"เรื่องบรรพชิต ๘๔,๐๐๐ รูป",47,51,5,Mahājanakāyapabbajjā,192,201,10
13,D-ii,ส่งพระสาวกไปประกาศพระศาสนา,52,164,113,Cārikāanujānanaṃ,202,228,27
13,D-ii,๒. มหานิทานสูตร,165,164,0,2. Mahānidānasuttaṃ,229,229,1
13,D-ii,ปฏิจจสมุปปาทกถา,165,175,11,Paṭiccasamuppādo,230,260,31
13,D-ii,อัตตบัญญัติกถา,176,176,1,Attapaññatti,261,266,6
13,D-ii,กถาว่าด้วยการไม่บัญญัติอัตตา,177,177,1,Naattapaññatti,267,272,6
13,D-ii,อัตตสมนุปัสสนากถา,178,180,3,Attasamanupassanā,273,279,7
13,D-ii,สัตตวัญญาณัฎฐิกถา ทวายตนกถา,181,182,2,Satta viññāṇaṭṭhiti,280,282,3
13,D-ii,อัฏฐวิโมกขกถา,183,232,50,Aṭṭha vimokkhā,283,286,4
13,D-ii,๓. มหาปรินิพพานสูตร,233,232,0,3. Mahāparinibbānasuttaṃ,287,289,3
13,D-ii,เรื่อง พระเจ้าอชาตศัตรูประสงค์ปราบแคว้นวัชชี,233,234,2,Vassakārabrāhmaṇo,290,291,2
13,D-ii,กถาว่าด้วยอปริหานิยธรรมของเจ้าวัชชี ๗,235,238,4,Rājaaparihāniyadhammā,292,302,11
13,D-ii,ภิกขุอปริหานิยธรรม ๗,239,247,9,Bhikkhuaparihāniyadhammā,303,339,37
13,D-ii,พระสารีบุตรมาเฝ้า,248,252,5,Sāriputtasīhanādo,340,347,8
13,D-ii,โทษ ๕ ประการของศีลวิบัต,253,253,1,Dussīlaādīnavā,348,354,7
13,D-ii,อานิสงส์ ๕ ประการของศีลสัมปทา,254,254,1,Sīlavanttaānisaṃsā,355,361,7
13,D-ii,บ้านปาฏลิคาม,255,261,7,Pāṭaliputtanagaramāpanaṃ,362,384,23
13,D-ii,คติภายหน้าของผู้ทำกาละแล้ว,262,262,1,Anāvattidhammasambodhiparāyaṇā,385,387,3
13,D-ii,แว่นธรรม,263,267,5,Dhammādāsadhammapariyāyā,388,400,13
13,D-ii,นางอัมพปาลีคณิกามาเฝ้า,268,271,4,Ambapālīgaṇikā,401,405,5
13,D-ii,เวฬุวคาม,272,277,6,Veḷuvagāmavassūpagamanaṃ,406,413,8
13,D-ii,มารทูลขอให้ปรินิพพาน,278,278,1,Mārayācanakathā,414,420,7
13,D-ii,ทรงปลงอายุสังขาร,279,279,1,Āyusaṅkhāraossajjanaṃ,421,424,4
13,D-ii,เหตุทำให้แผ่นดินไหว ๘ อย่าง,280,281,2,Mahābhūmicālahetu,425,435,11
13,D-ii,บริษัท ๘,282,282,1,Aṭṭha parisā,436,437,2
13,D-ii,อภิภายตนะ ๘ อย่าง,283,283,1,Aṭṭha abhibhāyatanāni,438,446,9
13,D-ii,วิโมกข์ ๘ อย่าง,284,292,9,Aṭṭha vimokkhā,447,483,37
13,D-ii,เรื่องมหาปเทส ๔ อย่าง,293,295,3,Catumahāpadesakathā,484,490,7
13,D-ii,เรื่องนายจุนทกัมมารบุตร,296,298,3,Kammāraputtacundavatthu,491,504,14
13,D-ii,ปุกกุสมัลลบุตร,299,306,8,Pukkusamallaputtavatthu,505,540,36
13,D-ii,เรื่องอุปวาณเถระ,307,307,1,Upavāṇatthero,541,545,5
13,D-ii,สังเวชนียสถาน ๔ ตำบล,308,308,1,Catusaṃvejanīyaṭṭhānāni,546,549,4
13,D-ii,วิธีปฏิบัติในสตรี และพระพุทธสรีระ,309,309,1,Ānandapucchākathā,550,553,4
13,D-ii,ถูปารหบุคคล ๔,310,310,1,Thūpārahapuggalo,554,559,6
13,D-ii,ประทานโอวาทแก่พระอานนท์,311,314,4,Ānandaacchariyadhammo,560,568,9
13,D-ii,แจ้งข่าวมัลลกษัตริย์,315,316,2,Mallānaṃ vandanā,569,570,2
13,D-ii,เรื่องสุภัททปริพาชก,317,321,5,Subhaddaparibbājakavatthu,571,584,14
13,D-ii,พระปัจฉิมวาจา,322,321,0,Tathāgatapacchimavācā,585,588,4
13,D-ii,ปรินิพพาน,322,328,7,Parinibbutakathā,589,619,31
13,D-ii,เรื่องพระมหากัสสปเถระ,329,332,4,Mahākassapattheravatthu,620,625,6
13,D-ii,การแบ่งพระสรีระธาตุ,333,334,2,Sarīradhātuvibhājanaṃ,626,645,20
13,D-ii,พุทธสารีริกธาตุ,335,472,138,Dhātuthūpapūjā,646,662,17
13,D-ii,๔. มหาสุทัสสนสูตร,473,472,0,4. Mahāsudassanasuttaṃ,663,665,3
13,D-ii,เรื่องพระเจ้าจักพรรดิมหาสุทัสสนะ,473,474,2,Kusāvatīrājadhānī,666,668,3
13,D-ii,กถาว่าด้วยการปรากฏแห่งจักรรัตนะ,475,476,2,Cakkaratanaṃ,669,672,4
13,D-ii,กถาว่าด้วยการปรากฏของหัตถิรัตนะเป็นต้น,477,479,3,Hatthiratanaṃ,673,685,13
13,D-ii,กถาว่าด้วยฤทธิ ๔,480,480,1,Catuiddhisamannāgato,686,691,6
13,D-ii,การสร้างสระโบกขรณี,481,486,6,Dhammapāsādapokkharaṇī,692,711,20
13,D-ii,การเข้าปฐมฌานเป็นต้น,487,489,3,Jhānasampatti,712,719,8
13,D-ii,กถาว่าด้วยพระนางสุภัททาเทวี,490,497,8,Subhaddādeviupasaṅkamanaṃ,720,727,8
13,D-ii,พระเจ้ามหาสุทัสสนะสวรรคต,498,528,31,Brahmalokūpagamaṃ,728,736,9
13,D-ii,๕. ชนวสภสูตร,529,528,0,5. Janavasabhasuttaṃ,737,737,1
13,D-ii,คติพยากรณ์ เรื่องผู้บำรุงชาวบ้านนาทิกะ,529,529,1,Nātikiyādibyākaraṇaṃ,738,741,4
13,D-ii,ปริวิตกของพระอานนทเถระ,530,531,2,Ānandaparikathā,742,746,5
13,D-ii,ว่าด้วยชนวสภะ,532,536,5,Janavasabhayakkho,747,768,22
13,D-ii,ว่าด้วยสนังกุมารพรหม,537,539,3,Sanaṅkumārakathā,769,788,20
13,D-ii,ว่าด้วยอานิสงส์แห่งอิทธิบาท,540,540,1,Bhāvitaiddhipādo,789,791,3
13,D-ii,ว่าด้วยการบรรลุโอกาส ๓,541,542,2,Tividho okāsādhigamo,792,795,4
13,D-ii,ว่าด้วยสติปัฏฐาน,543,543,1,Catusatipaṭṭhānaṃ,796,797,2
13,D-ii,ว่าด้วยบริขารแห่งสมาธิ,544,,,Satta samādhiparikkhārā,798,806,9
13,Sv-ii,สุมังคลวิลาสีนี,69,68,0,(DN) Mahāvaggaṭṭhakathā,3,3,1
13,Sv-ii,อรรถกถามหาปทานสูตร,69,184,116,1. Mahāpadānasuttavaṇṇanā,4,281,278
13,Sv-ii,อรรถกถามหานิทานสูตร,185,336,152,2. Mahānidānasuttavaṇṇanā,282,419,138
13,Sv-ii,อรรถกถามหาปรินิพพานสูตร,337,500,164,3. Mahāparinibbānasuttavaṇṇanā,420,816,397
13,Sv-ii,อรรถถกถามหาสุทัสสนสูตร,501,547,47,4. Mahāsudassanasuttavaṇṇanā,817,910,94
13,Sv-ii,อรรถกถาชนวสภสูตร,548,,,5. Janavasabhasuttavaṇṇanā,911,957,47
14,D-ii,๖. มหาโควินทสูตร,1,0,0,Mahāgovindasuttaṃ,807,808,2
14,D-ii,เรื่องปัญจสิขะ คนธรรพบุตร,1,1,1,Devasabhā,809,808,0
14,D-ii,คาถาอนุโมทนา,2,2,1,Devasabhā,809,821,13
14,D-ii,ว่าด้วยพระคุณ ๘ ประการ,3,8,6,Aṭṭha yathābhuccavaṇṇā,822,837,16
14,D-ii,คาถาอนุโมทนาของสนังกุมารพรหม,9,9,1,Sanaṅkumārakathā,838,837,0
14,D-ii,เสียงของสนังกุมารพรหม,10,10,1,Sanaṅkumārakathā,838,837,0
14,D-ii,พระคุณ ๘ ของพระผู้มีพระภาคเจ้า,11,13,3,Aṭṭha yathābhuccavaṇṇā,850,860,11
14,D-ii,เรื่องพระเจ้าทิสัมบดี,14,14,1,Govindabrāhmaṇavatthu,861,862,2
14,D-ii,ชื่อมหาโควินท์,15,14,0,Mahāgovindavatthu,863,864,2
14,D-ii,เรื่องเรณุราชบุตร,15,16,2,Rajjasaṃvibhajanaṃ,865,864,0
14,D-ii,พระเจ้าเรณุได้รับอภิเษก,17,18,2,Rajjasaṃvibhajanaṃ,865,876,12
14,D-ii,เกียรติศัพท์อันงามของมหาโควินท์,19,19,1,Kittisaddaabbhuggamanaṃ,877,938,62
14,D-ii,มหาโควินท์เข้าเฝ้า ๖ กษัตริย์,20,22,3,Cha khattiyaāmantanā,939,955,17
14,D-ii,ว่าด้วยการปรากฏของสนังกุมารพรหม,23,22,0,Sanaṅkumārakathā,838,849,12
14,D-ii,ว่าด้วยปฏิปทาให้ถึงพรหมโลก,23,24,2,Mahāgovindapabbajjā,956,955,0
14,D-ii,ข้อปฏิบัติให้ถึงพรหมโลก,25,25,1,Mahāgovindapabbajjā,956,955,0
14,D-ii,มหาโควินท์ทูลลาบวช,26,29,4,Mahāgovindapabbajjā,956,955,0
14,D-ii,การอำลาของมหาโควินท์,30,32,3,Mahāgovindapabbajjā,956,955,0
14,D-ii,การบวชของมหาโควินท์,33,33,1,Mahāgovindapabbajjā,956,955,0
14,D-ii,การเจริญอัปปมัญญา ๔,34,34,1,Mahāgovindapabbajjā,956,955,0
14,D-ii,ว่าด้วยอัฏฐังคิกมรรค,35,72,38,Mahāgovindapabbajjā,956,964,9
14,D-ii,๗. มหาสมัยสูตร,73,72,0,Mahāsamayasuttaṃ,965,978,14
14,D-ii,เรื่องเทวสันนิบาต,73,74,2,Devatāsannipātā,979,978,0
14,D-ii,ทรงประกาศนามเทวดา,75,76,2,Devatāsannipātā,979,978,0
14,D-ii,ชื่อพวกเทพ จตุโลกบาล,77,78,2,Devatāsannipātā,979,978,0
14,D-ii,บ่าวของท้าวโลกบาล,79,80,2,Devatāsannipātā,979,978,0
14,D-ii,เทวนิกาย ๖๐,81,83,3,Devatāsannipātā,979,978,0
14,D-ii,พวกพรหม,84,120,37,Devatāsannipātā,979,1129,151
14,D-ii,๘. สักกปัญหสูตร,121,120,0,Sakkapañhasuttaṃ,1130,1134,5
14,D-ii,เรื่อง ท้าวสักกะกับปัญจสิขคนธรรพบุตร,121,126,6,Pañcasikhagītagāthā,1135,1175,41
14,D-ii,เรื่องศากยธิดาโคปิกา,127,131,5,Gopakavatthu,1176,1267,92
14,D-ii,ทรงแก้ปัญหาท้าวสักกะ,132,137,6,Vedanākammaṭṭhānaṃ,1268,1267,0
14,D-ii,ว่าด้วยสมณพราหมณ์พวกอื่น,138,138,1,Vedanākammaṭṭhānaṃ,1268,1267,0
14,D-ii,ว่าด้วยเทวาสุรสงคราม,139,141,3,Vedanākammaṭṭhānaṃ,1268,1295,28
14,D-ii,ท้าวสักกะเปล่งอุทาน - ได้ธรรมจักษุ,142,208,67,Somanassapaṭilābhakathā,1296,1340,45
14,D-ii,๙. มหาสติปัฏฐานสูตร,209,208,0,Mahāsatipaṭṭhānasuttaṃ,1341,1342,2
14,D-ii,กถาว่าด้วยอุทเทสวาร,209,209,1,Uddeso,1343,1346,4
14,D-ii,กายานุปัสสนา อานาปานบรรพ,210,210,1,Kāyānupassanā ānāpānapabbaṃ,1347,1350,4
14,D-ii,อิริยาบถบรรพ,211,211,1,Kāyānupassanā iriyāpathapabbaṃ,1351,1353,3
14,D-ii,สัมปชัญญบรรพ,212,212,1,Kāyānupassanā sampajānapabbaṃ,1354,1356,3
14,D-ii,ปฏิกูลมนสิการบรรพ,213,213,1,Kāyānupassanā paṭikūlamanasikārapabbaṃ,1357,1361,5
14,D-ii,ธาตุมนสิการบรรพ,214,214,1,Kāyānupassanā dhātumanasikārapabbaṃ,1362,1366,5
14,D-ii,นวสีวถิกาบรรพ,215,220,6,Kāyānupassanā navasivathikapabbaṃ,1367,1376,10
14,D-ii,เวทนานุปัสสนา,221,221,1,Vedanānupassanā,1377,1379,3
14,D-ii,จิตตานุปัสสนา,222,224,3,Cittānupassanā,1380,1391,12
14,D-ii,ขันธบรรพ,225,225,1,Dhammānupassanā khandhapabbaṃ,1392,1394,3
14,D-ii,อายตนบรรพ,226,228,3,Dhammānupassanā āyatanapabbaṃ,1395,1404,10
14,D-ii,โพชฌงคบรรพ,229,231,3,Dhammānupassanā bojjhaṅgapabbaṃ,1405,1414,10
14,D-ii,สัจจบรรพ - ทุกขอริยสัจ,232,235,4,Dhammānupassanā saccapabbaṃ,1415,1431,17
14,D-ii,ทุกขสมุทัยอริยสัจ,236,242,7,Samudayasaccaniddeso,1432,1444,13
14,D-ii,ทุกขนิโรธอริยสัจ,243,249,7,Nirodhasaccaniddeso,1445,1457,13
14,D-ii,ทุกขนิโรธคามินีปฏิปทาอริยสัจ,250,253,4,Maggasaccaniddeso,1458,1457,0
14,D-ii,อานิสงส์การเจริญสติปัฏฐาน ๔.,254,368,115,Maggasaccaniddeso,1458,1475,18
14,D-ii,๑๐. ปายาสิราชัญญสูตร,369,368,0,Pāyāsisuttaṃ,1476,1477,2
14,D-ii,ว่าด้วยประวัติพระกุมารกัสสปเถระ,369,369,1,Pāyāsirājaññavatthu,1478,1482,5
14,D-ii,ทิฏฐิของพระยาปายาสิ,370,371,2,Natthikavādo,1483,1487,5
14,D-ii,ว่าด้วยโทษของอกุศลกรรมบถ,372,373,2,Coraupamā,1488,1490,3
14,D-ii,ว่าด้วยอานิสงส์กุศลกรรมบถ,374,374,1,Tāvatiṃsadevaupamā,1495,1494,0
14,D-ii,อุปมาด้วยคนตกบ่อคูถ,375,375,1,Gūthakūpapurisaupamā,1491,1494,4
14,D-ii,ว่าด้วยอานิสงส์ศีล ๕,376,376,1,Tāvatiṃsadevaupamā,1495,1496,2
14,D-ii,อุปมาด้วยคนตาบอดแต่กำเนิด,377,377,1,Jaccandhaupamā,1497,1496,0
14,D-ii,ว่าด้วยสมณพราหมณ์ผู้มีศีลธรรม,378,378,1,Jaccandhaupamā,1497,1500,4
14,D-ii,อุปมาด้วยพราหมณ์มีเมียสอง,379,379,1,Gabbhinīupamā,1501,1500,0
14,D-ii,ว่าด้วยค้นหาชีวะจากโจร,380,380,1,Gabbhinīupamā,1501,1504,4
14,D-ii,อุปมาด้วยคนนอนฝัน,381,381,1,Supinakaupamā,1505,1507,3
14,D-ii,ว่าด้วยชั่งน้ำหนักคนตายกับคนเป็น,382,382,1,Santattaayoguḷaupamā,1508,1510,3
14,D-ii,ว่าด้วยค้นหาชีวะของโจรผู้ตายแล้ว,383,383,1,Saṅkhadhamaupamā,1511,1510,0
14,D-ii,อุปมาด้วยการเป่าสังข์,384,385,2,Saṅkhadhamaupamā,1511,1514,4
14,D-ii,ว่าด้วยการค้นหาชีวะโจรอีกเรื่องหนึ่ง,386,387,2,Aggikajaṭilaupamā,1515,1519,5
14,D-ii,อุปมาด้วยนายกองเกวียน,388,390,3,Dve satthavāhaupamā,1520,1526,7
14,D-ii,อุปมาด้วยคนเทินห่อคูถ,391,391,1,Gūthabhārikaupamā,1527,1529,3
14,D-ii,อุปมาด้วยนักเลงสะกา,392,393,2,Akkhadhuttakaupamā,1530,1535,6
14,D-ii,อุปมาด้วยคนหอบป่าน,394,395,2,Sāṇabhārikaupamā,1536,1543,8
14,D-ii,พระยาปายาสิขอคำแนะนำบูชามหายัญ,396,397,2,Yaññakathā,1544,1543,0
14,D-ii,การให้ทานของพระยาปายาสิ,398,398,1,Yaññakathā,1544,1546,3
14,D-ii,เรื่องพระควัมปติเถระ - เทพบุตรปายาสิ,399,,,Uttaramāṇavavatthu,1547,,
14,Sv-ii,อรรถกถามหาโควินทสูตร,37,85,49,6. Mahāgovindasuttavaṇṇanā,958,1090,133
14,Sv-ii,อรรถกถามหาสมัยสูตร,86,143,58,7. Mahāsamayasuttavaṇṇanā,1091,1200,110
14,Sv-ii,อรรถกถาสักกปัญหสูตร,144,257,114,8. Sakkapañhasuttavaṇṇanā,1201,1372,172
14,Sv-ii,อรรถกถามหาสติปัฏฐานสูตร,258,257,0,9. Mahāsatipaṭṭhānasuttavaṇṇanā,1373,1373,1
14,Sv-ii,มูลกำเนิดมหาสติปัฏฐานสูตร,258,258,1,Uddesavārakathāvaṇṇanā,1374,1373,0
14,Sv-ii,เรื่องลูกนกแขกเต้า,259,259,1,Uddesavārakathāvaṇṇanā,1374,1373,0
14,Sv-ii,อธิบายความตามลำดับบท,260,262,3,Uddesavārakathāvaṇṇanā,1374,1373,0
14,Sv-ii,ธรรมสากัจฉาของพระมหาเถระ,263,266,4,Uddesavārakathāvaṇṇanā,1374,1373,0
14,Sv-ii,เรื่องทุกข์ของพระติสสเถระ,267,267,1,Uddesavārakathāvaṇṇanā,1374,1373,0
14,Sv-ii,เรื่องทุกข์ของภิกษุ  ๓๐  รูป,268,268,1,Uddesavārakathāvaṇṇanā,1374,1373,0
14,Sv-ii,เรื่องทุกข์  ของพระปีติมัลลเถระ,269,270,2,Uddesavārakathāvaṇṇanā,1374,1373,0
14,Sv-ii,เรื่องโทมนัสของท้าวสักกะ,271,285,15,Uddesavārakathāvaṇṇanā,1374,1373,0
14,Sv-ii,บาลีวิภังค์,286,287,2,Uddesavārakathāvaṇṇanā,1374,1373,0
14,Sv-ii,อุทเทสวารแห่งเวทนาจิตตธัมมานุปัสสนา,288,290,3,Uddesavārakathāvaṇṇanā,1374,1472,99
14,Sv-ii,นิทเทสวารกถา,291,291,1,Kāyānupassanā ānāpānapabbavaṇṇanā,1473,1472,0
14,Sv-ii,อานาปานบรรพ,292,292,1,Kāyānupassanā ānāpānapabbavaṇṇanā,1473,1472,0
14,Sv-ii,เสนาสนะที่เหมาะแก่การเจริญอานาปานสติ,293,294,2,Kāyānupassanā ānāpānapabbavaṇṇanā,1473,1472,0
14,Sv-ii,กำหนดลมอัสสาสปัสสาสะ,295,297,3,Kāyānupassanā ānāpānapabbavaṇṇanā,1473,1494,22
14,Sv-ii,อิริยาบถบรรพ,298,300,3,Iriyāpathapabbavaṇṇanā,1495,1494,0
14,Sv-ii,อิริยาบถภายในภายนอก,301,301,1,Iriyāpathapabbavaṇṇanā,1495,1510,16
14,Sv-ii,สัมปชัญญบรรพ,302,302,1,Catusampajaññapabbavaṇṇanā,1511,1514,4
14,Sv-ii,ปฏิกูลมนสิการบรรพ,303,303,1,Paṭikūlamanasikārapabbavaṇṇanā,1515,1518,4
14,Sv-ii,ธาตุมนสิการบรรพ,304,304,1,Dhātumanasikārapabbavaṇṇanā,1519,1523,5
14,Sv-ii,นวสีวถิกาบรรพ,305,306,2,Navasivathikapabbavaṇṇanā,1524,1523,0
14,Sv-ii,เทียบกายด้วยซากศพ,307,307,1,Navasivathikapabbavaṇṇanā,1524,1523,0
14,Sv-ii,จัดเป็นบรรพ,308,308,1,Navasivathikapabbavaṇṇanā,1524,1523,0
14,Sv-ii,สติกำหนดซากศพเป็นอริยสัจ  ๔,309,309,1,Navasivathikapabbavaṇṇanā,1524,1533,10
14,Sv-ii,เวทนานุปัสสนาสติปัฏฐาน,310,310,1,Vedanānupassanāvaṇṇanā,1534,1533,0
14,Sv-ii,พระเถระผู้เสวยทุกขเวทนา,311,312,2,Vedanānupassanāvaṇṇanā,1534,1533,0
14,Sv-ii,เวทนาในเวทนานอก,313,313,1,Vedanānupassanāvaṇṇanā,1534,1543,10
14,Sv-ii,จิตตานุปัสสนาสติปัฏฐาน,314,314,1,Cittānupassanāvaṇṇanā,1544,1543,0
14,Sv-ii,จิตในจิตนอก,315,315,1,Cittānupassanāvaṇṇanā,1544,1543,0
14,Sv-ii,สติกำหนดจิตเป็นอริยสัจ  ๔,316,315,0,Cittānupassanāvaṇṇanā,1544,1548,5
14,Sv-ii,ธัมมานุปัสสนาสติปัฏฐาน,316,316,1,Dhammānupassanā nīvaraṇapabbavaṇṇanā,1549,1548,0
14,Sv-ii,นีวรณบรรพ,317,317,1,Dhammānupassanā nīvaraṇapabbavaṇṇanā,1549,1548,0
14,Sv-ii,เหตุละกามฉันท์,318,318,1,Dhammānupassanā nīvaraṇapabbavaṇṇanā,1549,1548,0
14,Sv-ii,เหตุเกิดพยาบาท,319,319,1,Dhammānupassanā nīvaraṇapabbavaṇṇanā,1549,1548,0
14,Sv-ii,ธรรมสำหรับละพยาบาท,320,320,1,Dhammānupassanā nīvaraṇapabbavaṇṇanā,1549,1548,0
14,Sv-ii,เหตุเกิดถีนมิทธะ,321,321,1,Dhammānupassanā nīvaraṇapabbavaṇṇanā,1549,1548,0
14,Sv-ii,ธรรมสำหรับละถีนมิทธะ,322,322,1,Dhammānupassanā nīvaraṇapabbavaṇṇanā,1549,1548,0
14,Sv-ii,เหตุเกิดอุทธัจจกุกกุจจะ,323,323,1,Dhammānupassanā nīvaraṇapabbavaṇṇanā,1549,1548,0
14,Sv-ii,ธรรมสำหรับละอุทธัจจกุกกุจจะ,324,324,1,Dhammānupassanā nīvaraṇapabbavaṇṇanā,1549,1548,0
14,Sv-ii,เหตุละวิจิกิจฉา,325,325,1,Dhammānupassanā nīvaraṇapabbavaṇṇanā,1549,1548,0
14,Sv-ii,สติกำหนดนีวรณ์เป็นอริยสัจ  ๔,326,325,0,Dhammānupassanā nīvaraṇapabbavaṇṇanā,1549,1571,23
14,Sv-ii,ขันธบรรพ,326,326,1,Khandhapabbavaṇṇanā,1572,1571,0
14,Sv-ii,สติกำหนดขันธ์  ๕  เป็นอริยสัจ  ๔,327,327,1,Khandhapabbavaṇṇanā,1572,1576,5
14,Sv-ii,อายตนบรรพ,328,328,1,Āyatanapabbavaṇṇanā,1577,1576,0
14,Sv-ii,ความรู้เหตุละสังโยชน์,329,329,1,Āyatanapabbavaṇṇanā,1577,1576,0
14,Sv-ii,สติกำหนดอายตนะเป็นอริยสัจ  ๔,330,330,1,Āyatanapabbavaṇṇanā,1577,1582,6
14,Sv-ii,โพชฌงคบรรพ,331,331,1,Bojjhaṅgapabbavaṇṇanā,1583,1582,0
14,Sv-ii,ธรรมเป็นเหตุเกิดสติสัมโพชฌงค์,332,335,4,Bojjhaṅgapabbavaṇṇanā,1583,1582,0
14,Sv-ii,วิริยสัมโพชฌงค์,336,336,1,Bojjhaṅgapabbavaṇṇanā,1583,1582,0
14,Sv-ii,๑. การพิจารณาเห็นภัยในอบาย,337,337,1,Bojjhaṅgapabbavaṇṇanā,1583,1582,0
14,Sv-ii,๔. การเคารพยำเกรงต่อบิณฑบาต,338,339,2,Bojjhaṅgapabbavaṇṇanā,1583,1582,0
14,Sv-ii,๕. การพิจารณาความมีทรัพย์มรดกเป็นใหญ่,340,340,1,Bojjhaṅgapabbavaṇṇanā,1583,1582,0
14,Sv-ii,๖.  การพิจารณาความมีพระศาสดาเป็นใหญ่,341,341,1,Bojjhaṅgapabbavaṇṇanā,1583,1582,0
14,Sv-ii,ปีติสัมโพชฌงค์,342,342,1,Bojjhaṅgapabbavaṇṇanā,1583,1582,0
14,Sv-ii,ปัสสัทธิสัมโพชฌงค์,343,343,1,Bojjhaṅgapabbavaṇṇanā,1583,1582,0
14,Sv-ii,ธรรมเป็นเหตุเกิดปัสสัทธิสัมโพชฌงค์,344,344,1,Bojjhaṅgapabbavaṇṇanā,1583,1582,0
14,Sv-ii,สมาธิสัมโพชฌงค์,345,346,2,Bojjhaṅgapabbavaṇṇanā,1583,1582,0
14,Sv-ii,อุเบกขาสัมโพชฌงค์,347,347,1,Bojjhaṅgapabbavaṇṇanā,1583,1582,0
14,Sv-ii,อธิบายธรรม  ๕  ประการ,348,348,1,Bojjhaṅgapabbavaṇṇanā,1583,1582,0
14,Sv-ii,สติกำหนดโพชฌงค์เป็นอริยสัจ  ๔,349,349,1,Bojjhaṅgapabbavaṇṇanā,1583,1621,39
14,Sv-ii,สัจจบรรพ,350,349,0,Catusaccapabbavaṇṇanā,1622,1623,2
14,Sv-ii,ชาติ,350,350,1,Dukkhasaccaniddesavaṇṇanā,1624,1623,0
14,Sv-ii,ชรา,351,352,2,Dukkhasaccaniddesavaṇṇanā,1624,1623,0
14,Sv-ii,มรณะ,353,353,1,Dukkhasaccaniddesavaṇṇanā,1624,1623,0
14,Sv-ii,โสกะ,354,354,1,Dukkhasaccaniddesavaṇṇanā,1624,1623,0
14,Sv-ii,อุปายาส,355,355,1,Dukkhasaccaniddesavaṇṇanā,1624,1636,13
14,Sv-ii,สมุทัยอริยสัจ,356,356,1,Samudayasaccaniddesavaṇṇanā,1637,1639,3
14,Sv-ii,ทุกขนิโรธอริยสัจ,357,358,2,Nirodhasaccaniddesavaṇṇanā,1640,1643,4
14,Sv-ii,ทุกขนิโรธคามินีปฏิปทาอริยสัจ,359,360,2,Maggasaccaniddesavaṇṇanā,1644,1643,0
14,Sv-ii,สัมมาสังกัปปะ,361,361,1,Maggasaccaniddesavaṇṇanā,1644,1643,0
14,Sv-ii,สัมมากัมมันตะ,362,362,1,Maggasaccaniddesavaṇṇanā,1644,1643,0
14,Sv-ii,สัมมาสติ,363,363,1,Maggasaccaniddesavaṇṇanā,1644,1643,0
14,Sv-ii,สัมมาสมาธิ,364,364,1,Maggasaccaniddesavaṇṇanā,1644,1643,0
14,Sv-ii,สติกำหนดสัจจะ  ๔  เป็นอริยสัจ,365,365,1,Maggasaccaniddesavaṇṇanā,1644,1643,0
14,Sv-ii,สรุปความ,366,400,35,Maggasaccaniddesavaṇṇanā,1644,1665,22
14,Sv-ii,อรรถกถาปายาสิราชัญญสูตร,401,409,9,10. Pāyāsirājaññasuttavaṇṇanā,1666,1665,0
14,Sv-ii,เรื่องท่านพระควัมปติ,410,,,10. Pāyāsirājaññasuttavaṇṇanā,1666,,
15,D-iii,๑. ปาฏิกสูตร,1,0,0,1. Pāthikasuttaṃ,4,4,1
15,D-iii,เรื่อง ปริพาชกภัคควโคตร,1,5,5,Sunakkhattavatthu,5,15,11
15,D-iii,กถาว่าด้วยเรื่องอเจลกโกรักขัตติยะ,6,7,2,Korakkhattiyavatthu,16,22,7
15,D-iii,กถาว่าด้วยเรื่องอเจลกกฬารมัชฌกะ,8,10,3,Acelakaḷāramaṭṭakavatthu,23,28,6
15,D-iii,กถาว่าด้วยเรื่องอเจลกปาฏิกบุตร,11,21,11,Acelapāthikaputtavatthu,29,40,12
15,D-iii,กถาว่าด้วยอุปมาสุนัขจิ้งจอกกับพญาราชสีห์,22,26,5,Iddhipāṭihāriyakathā,41,89,49
15,D-iii,กถาว่าด้วยมหาพรหมเป็นต้น,27,28,2,Aggaññapaññattikathā,90,89,0
15,D-iii,กถาว่าด้วยเทวดาชื่อขิฑฑาปโทสิกะ,29,30,2,Aggaññapaññattikathā,90,89,0
15,D-iii,กถาว่าด้วยเทวดาชื่อมโนปโทสิกะ,31,31,1,Aggaññapaññattikathā,90,89,0
15,D-iii,กถาว่าด้วยมีความเห็นว่าเกิดขึ้นลอย ๆ,32,32,1,Aggaññapaññattikathā,90,89,0
15,D-iii,กถาว่าด้วยสุภวิโมกข์,33,57,25,Aggaññapaññattikathā,90,116,27
15,D-iii,๒. อุทุมพริกสูตร,58,57,0,2. Udumbarikasuttaṃ,117,117,1
15,D-iii,เรื่องสันธานคฤหบดี,58,59,2,Nigrodhaparibbājakavatthu,118,117,0
15,D-iii,เรื่องนิโครธปริพาชก,60,61,2,Nigrodhaparibbājakavatthu,118,124,7
15,D-iii,กถาว่าด้วยการรังเกียจบาปด้วยตบะ,62,63,2,Tapojigucchāvādo,125,129,5
15,D-iii,กถาว่าด้วยอุปกิเลสของผู้รังเกียจบาปด้วยตบะ,64,66,3,Upakkileso,130,147,18
15,D-iii,กถาว่าด้วยความบริสุทธิ์ของผู้รังเกียจตบะ,67,69,3,Parisuddhapapaṭikappattakathā,148,173,26
15,D-iii,กถาว่าด้วยการบรรลุธรรมเป็นสาระอันเลิศ,70,75,6,Parisuddhaaggappattasārappattakathā,174,178,5
15,D-iii,นิโครธปริพาชกสารภาพผิด,76,98,23,Nigrodhassa pajjhāyanaṃ,179,190,12
15,D-iii,๓. จักกวัตติสูตร,99,98,0,3. Cakkavattisuttaṃ,191,191,1
15,D-iii,เรื่อง พระเจ้าจักรพรรดิทัฬหเนมิ,99,99,1,Daḷhanemicakkavattirājā,195,199,5
15,D-iii,ว่าด้วยแก้ว ๗ ประการ,100,104,5,Cakkaratanapātubhāvo,202,208,7
15,D-iii,ว่าด้วยจักรแก้วทิพย์ถอยเคลื่อนจากที่,105,107,3,Dutiyādicakkavattikathā,209,214,6
15,D-iii,ว่าด้วยอทินนาทาน,108,110,3,Āyuvaṇṇādipariyānikathā,215,214,0
15,D-iii,ว่าด้วยปาณาติบาตทำให้อายุเสื่อม,111,111,1,Āyuvaṇṇādipariyānikathā,215,214,0
15,D-iii,ว่าด้วยอกุศลกรรมบถทำให้อายุเสื่อม,112,114,3,Āyuvaṇṇādipariyānikathā,215,214,0
15,D-iii,ว่าด้วยความเสื่อมของกุศล อกุศล,115,117,3,Āyuvaṇṇādipariyānikathā,215,239,25
15,D-iii,ว่าด้วยการงดเว้นอกุศลกรรมบถ ๑๐ อายุยืน,118,119,2,Āyuvaṇṇādivaḍḍhanakathā,240,258,19
15,D-iii,ว่าด้วยการพึ่งตนพึ่งธรรม,120,131,12,Attadīpasaraṇatā,192,194,3
15,D-iii,วัตรของพระเจ้าจักรพรรดิ์,132,144,13,Cakkavattiariyavattaṃ,200,201,2
15,D-iii,๔. อัคคัญญสูตร,145,144,0,4. Aggaññasuttaṃ,259,259,1
15,D-iii,เรื่อง วาเสฏฐะภารทวาชะ,145,146,2,Vāseṭṭhabhāradvājā,260,259,0
15,D-iii,ว่าด้วยวรรณะ ๔,147,147,1,Catuvaṇṇasuddhi,265,273,9
15,D-iii,ว่าด้วยธรรมอันประเสริฐในโลกทั้งสอง,148,148,1,Bodhipakkhiyabhāvanā,315,314,0
15,D-iii,ว่าด้วยธรรมประเสริฐที่สุด,149,149,1,Bodhipakkhiyabhāvanā,315,325,11
15,D-iii,ว่าด้วยบุตรเกิดแต่พระอุระ พระโอษฐ์พระผู้มีพระภาค,150,152,3,Vāseṭṭhabhāradvājā,260,264,5
15,D-iii,ว่าด้วยกะบิดินเป็นต้นเกิดขึ้น,153,153,1,Rasapathavipātubhāvo,274,275,2
15,D-iii,ว่าด้วยปรากฏการณ์ทางธรรมชาติ,154,159,6,Candimasūriyādipātubhāvo,276,299,24
15,D-iii,ว่าด้วยต้นเหตุเกิดอักขระว่ามหาสมบัติ กษัตริย์ ราชา,160,161,2,Mahāsammatarājā,300,305,6
15,D-iii,ว่าด้วยการเกิดขึ้นแห่งแพศย์,162,186,25,Vessamaṇḍalaṃ,306,314,9
15,D-iii,๕. สัมปสาทนียสูตร,187,186,0,5. Sampasādanīyasuttaṃ,326,326,1
15,D-iii,เรื่อง พระสารีบุตรเถระ,187,188,2,Sāriputtasīhanādo,327,334,8
15,D-iii,ว่าด้วยโพธิปักขิยธรรมและการบัญญัติอายตนะ,189,189,1,Kusaladhammadesanā,335,338,4
15,D-iii,ว่าด้วยการก้าวสู่ครรภ์และวิธีแห่งการดักใจคน,190,191,2,Gabbhāvakkantidesanā,339,348,10
15,D-iii,ว่าด้วยทัศนสมาบัติ,192,194,3,Dassanasamāpattidesanā,349,353,5
15,D-iii,ว่าด้วยบุคคล ๗ โพชฌงค์ ๗ ปฏิปทา ๔,195,195,1,Puggalapaṇṇattidesanā,354,359,6
15,D-iii,ว่าด้วยภัสสสมาจารและศีลสมาจารของบุรุษ,196,196,1,Bhassasamācārādidesanā,360,362,3
15,D-iii,ว่าด้วยอนุสาสนวิธี ๔,197,198,2,Anusāsanavidhādesanā,363,366,4
15,D-iii,ว่าด้วยอัสสสตวาทะ ๓,199,200,2,Sassatavādadesanā,367,370,4
15,D-iii,ว่าด้วยบุพเพนิวาสานุสสติญาณ,201,201,1,Pubbenivāsānussatiñāṇadesanā,371,372,2
15,D-iii,ว่าด้วยจตูปปาตญาณ,202,202,1,Cutūpapātañāṇadesanā,373,374,2
15,D-iii,ว่าด้วยอิทธิวิธี ๒,203,204,2,Iddhividhadesanā,375,377,3
15,D-iii,ว่าด้วยพระสารีบุตรทูลถาม,205,206,2,Aññathāsatthuguṇadassanaṃ,378,384,7
15,D-iii,พระอุทายีสรรเสริญพระพุทธองค์,207,258,52,Acchariyaabbhutaṃ,385,389,5
15,D-iii,๖. ปาสาทิกสูตร,259,258,0,6. Pāsādikasuttaṃ,390,391,2
15,D-iii,เรื่องนิคัณฐนาฏบุตรถึงแก่กรรม,259,260,2,Nigaṇṭhanāṭaputtakālaṅkiriyā,392,396,5
15,D-iii,ว่าด้วยธรรมวินัยที่กล่าวไว้ไม่ดี,261,264,4,Asammāsambuddhappaveditadhammavinayo,397,402,6
15,D-iii,ว่าด้วยกาลกิริยาของศาสดา,265,266,2,Sāvakānutappasatthu,403,406,4
15,D-iii,ว่าด้วยพรหมจรรย์,267,271,5,Brahmacariyaaparipūrādikathā,407,417,11
15,D-iii,ว่าด้วยอภิญญาเทสิตธรรม,272,274,3,Saṅgāyitabbadhammo,418,419,2
15,D-iii,ว่าด้วยการแสดงธรรมเพื่อปิดกั้นอาสวะ,275,276,2,Saññāpetabbavidhi,420,426,7
15,D-iii,ว่าด้วยการประกอบตนให้ติดความสุข ๔ อย่าง,277,277,1,Sukhallikānuyogo,427,442,16
15,D-iii,ว่าด้วยอานิสงส์ ๔,278,278,1,Sukhallikānuyogānisaṃso,443,444,2
15,D-iii,ว่าด้วยผู้ไม่ควรล่วงฐานะ ๙,279,281,3,Khīṇāsavaabhabbaṭhānaṃ,445,458,14
15,D-iii,ว่าด้วยทิฏฐิต่าง ๆ,282,286,5,Pubbantasahagatadiṭṭhinissayā,459,462,4
15,D-iii,ว่าด้วยทิฏฐินิสัยเกี่ยวกับกาลอนาคต,287,,,Aparantasahagatadiṭṭhinissayā,463,468,6
15,Sv-iii,สุมังคลวิลาสินี,35,34,0,(DN) Pāthikavaggaṭṭhakathā,3,3,1
15,Sv-iii,อรรถกถาปาฏิกสูตร,35,80,46,1. Pāthikasuttavaṇṇanā,4,59,56
15,Sv-iii,อรรถกถาอุทุมพริกสูตร,81,123,43,2. Udumbarikasuttavaṇṇanā,60,108,49
15,Sv-iii,อรรถกถาจักกวัตติสูตร,124,131,8,3. Cakkavattisuttavaṇṇanā,109,127,19
15,Sv-iii,วัตรของพระเจ้าจักรพรรดิ์,132,165,34,Cakkavattiariyavattavaṇṇanā,128,173,46
15,Sv-iii,อรรถกถาอัคคัญญสูตร,166,208,43,4. Aggaññasuttavaṇṇanā,174,231,58
15,Sv-iii,อรรถกถาสัมปสาทนียสูตร,209,290,82,5. Sampasādanīyasuttavaṇṇanā,232,350,119
15,Sv-iii,อรรถกถาปาสาทิกสูตร,291,,,6. Pāsādikasuttavaṇṇanā,351,401,51
16,D-iii,๗. ลักขณสูตร,1,0,0,7. Lakkhaṇasuttaṃ,469,469,1
16,D-iii,เรื่อง มหาปุริสพยากรณ์,1,4,4,Dvattiṃsamahāpurisalakkhaṇāni,470,479,10
16,D-iii,ทรงเหยียบพระบาทเสมอกัน,5,76,72,(1) Suppatiṭṭhitapādatālakkhaṇaṃ,480,900,421
16,D-iii,๘. สิงคาลกสูตร,77,77,1,8. Siṅgālasuttaṃ,901,907,7
16,D-iii,กถาว่าด้วยอบายมุข ๔,78,79,2,Cattārokammakilesā,908,917,10
16,D-iii,กถาว่าด้วยอบายมุข ๖,80,83,4,Cha apāyamukhāni,918,961,44
16,D-iii,กถาว่าด้วยมิตรเทียม,84,84,1,Mittapatirūpakā,962,975,14
16,D-iii,กถาว่าด้วยมิตรแท้,85,86,2,Suhadamitto,976,993,18
16,D-iii,กถาว่าด้วยทิศ ๖,87,122,36,Chaddisāpaṭicchādanakaṇḍaṃ,994,1021,28
16,D-iii,๙. อาฏานาฏิยสูตร,123,122,0,9. Āṭānāṭiyasuttaṃ,1022,1022,1
16,D-iii,เรื่องท้าวจาตุมหาราช,123,133,11,Paṭhamabhāṇavāro,1023,1157,135
16,D-iii,ว่าด้วยวิธีป้องกันอมนุษย์,134,156,23,Dutiyabhāṇavāro,1158,1291,134
16,D-iii,๑๐. สังคีติสูตร,157,160,4,10. Saṅgītisuttaṃ,1292,1302,11
16,D-iii,ว่าด้วยสังคีติหมวด ๑,161,161,1,Ekakaṃ,1303,1304,2
16,D-iii,ว่าด้วยสังคีติหมวด ๒,162,163,2,Dukaṃ,1305,1340,36
16,D-iii,ว่าด้วยสังคีติหมวด ๓,164,177,14,Tikaṃ,1341,1403,63
16,D-iii,ว่าด้วยสังคีติหมวด ๔,178,198,21,Catukkaṃ,1404,1467,64
16,D-iii,ว่าด้วยสังคีติหมวด ๕,199,212,14,Pañcakaṃ,1468,1501,34
16,D-iii,ว่าด้วยสังคีติหมวด ๖,213,226,14,Chakkaṃ,1502,1537,36
16,D-iii,ว่าด้วยสังคีติหมวด ๗,227,232,6,Sattakaṃ,1538,1561,24
16,D-iii,ว่าด้วยสังคีติหมวด ๘,233,245,13,Aṭṭhakaṃ,1562,1606,45
16,D-iii,ว่าด้วยสังคีติหมวด ๙,246,254,9,Navakaṃ,1607,1631,25
16,D-iii,ว่าด้วยสังคีติหมวด ๑๐,255,403,149,Dasakaṃ,1632,1661,30
16,D-iii,๑๑. ทสุตตรสูตร,404,403,0,11. Dasuttarasuttaṃ,1662,1665,4
16,D-iii,ว่าด้วยธรรมหมวด ๑,404,405,2,Eko dhammo,1666,1678,13
16,D-iii,ว่าด้วยธรรมหมวด ๒,406,406,1,Dve dhammā,1679,1691,13
16,D-iii,ว่าด้วยธรรมหมวด ๓,407,408,2,Tayo dhammā,1692,1704,13
16,D-iii,ว่าด้วยธรรมหมวด ๔,409,410,2,Cattāro dhammā,1705,1717,13
16,D-iii,ว่าด้วยธรรมหมวด ๕,411,417,7,Pañca dhammā,1718,1738,21
16,D-iii,ว่าด้วยธรรมหมวด ๖,418,424,7,Cha dhammā,1739,1766,28
16,D-iii,ว่าด้วยธรรมหมวด ๗,425,429,5,Satta dhammā,1767,1792,26
16,D-iii,ว่าด้วยธรรมหมวด ๘,430,441,12,Aṭṭha dhammā,1793,1847,55
16,D-iii,ว่าด้วยธรรมหมวด ๙,442,447,6,Nava dhammā,1848,1868,21
16,D-iii,ว่าด้วยธรรมหมวด ๑๐,448,,,Dasa dhammā,1869,,
16,Sv-iii,อรรถกถาลักขณสูตร,44,140,97,7. Lakkhaṇasuttavaṇṇanā,402,582,181
16,Sv-iii,อรรถกถาอาฏานาฏิยสูตร,141,263,123,9. Āṭānāṭiyasuttavaṇṇanā,583,626,44
16,Sv-iii,อรรถกถาสังคีติสูตร,264,263,0,10. Saṅgītisuttavaṇṇanā,627,640,14
16,Sv-iii,ว่าด้วยธรรมหมวด ๑,264,273,10,Ekakavaṇṇanā,641,648,8
16,Sv-iii,ว่าด้วยธรรมหมวด ๒,274,287,14,Dukavaṇṇanā,649,680,32
16,Sv-iii,ว่าด้วยธรรมหมวด ๓,288,323,36,Tikavaṇṇanā,681,765,85
16,Sv-iii,ว่าด้วยธรรมหมวด ๔,324,358,35,Catukkavaṇṇanā,766,878,113
16,Sv-iii,ว่าด้วยธรรมหมวด ๕,359,369,11,Pañcakavaṇṇanā,879,910,32
16,Sv-iii,ว่าด้วยธรรมหมวด ๖,370,377,8,Chakkavaṇṇanā,911,934,24
16,Sv-iii,ว่าด้วยธรรมหมวด ๗,378,386,9,Sattakavaṇṇanā,935,958,24
16,Sv-iii,ว่าด้วยธรรมหมวด ๘,387,390,4,Aṭṭhakavaṇṇanā,959,973,15
16,Sv-iii,ว่าด้วยธรรมหมวด ๙,391,391,1,Navakavaṇṇanā,974,982,9
16,Sv-iii,ว่าด้วยธรรมหมวด ๑๐,392,455,64,Dasakavaṇṇanā,983,1025,43
16,Sv-iii,อรรถกถา ทสุตตรสูตร,456,,,11. Dasuttarasuttavaṇṇanā,1026,,
17,M-i,๑. มูลปริยายสูตร,1,137,137,1. Mūlapariyāyasuttaṃ,5,54,50
17,M-i,๒. สัพพาสวสังวรสูตร,138,201,64,2. Sabbāsavasuttaṃ,55,94,40
17,M-i,๓. ธรรมทายาทสูตร,202,259,58,3. Dhammadāyādasuttaṃ,95,107,13
17,M-i,๔. ภยเภรวสูตร,260,338,79,4. Bhayabheravasuttaṃ,108,133,26
17,M-i,๕. อนังคณสูตร,339,397,59,5. Anaṅgaṇasuttaṃ,134,164,31
17,M-i,๖. อากังเขยยสูตร,398,432,35,6. Ākaṅkheyyasuttaṃ,165,187,23
17,M-i,๗. วัตถูปมสูตร,433,468,36,7. Vatthasuttaṃ,188,212,25
17,M-i,๘. สัลเลขสูตร,469,519,51,8. Sallekhasuttaṃ,213,236,24
17,M-i,๙. สัมมาทิฏฐิสูตร,520,605,86,9. Sammādiṭṭhisuttaṃ,237,279,43
17,M-i,๑๐. สติปัฏฐานสูตร,606,,,10. Mahāsatipaṭṭhānasuttaṃ,280,415,136
17,Ps-i,อรรถกถามูลปริยายสูตร,16,137,122,1. Mūlapariyāyasuttavaṇṇanā,48,356,309
17,Ps-i,๒. สัพพาสวสังวรสูตร,138,201,64,2. Sabbāsavasuttavaṇṇanā,357,493,137
17,Ps-i,๓. ธรรมทายาทสูตร,202,259,58,3. Dhammadāyādasuttavaṇṇanā,494,574,81
17,Ps-i,๔. ภยเภรวสูตร,260,338,79,4. Bhayabheravasuttavaṇṇanā,575,725,151
17,Ps-i,๕. อนังคณสูตร,339,397,59,5. Anaṅgaṇasuttavaṇṇanā,726,793,68
17,Ps-i,๖. อากังเขยยสูตร,398,432,35,6. Ākaṅkheyyasuttavaṇṇanā,794,835,42
17,Ps-i,๗. วัตถูปมสูตร,433,468,36,7. Vatthasuttavaṇṇanā,836,887,52
17,Ps-i,๘. สัลเลขสูตร,469,519,51,8. Sallekhasuttavaṇṇanā,888,933,46
17,Ps-i,๙. สัมมาทิฏฐิสูตร,520,605,86,9. Sammādiṭṭhisuttavaṇṇanā,934,1082,149
17,Ps-i,๑๐. สติปัฏฐานสูตร,606,,,10. Satipaṭṭhānasuttavaṇṇanā,1083,1445,363
18,M-i,๑. จูฬสีหนาทสูตร,1,36,36,1. Cūḷasīhanādasuttaṃ,416,415,0
18,M-i,๒. มหาสีหนาทสูตร,37,112,76,2. Mahāsīhanādasuttaṃ,440,439,0
18,M-i,๓. มหาทุกขักขันธสูตร,113,134,22,3. Mahādukkhakkhandhasuttaṃ,505,504,0
18,M-i,๔. จูฬทุกขักขันธสูตร,135,151,17,4. Cūḷadukkhakkhandhasuttaṃ,536,535,0
18,M-i,๕. อนุมานสูตร,152,169,18,5. Anumānasuttaṃ,559,558,0
18,M-i,๖. เจโตขีลสูตร,170,185,16,6. Cetokhilasuttaṃ,631,630,0
18,M-i,๗. วนปัตถสูตร,186,194,9,7. Vanapatthasuttaṃ,658,657,0
18,M-i,๘. มธุปิณฑิกสูตร,195,214,20,8. Madhupiṇḍikasuttaṃ,670,669,0
18,M-i,๙. เทวธาวิตักกสูตร,215,233,19,9. Dvedhāvitakkasuttaṃ,688,687,0
18,M-i,๑๐. วิตักกสัณฐานสูตร,234,253,20,10. Vitakkasaṇṭhānasuttaṃ,706,705,0
18,M-i,๑. กกจูปมสูตร,254,278,25,1. Kakacūpamasuttaṃ,721,720,0
18,M-i,๒. อลคัททูปมสูตร,279,323,45,2. Alagaddūpamasuttaṃ,747,746,0
18,M-i,๓. วัมมิกสูตร,324,346,23,3. Vammikasuttaṃ,799,798,0
18,M-i,๔. รถวินีตสูตร,347,389,43,4. Rathavinītasuttaṃ,818,817,0
18,M-i,๕. นิวาปสูตร,390,409,20,5. Nivāpasuttaṃ,869,868,0
18,M-i,๖. ปาสราสิสูตร,410,469,60,6. Pāsarāsisuttaṃ,899,898,0
18,M-i,๗. จูฬหัตถิปโทปมสูตร,470,515,46,7. Cūḷahatthipadopamasuttaṃ,989,988,0
18,M-i,๘. มหาหัตถิปโทปมสูตร,516,545,30,8. Mahāhatthipadopamasuttaṃ,1032,1031,0
18,M-i,๙. มหาสาโรปมสูตร,546,557,12,9. Mahāsāropamasuttaṃ,1056,1055,0
18,M-i,๑๐. จูฬสาโรปมสูตร,558,,,10. Cūḷasāropamasuttaṃ,1074,1073,0
18,Ps-i,อรรกถาจุลลสีหนาทสูตร,10,63,54,1. Cūḷasīhanādasuttavaṇṇanā,1446,1445,0
18,Ps-i,อรรถกถามหาสีหนาทสูตร,64,125,62,2. Mahāsīhanādasuttavaṇṇanā,1544,1543,0
18,Ps-i,อรรถกถามหาทุกขักขันธสูตร,126,144,19,3. Mahādukkhakkhandhasuttavaṇṇanā,1693,1692,0
18,Ps-i,อรรถกถาจุลลทุกขักขันสูตร,145,166,22,4. Cūḷadukkhakkhandhasuttavaṇṇanā,1715,1714,0
18,Ps-i,อรรถกถาอนุมานสูตร,167,179,13,5. Anumānasuttavaṇṇanā,1731,1730,0
18,Ps-i,อรรถกถาเจโตขีลสูตร,180,192,13,6. Cetokhilasuttavaṇṇanā,1743,1742,0
18,Ps-i,อรรถกถาวนปัตถปริยายสูตร,193,205,13,7. Vanapatthapariyāyasuttavaṇṇanā,1756,1755,0
18,Ps-i,อรรถกถามธุปิณฑิกสูตร,206,222,17,8. Madhupiṇḍikasuttavaṇṇanā,1766,1765,0
18,Ps-i,อรรถกถาเทวธาวิตักกสูตร,223,239,17,9. Dvedhāvitakkasuttavaṇṇanā,1786,1785,0
18,Ps-i,อรรถกถาวิตักกสัณฐานสูตร,240,265,26,10. Vitakkasaṇṭhānasuttavaṇṇanā,1809,1808,0
18,Ps-i,อรรถกถากกจูปมสูตร,266,298,33,1. Kakacūpamasuttavaṇṇanā,1850,1849,0
18,Ps-i,อรรถกถาอลคัททูปมสูตร,299,328,30,2. Alagaddūpamasuttavaṇṇanā,1879,1878,0
18,Ps-i,อรรถกถาวัมมิกสูตร,329,355,27,3. Vammikasuttavaṇṇanā,1933,1932,0
18,Ps-i,อรรถกถารถวินีสูตร,356,404,49,4. Rathavinītasuttavaṇṇanā,1975,1974,0
18,Ps-i,อรรถกถานิวาปสูตร,405,430,26,5. Nivāpasuttavaṇṇanā,2063,2062,0
18,Ps-i,อรรถกถาปาสราสิสูตร,431,483,53,6. Pāsarāsisuttavaṇṇanā,2076,2075,0
18,Ps-i,อรรถกถาจุลลหัตถิปโทปมสูตร,484,528,45,7. Cūḷahatthipadopamasuttavaṇṇanā,2167,2166,0
18,Ps-i,อรรถกถามหาหัตถิปโทปมสูตร,529,555,27,8. Mahāhatthipadopamasuttavaṇṇanā,2236,2235,0
18,Ps-i,อรรถกถามหาสาโรปสูตร,556,567,12,9. Mahāsāropamasuttavaṇṇanā,2276,2275,0
18,Ps-i,อรรถกถาจุลลสาโรปมสูตร,568,,,10. Cūḷasāropamasuttavaṇṇanā,2285,2284,0
19,M-i,๑. จูฬโคสิงคสาลสูตร,1,23,23,Cūḷagosiṅgasuttaṃ,1104,1122,19
19,M-i,๒. มหาโคสิงคสาลสูตร,24,51,28,Mahāgosiṅgasuttaṃ,1123,1139,17
19,M-i,๓. มหาโคปาลสูตร,52,67,16,Mahāgopālakasuttaṃ,1140,1169,30
19,M-i,๔. จูฬโคปาลสูตร,68,75,8,Cūḷagopālakasuttaṃ,1170,1187,18
19,M-i,๕. จูฬสัจจกสูตร,76,107,32,Cūḷasaccakasuttaṃ,1188,1216,29
19,M-i,๖. มหาสัจจกสูตร,108,146,39,Mahāsaccakasuttaṃ,1217,1258,42
19,M-i,๗. จูฬตัณหาสังขยสูตร,147,167,21,Cūḷataṇhāsaṅkhayasuttaṃ,1259,1272,14
19,M-i,๘. มหาตัณหาสังขยสูตร,168,204,37,Mahātaṇhāsaṅkhayasuttaṃ,1273,1372,100
19,M-i,๙. มหาอัสสปุรสูตร,205,236,32,Mahāassapurasuttaṃ,1373,1408,36
19,M-i,๑๐. จูฬอัสสปุรสูตร,237,244,8,Cūḷaassapurasuttaṃ,1409,1424,16
19,M-i,๑. สาเลยยกสูตร,245,267,23,Sāleyyakasuttaṃ,1425,1462,38
19,M-i,๒. เวรัญชกสูตร,268,277,10,Verañjakasuttaṃ,1463,1486,24
19,M-i,๓. มหาเวทัลลสูตร,278,323,46,Mahāvedallasuttaṃ,1487,1567,81
19,M-i,๔. จูฬเวทัลลสูตร,324,355,32,Cūḷavedallasuttaṃ,1568,1629,62
19,M-i,๕. จูฬธัมมสมาทานสูตร,356,367,12,Cūḷadhammasamādānasuttaṃ,1630,1637,8
19,M-i,๖. มหาธรรมสมาทานสูตร,368,386,19,Mahādhammasamādānasuttaṃ,1638,1661,24
19,M-i,๗. วีมังสกสูตร,387,409,23,Vīmaṃsakasuttaṃ,1662,1676,15
19,M-i,๘. โกสัมพิยสูตร,410,440,31,Kosambiyasuttaṃ,1677,1696,20
19,M-i,๙. พรหมนิมันตนิกสูตร,441,464,24,Brahmanimantanikasuttaṃ,1697,1722,26
19,M-i,๑๐. มารตัชชนียสูตร,465,,,Māratajjanīyasuttaṃ,1723,,
19,Ps-i,อรรถกถาจูฬโคสิงคสาลสูตร,11,36,26,1. Cūḷagosiṅgasuttavaṇṇanā,2297,2320,24
19,Ps-i,อรรถกถามหาโคสิงคสาลสูตร,37,58,22,2. Mahāgosiṅgasuttavaṇṇanā,2321,2358,38
19,Ps-i,อรรถกถามหาโคปาลสูตร,59,71,13,3. Mahāgopālakasuttavaṇṇanā,2359,2385,27
19,Ps-i,อรรถกถาจูฬโคปาสสูตร,72,86,15,4. Cūḷagopālakasuttavaṇṇanā,2386,2394,9
19,Ps-i,อรรถกถาจูฬสัจจกสูตร,87,131,45,5. Cūḷasaccakasuttavaṇṇanā,2395,2447,53
19,Ps-i,อรรถกถามหาสัจจกสูตร,132,153,22,6. Mahāsaccakasutavaṇṇanā,2448,2481,34
19,Ps-i,อรรถกถาจูฬตัณหาสังขยสูตร,154,192,39,7. Cūḷataṇhāsaṅkhayasuttavaṇṇanā,2482,2501,20
19,Ps-i,อรรถกถามหาตัณหาสังขยสูตร,193,217,25,8. Mahātaṇhāsaṅkhayasuttavaṇṇanā,2502,2523,22
19,Ps-i,อรรถกถามหาอัสสปุรสูตร,218,241,24,9. Mahāassapurasuttavaṇṇanā,2524,2563,40
19,Ps-i,อรรถกถาจูฬอัสสปุรสูตร,242,255,14,10. Cūḷaassapurasuttavaṇṇanā,2564,2572,9
19,Ps-i,อรรถกถาสาเลยยกสูตร,256,276,21,1. Sāleyyakasuttavaṇṇanā,2573,2595,23
19,Ps-i,อรรถกถาเวรัญชกสูตร,277,290,14,2. Verañjakasuttavaṇṇanā,2596,2599,4
19,Ps-i,อรรถกถามหาเวทัลลสูตร,291,333,43,3. Mahāvedallasuttavaṇṇanā,2600,2659,60
19,Ps-i,อรรถกถาจุลลเวทัลลสูตร,334,362,29,4. Cūḷavedallasuttavaṇṇanā,2660,2698,39
19,Ps-i,อรรถกถาจูฬธัมมสมาทานาสูตร,363,380,18,5. Cūḷadhammasamādānasuttavaṇṇanā,2699,2715,17
19,Ps-i,อรรถกถามหาธรรมสมาทานสูตร,381,392,12,6. Mahādhammasamādānasuttavaṇṇanā,2716,2733,18
19,Ps-i,อรรถกถาวีมังสกสูตร,393,417,25,7. Vīmaṃsakasuttavaṇṇanā,2734,2786,53
19,Ps-i,อรรถกถาโกสัมพิยสูตร,418,448,31,8. Kosambiyasuttavaṇṇanā,2787,2827,41
19,Ps-i,อรรถกถาพรหมนิมันตนิกสูตร,449,473,25,9. Brahmanimantanikasuttavaṇṇanā,2828,2883,56
19,Ps-i,อรรถกถามารตัชชนียสูตร,474,,,10. Māratajjanīyasuttavaṇṇanā,2884,,
2,M-i,๑. จูฬสีหนาทสูตร,1,36,36,Cūḷasīhanādasuttaṃ,416,439,24
2,M-i,๒. มหาสีหนาทสูตร,37,112,76,Mahāsīhanādasuttaṃ,440,504,65
2,M-i,๓. มหาทุกขักขันธสูตร,113,134,22,Mahādukkhakkhandhasuttaṃ,505,535,31
2,M-i,๔. จูฬทุกขักขันธสูตร,135,151,17,Cūḷadukkhakkhandhasuttaṃ,536,558,23
2,M-i,๕. อนุมานสูตร,152,169,18,Anumānasuttaṃ,559,630,72
2,M-i,๖. เจโตขีลสูตร,170,185,16,Cetokhilasuttaṃ,631,657,27
2,M-i,๗. วนปัตถสูตร,186,194,9,Vanapatthasuttaṃ,658,669,12
2,M-i,๘. มธุปิณฑิกสูตร,195,214,20,Madhupiṇḍikasuttaṃ,670,687,18
2,M-i,๙. เทวธาวิตักกสูตร,215,233,19,Dvedhāvitakkasuttaṃ,688,705,18
2,M-i,๑๐. วิตักกสัณฐานสูตร,234,253,20,Vitakkasaṇṭhānasuttaṃ,706,720,15
2,M-i,๑. กกจูปมสูตร,254,278,25,Kakacūpamasuttaṃ,721,746,26
2,M-i,๒. อลคัททูปมสูตร,279,323,45,Alagaddūpamasuttaṃ,747,798,52
2,M-i,๓. วัมมิกสูตร,324,346,23,Vammikasuttaṃ,799,817,19
2,M-i,๔. รถวินีตสูตร,347,389,43,Rathavinītasuttaṃ,818,868,51
2,M-i,๕. นิวาปสูตร,390,409,20,Nivāpasuttaṃ,869,898,30
2,M-i,๖. ปาสราสิสูตร,410,469,60,Pāsarāsisuttaṃ,899,988,90
2,M-i,๗. จูฬหัตถิปโทปมสูตร,470,515,46,Cūḷahatthipadopamasuttaṃ,989,1031,43
2,M-i,๘. มหาหัตถิปโทปมสูตร,516,545,30,Mahāhatthipadopamasuttaṃ,1032,1055,24
2,M-i,๙. มหาสาโรปมสูตร,546,557,12,Mahāsāropamasuttaṃ,1056,1073,18
2,M-i,๑๐. จูฬสาโรปมสูตร,558,,,Cūḷasāropamasuttaṃ,1074,1103,30
2,Ps-i,อรรกถาจุลลสีหนาทสูตร,10,63,54,1. Cūḷasīhanādasuttavaṇṇanā,1446,1543,98
2,Ps-i,อรรถกถามหาสีหนาทสูตร,64,125,62,2. Mahāsīhanādasuttavaṇṇanā,1544,1692,149
2,Ps-i,อรรถกถามหาทุกขักขันธสูตร,126,144,19,3. Mahādukkhakkhandhasuttavaṇṇanā,1693,1714,22
2,Ps-i,อรรถกถาจุลลทุกขักขันสูตร,145,166,22,4. Cūḷadukkhakkhandhasuttavaṇṇanā,1715,1730,16
2,Ps-i,อรรถกถาอนุมานสูตร,167,179,13,5. Anumānasuttavaṇṇanā,1731,1742,12
2,Ps-i,อรรถกถาเจโตขีลสูตร,180,192,13,6. Cetokhilasuttavaṇṇanā,1743,1755,13
2,Ps-i,อรรถกถาวนปัตถปริยายสูตร,193,205,13,7. Vanapatthapariyāyasuttavaṇṇanā,1756,1765,10
2,Ps-i,อรรถกถามธุปิณฑิกสูตร,206,222,17,8. Madhupiṇḍikasuttavaṇṇanā,1766,1785,20
2,Ps-i,อรรถกถาเทวธาวิตักกสูตร,223,239,17,9. Dvedhāvitakkasuttavaṇṇanā,1786,1808,23
2,Ps-i,อรรถกถาวิตักกสัณฐานสูตร,240,265,26,10. Vitakkasaṇṭhānasuttavaṇṇanā,1809,1849,41
2,Ps-i,อรรถกถากกจูปมสูตร,266,298,33,1. Kakacūpamasuttavaṇṇanā,1850,1878,29
2,Ps-i,อรรถกถาอลคัททูปมสูตร,299,328,30,2. Alagaddūpamasuttavaṇṇanā,1879,1932,54
2,Ps-i,อรรถกถาวัมมิกสูตร,329,355,27,3. Vammikasuttavaṇṇanā,1933,1974,42
2,Ps-i,อรรถกถารถวินีสูตร,356,404,49,4. Rathavinītasuttavaṇṇanā,1975,2062,88
2,Ps-i,อรรถกถานิวาปสูตร,405,430,26,5. Nivāpasuttavaṇṇanā,2063,2075,13
2,Ps-i,อรรถกถาปาสราสิสูตร,431,483,53,6. Pāsarāsisuttavaṇṇanā,2076,2166,91
2,Ps-i,อรรถกถาจุลลหัตถิปโทปมสูตร,484,528,45,7. Cūḷahatthipadopamasuttavaṇṇanā,2167,2235,69
2,Ps-i,อรรถกถามหาหัตถิปโทปมสูตร,529,555,27,8. Mahāhatthipadopamasuttavaṇṇanā,2236,2275,40
2,Ps-i,อรรถกถามหาสาโรปสูตร,556,567,12,9. Mahāsāropamasuttavaṇṇanā,2276,2284,9
2,Ps-i,อรรถกถาจุลลสาโรปมสูตร,568,,,10. Cūḷasāropamasuttavaṇṇanā,2285,2296,12
20,M-ii,๑. อรรถกถากันทรกสูตร,18,27,10,1. Kandarakasuttaṃ,5,28,24
20,M-ii,๒. อัฏฐกนาครสูตร,28,42,15,2. Aṭṭhakanāgarasuttaṃ,29,44,16
20,M-ii,๓. เสขปฏิปทาสูตร,43,72,30,3. Sekhasuttaṃ,45,67,23
20,M-ii,๔. โปตลิยสูตร,73,98,26,4. Potaliyasuttaṃ,68,108,41
20,M-ii,๕. ชีวกสูตร,99,111,13,5. Jīvakasuttaṃ,109,122,14
20,M-ii,๖. อุปาลิวาทสูตร,112,185,74,6. Upālisuttaṃ,123,233,111
20,M-ii,๗. กุกกุโรวาทสูตร,186,201,16,7. Kukkuravatikasuttaṃ,234,247,14
20,M-ii,๘. อภยราชกุมารสูตร,202,214,13,8. Abhayarājakumārasuttaṃ,248,260,13
20,M-ii,๙. พหุเวทนิยสูตร,215,222,8,9. Bahuvedanīyasuttaṃ,261,276,16
20,M-ii,๑๐. อปัณณกสูตร,223,277,55,10. Apaṇṇakasuttaṃ,277,324,48
20,M-ii,๒. มหาราหุโลวาทสูตร,278,297,20,2. Mahārāhulovādasuttaṃ,325,345,21
20,M-ii,๓. จูฬมาลุงกยโอวาทสูตร,298,307,10,3. Cūḷamālukyasuttaṃ,346,355,10
20,M-ii,๔. มหามาลุงกยโอวาทสูตร,308,320,13,4. Mahāmālukyasuttaṃ,356,371,16
20,M-ii,๕. ภัททาลิสูตร,321,351,31,5. Bhaddālisuttaṃ,372,407,36
20,M-ii,๖. ลฑุกิโกปมสูตร,352,375,24,6. Laṭukikopamasuttaṃ,408,424,17
20,M-ii,๗. จาตุมสูตร,376,390,15,7. Cātumasuttaṃ,425,436,12
20,M-ii,๘. นฬกปานสูตร,391,406,16,8. Naḷakapānasuttaṃ,437,459,23
20,M-ii,๙. โคลิสสานิสูตร,407,416,10,9. Goliyānisuttaṃ,460,481,22
20,M-ii,๑๐. กีฏาคิริสูตร,417,443,27,10. Kīṭāgirisuttaṃ,482,508,27
20,M-ii,๑. อรรถกถาเตวิชชวัจฉสูตร,444,446,3,1. Tevijjavacchasuttaṃ,509,519,11
20,M-ii,๒. อัคคิวัจฉโคตตสูตร,447,455,9,2. Aggivacchasuttaṃ,520,549,30
20,M-ii,๓. มหาวัจฉโคตตสูตร,456,471,16,3. Mahāvacchasuttaṃ,550,578,29
20,M-ii,๔. ทีฆนขสูตร,472,485,14,4. Dīghanakhasuttaṃ,579,587,9
20,M-ii,๕. มาคัณฑิยสูตร,486,512,27,5. Māgaṇḍiyasuttaṃ,588,614,27
20,M-ii,๖. สันทกสูตร,513,548,36,6. Sandakasuttaṃ,615,644,30
20,M-ii,๗. มหาสกุลุทายิสูตร,549,604,56,7. Mahāsakuludāyisuttaṃ,645,701,57
20,M-ii,๘. สมณมุณฑิกสูตร,605,618,14,8. Samaṇamuṇḍikasuttaṃ,702,732,31
20,M-ii,๙. จูฬสกุลุทายิสูตร,619,641,23,9. Cūḷasakuludāyisuttaṃ,733,779,47
20,M-ii,๑๐. เวขณสสูตร,642,,,10. Vekhanasasuttaṃ,780,801,22
20,Ps-ii,๑. อรรถกถากันทรกสูตร,18,37,20,Kandarakasuttavaṇṇanā,5,25,21
20,Ps-ii,๒. อรรถกถาอัฏฐกนาครสูตร,38,88,51,Aṭṭhakanāgarasuttavaṇṇanā,26,120,95
20,Ps-ii,๔. อรรถกถาโปตลิยสูตร,89,135,47,Potaliyasuttavaṇṇanā,121,164,44
20,Ps-ii,๖. อรรถกถาอุปาลิวาทสูตร,136,192,57,Upālisuttavaṇṇanā,165,333,169
20,Ps-ii,๗. อรรถกถากุกกุโรวาทสูตร,193,207,15,Kukkuravatikasuttavaṇṇanā,334,355,22
20,Ps-ii,๘. อรรถกถาอภัยราชกุมารสูตร,208,220,13,Abhayarājakumārasuttavaṇṇanā,356,370,15
20,Ps-ii,๙. อรรถกถาพหุเวทนิสูตร,221,252,32,Bahuvedanīyasuttavaṇṇanā,371,378,8
20,Ps-ii,๑๐. อรรถกถาอปัณณกสูตร,253,270,18,Apaṇṇakasuttavaṇṇanā,379,404,26
20,Ps-ii,๑. อรรถกถาอัมพลัฏฐิกราหุโลวาทสูตร,271,304,34,Ambalaṭṭhikarāhulovādasuttavaṇṇanā,405,460,56
20,Ps-ii,๓. อรรถกถาจูฬมาลุงกยโอวาทสูตร,305,314,10,Cūḷamālukyasuttavaṇṇanā,461,468,8
20,Ps-ii,๔. อรรถกถามหามาลุงกยโอวาทสูตร,315,336,22,Mahāmālukyasuttavaṇṇanā,469,480,12
20,Ps-ii,๕. อรรถกถาภัททาลิสูตร,337,365,29,Bhaddālisuttavaṇṇanā,481,520,40
20,Ps-ii,๖. อรรถกถาลฏุกิโกปมสูตร,366,401,36,Laṭukikopamasuttavaṇṇanā,521,554,34
20,Ps-ii,๘. อรรถกถานฬกปานสูตร,402,412,11,Naḷakapānasuttavaṇṇanā,555,572,18
20,Ps-ii,๙. อรรถกถาโคลิสสานิสูตร,413,430,18,Goliyānisuttavaṇṇanā,573,580,8
20,Ps-ii,๑๐. อรรถกถากีฏาคิริสูตร,431,443,13,Kīṭāgirisuttavaṇṇanā,581,603,23
20,Ps-ii,๑. อรรถกถาเตวิชชวัจฉสูตร,444,452,9,Tevijjavacchasuttavaṇṇanā,604,610,7
20,Ps-ii,๒. อรรถกถาอัคคิวัจฉสูตร,453,467,15,Aggivacchasuttavaṇṇanā,611,620,10
20,Ps-ii,๓. อรรถกถามหาวัจฉสูตร,468,477,10,Mahāvacchasuttavaṇṇanā,621,636,16
20,Ps-ii,๔. อรรถกถาทีฆนขสูตร,478,501,24,Dīghanakhasuttavaṇṇanā,637,662,26
20,Ps-ii,๕. อรรถกถามาคัณฑิยสูตร,502,536,35,Māgaṇḍiyasuttavaṇṇanā,663,699,37
20,Ps-ii,๖. อรรถกถาสันทกสูตร,537,576,40,Sandakasuttavaṇṇanā,700,731,32
20,Ps-ii,๗. อรรถกถามหาสกุลุทายิสูตร,577,612,36,Mahāsakuludāyisuttavaṇṇanā,732,791,60
20,Ps-ii,๘. อรรถกถาสมณมุณฑิกสูตร,613,648,36,Samaṇamuṇḍikasuttavaṇṇanā,792,830,39
20,Ps-ii,๑๐. อรรถกถาเวขณสสูตร,649,,,Vekhanasasuttavaṇṇanā,831,839,9
21,M-ii,๑. ฆฏิการสูตร,1,23,23,Ghaṭikārasuttaṃ,802,817,16
21,M-ii,๒. รัฏฐปาลสูตร,24,64,41,Raṭṭhapālasuttaṃ,818,905,88
21,M-ii,๓. มฆเทวสูตร,65,89,25,Maghadevasuttaṃ,906,919,14
21,M-ii,๔. มธุรสูตร,90,101,12,Madhurasuttaṃ,920,940,21
21,M-ii,๕. โพธิราชกุมารสูตร,102,140,39,Bodhirājakumārasuttaṃ,941,1017,77
21,M-ii,๖. อังคุลิมาลสูตร,141,169,29,Aṅgulimālasuttaṃ,1018,1086,69
21,M-ii,๗. ปิยชาติกสูตร,170,181,12,Piyajātikasuttaṃ,1087,1102,16
21,M-ii,๘. พาหิติยสูตร,182,192,11,Bāhitikasuttaṃ,1103,1136,34
21,M-ii,๙. ธรรมเจติยสูตร,193,210,18,Dhammacetiyasuttaṃ,1137,1150,14
21,M-ii,๑๐. กรรณกัตถลสูตร,211,230,20,Kaṇṇakatthalasuttaṃ,1151,1170,20
21,M-ii,๑. พรหมายุสูตร,231,283,53,Brahmāyusuttaṃ,1171,1253,83
21,M-ii,๒. เสลสูตร,284,303,20,Selasuttaṃ,1254,1322,69
21,M-ii,๓. อัสสลายนสูตร,304,321,18,Assalāyanasuttaṃ,1323,1351,29
21,M-ii,๔. โฆฏมุขสูตร,322,339,18,Ghoṭamukhasuttaṃ,1352,1385,34
21,M-ii,๕. จังกีสูตร,340,371,32,Caṅkīsuttaṃ,1386,1414,29
21,M-ii,๖. เอสุการีสูตร,372,383,12,Esukārīsuttaṃ,1415,1435,21
21,M-ii,๗. ธนัญชานิสูตร,384,403,20,Dhanañjānisuttaṃ,1436,1465,30
21,M-ii,๘. วาเสฏฐสูตร,404,427,24,Vāseṭṭhasuttaṃ,1466,1607,142
21,M-ii,๙. สุภสูตร,428,450,23,Subhasuttaṃ,1608,1652,45
21,M-ii,๑๐. สคารวสูตร,451,,,Saṅgāravasuttaṃ,1653,,
21,Ps-ii,อรรถกถาฆฏิการสูตร,14,46,33,Ghaṭikārasuttavaṇṇanā,840,861,22
21,Ps-ii,อรรถกถารัฏฐปาลสูตร,47,77,31,Raṭṭhapālasuttavaṇṇanā,862,915,54
21,Ps-ii,อรรถกถามฆเทวัมพสูตร,78,99,22,Maghadevasuttavaṇṇanā,916,973,58
21,Ps-ii,อรรถกถามธุรสูตร,100,133,34,Madhurasuttavaṇṇanā,974,980,7
21,Ps-ii,อรรถกถาโพธิราชกุมารสูตร,134,153,20,Bodhirājakumārasuttavaṇṇanā,981,995,15
21,Ps-ii,อรรถกถาอังคุลิมาลสูตร,154,179,26,Aṅgulimālasuttavaṇṇanā,996,1034,39
21,Ps-ii,อรรถกถาปิยชาติกสูตร,180,190,11,Piyajātikasuttavaṇṇanā,1035,1044,10
21,Ps-ii,อรรถกถาพาหิติยสูตร,191,202,12,Bāhitikasuttavaṇṇanā,1045,1053,9
21,Ps-ii,อรรถกถาธรรมเจติยสูตร,203,223,21,Dhammacetiyasuttavaṇṇanā,1054,1071,18
21,Ps-ii,อรรถกถากรรณกัตถลสูตร,224,247,24,Kaṇṇakatthalasuttavaṇṇanā,1072,1085,14
21,Ps-ii,อรรถกถาพรหมายุสูตร,248,294,47,Brahmāyusuttavaṇṇanā,1086,1168,83
21,Ps-ii,อรรถกถาเสลสูตร,295,317,23,Selasuttavaṇṇanā,1169,1189,21
21,Ps-ii,อรรถกถาอัสสลายนสูตร,318,336,19,Assalāyanasuttavaṇṇanā,1190,1204,15
21,Ps-ii,อรรถกถาโฆฏมุขสูตร,337,357,21,Ghoṭamukhasuttavaṇṇanā,1205,1211,7
21,Ps-ii,อรรถกถาจังกีสูตร,358,381,24,Caṅkīsuttavaṇṇanā,1212,1244,33
21,Ps-ii,อรรถกถาเอสุกรีสูตร,382,401,20,Esukārīsuttavaṇṇanā,1245,1249,5
21,Ps-ii,อรรถกถาธนัญชานิสูตร,402,414,13,Dhanañjānisuttavaṇṇanā,1250,1256,7
21,Ps-ii,อรรถกถาวาเสฏฐสูตร,415,442,28,Vāseṭṭhasuttavaṇṇanā,1257,1307,51
21,Ps-ii,อรรถกถาสุภสูตร,443,467,25,Subhasuttavaṇṇanā,1308,1323,16
21,Ps-ii,อรรถกถาสคารวสูตร,468,,,Saṅgāravasuttavaṇṇanā,1324,,
22,M-iii,๑. เทวทหสูตร,1,37,37,Devadahasuttaṃ,5,48,44
22,M-iii,๒. ปัญจัตตยสูตร,38,64,27,Pañcattayasuttaṃ,49,65,17
22,M-iii,๓. กินติสูตร,65,76,12,Kintisuttaṃ,66,82,17
22,M-iii,๔. สามคามสูตร,77,106,30,Sāmagāmasuttaṃ,83,110,28
22,M-iii,๕. สุนักขัตตสูตร,107,124,18,Sunakkhattasuttaṃ,111,129,19
22,M-iii,๖. อาเนญชสัปปายสูตร,125,142,18,Āneñjasappāyasuttaṃ,130,142,13
22,M-iii,๗. คณกโมคคัลลานสูตร,143,152,10,Gaṇakamoggallānasuttaṃ,143,162,20
22,M-iii,๘. โคปกโมคคัลลานสูตร,153,168,16,Gopakamoggallānasuttaṃ,163,190,28
22,M-iii,๙. มหาปุณณมสูตร,169,184,16,Mahāpuṇṇamasuttaṃ,191,207,17
22,M-iii,๑๐. จูฬปุณณสูตร,185,193,9,Cūḷapuṇṇamasuttaṃ,208,235,28
22,M-iii,๑. อนุปทสูตร,194,212,19,Anupadasuttaṃ,236,250,15
22,M-iii,๒. ฉวิโสธนสูตร,213,231,19,Chabbisodhanasuttaṃ,251,268,18
22,M-iii,๓. สัปปุริสสูตร,232,246,15,Sappurisasuttaṃ,269,291,23
22,M-iii,๔. เสวิตัพพาเสวิตัพพสูตร,247,289,43,Sevitabbāsevitabbasuttaṃ,292,339,48
22,M-iii,๕. พหุธาตุกสูตร,290,331,42,Bahudhātukasuttaṃ,340,360,21
22,M-iii,๖. อิสิคิลิสูตร,332,340,9,Isigilisuttaṃ,361,419,59
22,M-iii,๗. มหาจัตตารีสกสูตร,341,361,21,Mahācattārīsakasuttaṃ,420,438,19
22,M-iii,๘. อานาปานสติสูตร,362,384,23,Ānāpānassatisuttaṃ,439,472,34
22,M-iii,๙. กายคตาสติสูตร,385,403,19,Kāyagatāsatisuttaṃ,473,506,34
22,M-iii,๑๐. สังขารูปปัตติสูตร,404,,,Saṅkhārupapattisuttaṃ,507,529,23
22,Ps-iii,อรรถกถาเทวทหวรรค,24,23,0,1. Devadahavaggo,4,4,1
22,Ps-iii,อรรถกถาเทวทหสูตรที่ ๑,24,51,28,1. Devadahasuttavaṇṇanā,5,33,29
22,Ps-iii,อรรถกถาปัญจัตตยสูตร,52,71,20,2. Pañcattayasuttavaṇṇanā,34,66,33
22,Ps-iii,อรรถกถากินติสูตร,72,88,17,3. Kintisuttavaṇṇanā,67,80,14
22,Ps-iii,อรรถกถาสูตรสามคามสูตร,89,118,30,4. Sāmagāmasuttavaṇṇanā,81,128,48
22,Ps-iii,อรรถกถาสุนักขัตตสูตร,119,130,12,5. Sunakkhattasuttavaṇṇanā,129,144,16
22,Ps-iii,อรรถกถาอาเนญชสัปปายสูตร,131,150,20,6. Āneñjasappāyasuttavaṇṇanā,145,167,23
22,Ps-iii,อรรถกถาคณกโมคคัลลานสูตร,151,164,14,7. Gaṇakamoggallānasuttavaṇṇanā,168,176,9
22,Ps-iii,อรรถกถาโคปกโมคคัลลานสูตร,165,178,14,8. Gopakamoggallānasuttavaṇṇanā,177,187,11
22,Ps-iii,อรรถกถามหาปุณณมสูตร,179,190,12,9. Mahāpuṇṇamasuttavaṇṇanā,188,203,16
22,Ps-iii,อรรถกถาจูฬปุณณมสูตร,191,193,3,10. Cūḷapuṇṇamasuttavaṇṇanā,204,211,8
22,Ps-iii,อนุปทวรรค,194,200,7,2. Anupadavaggo,212,212,1
22,Ps-iii,อรรถกถาอนุปทสูตร,201,223,23,1. Anupadasuttavaṇṇanā,213,238,26
22,Ps-iii,อรรถกถาฉวิโสธนสูตร,224,244,21,2. Chabbisodhanasuttavaṇṇanā,239,257,19
22,Ps-iii,อรรถกถาสัปปุริสธรรมสูตร,245,285,41,3. Sappurisadhammasuttavaṇṇanā,258,266,9
22,Ps-iii,อรรถกถาเสวิตัพพาเสวิตัพพสูตร,286,300,15,4. Sevitabbāsevitabbasuttavaṇṇanā,267,277,11
22,Ps-iii,อรรถกถาพหุธาตุกสูตร,301,335,35,5. Bahudhātukasuttavaṇṇanā,278,351,74
22,Ps-iii,อรรถกถาอิสิคิลิสูตร,336,352,17,6. Isigilisuttavaṇṇanā,352,368,17
22,Ps-iii,อรรถกถามหาจัตตารีสกสูตร,353,375,23,7. Mahācattārīsakasuttavaṇṇanā,369,387,19
22,Ps-iii,อรรถกถาอานาปานสติสูตร,376,400,25,8. Ānāpānassatisuttavaṇṇanā,388,405,18
22,Ps-iii,อรรถกถากายคตาสติสูตร,401,415,15,9. Kāyagatāsatisuttavaṇṇanā,406,415,10
22,Ps-iii,อรรถกถาสังขารูปปัตติสูตร,416,,,10. Saṅkhārupapattisuttavaṇṇanā,416,429,14
23,M-iii,สุญญตวรรค,1,0,0,3. Suññatavaggo,530,530,1
23,M-iii,๑. จูฬสุญญตสูตร,1,13,13,1. Cūḷasuññatasuttaṃ,531,542,12
23,M-iii,๒. มหาสุญญตสูตร,14,37,24,2. Mahāsuññatasuttaṃ,543,568,26
23,M-iii,๓. อัจฉริยัพภูตธัมมสูตร,38,71,34,3. Acchariyaabbhutasuttaṃ,569,594,26
23,M-iii,๔. พักกุลัตเถรัจฉริยัพภูตสูตร,72,83,12,4. Bākulasuttaṃ,595,610,16
23,M-iii,๕. ทันตภูมิสูตร,84,98,15,5. Dantabhūmisuttaṃ,611,637,27
23,M-iii,๖. ภูมิชสูตร,99,109,11,6. Bhūmijasuttaṃ,638,652,15
23,M-iii,๗. อนุรุทธสูตร,110,123,14,7. Anuruddhasuttaṃ,653,674,22
23,M-iii,๘. อุปักกิเลสสูตร,124,146,23,8. Upakkilesasuttaṃ,675,729,55
23,M-iii,๙. พาลบัณฑิตสูตร,147,188,42,9. Bālapaṇḍitasuttaṃ,730,777,48
23,M-iii,๑๐. เทวทูตสูตร,189,209,21,10. Devadūtasuttaṃ,778,832,55
23,M-iii,วิภังควรรค,210,209,0,4. Vibhaṅgavaggo,833,833,1
23,M-iii,๑. ภัทเทกรัตตสูตร,210,218,9,1. Bhaddekarattasuttaṃ,834,860,27
23,M-iii,๒. อานันทภัทเทกรัตตสูตร,219,225,7,2. Ānandabhaddekarattasuttaṃ,861,895,35
23,M-iii,๓. มหากัจจานภัทเทกรัตตสูตร,226,241,16,3. Mahākaccānabhaddekarattasuttaṃ,896,959,64
23,M-iii,๔. โลมสกังคิยภัทเทกรัตตสูตร,242,250,9,4. Lomasakaṅgiyabhaddekarattasuttaṃ,960,995,36
23,M-iii,๕. จูฬกัมมวิภังคสูตร,251,267,17,5. Cūḷakammavibhaṅgasuttaṃ,996,1017,22
23,M-iii,๖. มหากัมมวิภังคสูตร,268,284,17,6. Mahākammavibhaṅgasuttaṃ,1018,1043,26
23,M-iii,๗. สฬายตนวิภังคสูตร,285,303,19,7. Saḷāyatanavibhaṅgasuttaṃ,1044,1071,28
23,M-iii,๘. อุทเทสวิภังคสูตร,304,318,15,8. Uddesavibhaṅgasuttaṃ,1072,1099,28
23,M-iii,๙. อรณวิภังคสูตร,319,333,15,9. Araṇavibhaṅgasuttaṃ,1100,1133,34
23,M-iii,๑๐. ธาตุวิภังคสูตร,334,380,47,10. Dhātuvibhaṅgasuttaṃ,1134,1171,38
23,M-iii,๑๑. สัจจวิภังคสูตร,381,390,10,11. Saccavibhaṅgasuttaṃ,1172,1202,31
23,M-iii,๑๒. ทักษิณาวิภังคสูตร,391,411,21,12. Dakkhiṇāvibhaṅgasuttaṃ,1203,1246,44
23,M-iii,สฬายตนวรรค,412,411,0,5. Saḷāyatanavaggo,1247,1247,1
23,M-iii,๑. อนาถปิณฑิโกวาทสูตร,412,427,16,1. Anāthapiṇḍikovādasuttaṃ,1248,1286,39
23,M-iii,๒. ฉันโนวาทสูตร,428,435,8,2. Channovādasuttaṃ,1287,1300,14
23,M-iii,๓. ปุณโณวาทสูตร,436,449,14,3. Puṇṇovādasuttaṃ,1301,1317,17
23,M-iii,๔. นันทโกวาทสูตร,450,476,27,4. Nandakovādasuttaṃ,1318,1342,25
23,M-iii,๕. จูฬราหุโลวาทสูตร,477,485,9,5. Cūḷarāhulovādasuttaṃ,1343,1350,8
23,M-iii,๖. ฉฉักกสูตร,486,500,15,6. Chachakkasuttaṃ,1351,1384,34
23,M-iii,๗. สฬายตนวิภังคสูตร,501,508,8,7. Mahāsaḷāyatanikasuttaṃ,1385,1410,26
23,M-iii,๘. นครวินเทยยสูตร,509,514,6,8. Nagaravindeyyasuttaṃ,1411,1418,8
23,M-iii,๙. ปิณฑปาตปาริสุทธิสูตร,515,522,8,9. Piṇḍapātapārisuddhisuttaṃ,1419,1437,19
23,M-iii,๑๐. อินทริยภาวหาสูตร,523,,,10. Indriyabhāvanāsuttaṃ,1438,,
23,Ps-iii,อรรถกถาจูฬสุญญตาสูตร,8,25,18,Cūḷasuññatasuttavaṇṇanā,430,442,13
23,Ps-iii,อรรถกถามหาสูญญตาสูตร,26,46,21,Mahāsuññatasuttavaṇṇanā,443,476,34
23,Ps-iii,อรรถกถาอัจฉริยัพภูตสูตร,47,76,30,Acchariyaabbhutasuttavaṇṇanā,477,537,61
23,Ps-iii,อรรถกถาพักกุลสูตร,77,95,19,Bākulasuttavaṇṇanā,538,555,18
23,Ps-iii,อรรถกถาทันตภูมิสูตร,96,108,13,Dantabhūmisuttavaṇṇanā,556,570,15
23,Ps-iii,อรรถกถาภูมิชสูตร,109,119,11,Bhūmijasuttavaṇṇanā,571,574,4
23,Ps-iii,อรรถกถาอนุรุทธสูตร,120,138,19,Anuruddhasuttavaṇṇanā,575,588,14
23,Ps-iii,อรรถกถาอุปักกิเลสสูตร,139,167,29,Upakkilesasuttavaṇṇanā,589,616,28
23,Ps-iii,อรรถกถาพาลบัณฑิตสูตร,168,201,34,Bālapaṇḍitasuttavaṇṇanā,617,679,63
23,Ps-iii,อรรถกถาเทวทูตสูตร,202,214,13,Devadūtasuttavaṇṇanā,680,711,32
23,Ps-iii,อรรถกถาภัทเทกรัตตสูตร,215,224,10,Bhaddekarattasuttavaṇṇanā,712,724,13
23,Ps-iii,อรรถกถาอานันทภัทเทกรัตตสูตร,225,239,15,Ānandabhaddekarattasuttavaṇṇanā,725,729,5
23,Ps-iii,อรรถกถามหากัจจานภัทเทกรัตตสูตร,240,248,9,Mahākaccānabhaddekarattasuttavaṇṇanā,730,737,8
23,Ps-iii,อรรถกาโลมสกังคยภัทเทกรัตตสูตร,249,259,11,Lomasakaṅgiyabhaddekarattasuttavaṇṇanā,738,744,7
23,Ps-iii,อรรถกถาสุภสูตร,260,278,19,Cūḷakammavibhaṅgasuttavaṇṇanā,745,770,26
23,Ps-iii,อรรถกถามหากัมมวิภังคสูตร,279,296,18,Mahākammavibhaṅgasuttavaṇṇanā,771,788,18
23,Ps-iii,อรรถกถาสฬตนวิภังคสูตร,297,315,19,Saḷāyatanavibhaṅgasuttavaṇṇanā,789,817,29
23,Ps-iii,อรรถกถาอุทเทสวิภังคสูตร,316,330,15,Uddesavibhaṅgasuttavaṇṇanā,818,826,9
23,Ps-iii,อรรถกถาอรณวิภังคสูตร,331,346,16,Araṇavibhaṅgasuttavaṇṇanā,827,839,13
23,Ps-iii,อรรถกถาธาตุวิภังคสูตร,347,387,41,Dhātuvibhaṅgasuttavaṇṇanā,840,928,89
23,Ps-iii,อรรถกถาสัจจวิภังคสูตร,388,397,10,Saccavibhaṅgasuttavaṇṇanā,929,934,6
23,Ps-iii,อรรถกถาทักขิณาวิภังคสูตร,398,422,25,Dakkhiṇāvibhaṅgasuttavaṇṇanā,935,970,36
23,Ps-iii,อรรถกถาอนาถปิณฑิโกวาทสูตร,423,433,11,Anāthapiṇḍikovādasuttavaṇṇanā,971,984,14
23,Ps-iii,อรรถกถาฉันโนวาทสูตร,434,441,8,Channovādasuttavaṇṇanā,985,992,8
23,Ps-iii,อรรถกถาปุณโณวาทสูตร,442,470,29,Puṇṇovādasuttavaṇṇanā,993,1014,22
23,Ps-iii,อรรถกถานันทโกวาทสูตร,471,482,12,Nandakovādasuttavaṇṇanā,1015,1029,15
23,Ps-iii,อรรถกถาราหุโลวาทสูตร,483,496,14,Rāhulovādasuttavaṇṇanā,1030,1036,7
23,Ps-iii,อรรถกถาฉฉักกสูตร,497,506,10,Chachakkasuttavaṇṇanā,1037,1050,14
23,Ps-iii,อรรถกถามหาสฬายตนสูตร,507,513,7,Mahāsaḷāyatanikasuttavaṇṇanā,1051,1060,10
23,Ps-iii,อรรถกถานครวินเทยยสูตร,514,520,7,Nagaravindeyyasuttavaṇṇanā,1061,1065,5
23,Ps-iii,อรรถกถาปิณฑปาตปาริสุทธิสูตร,521,529,9,Piṇḍapātapārisuddhisuttavaṇṇanā,1066,1071,6
23,Ps-iii,อรรถกถาอินทริยภานาสูตร,530,,,Indriyabhāvanāsuttavaṇṇanā,1072,,
24,S-i,๑. โอฆตรณสูตร,1,39,39,Oghataraṇasuttaṃ,6,10,5
24,S-i,๒. นิโมกขสูตร,40,43,4,Nimokkhasuttaṃ,11,16,6
24,S-i,๓. อุปเนยยสูตร,44,48,5,Upanīyasuttaṃ,17,26,10
24,S-i,๔. อัจเจนติสูตร,49,51,3,Accentisuttaṃ,27,36,10
24,S-i,๕. กติฉันทิสูตร,52,54,3,Katichindasuttaṃ,37,42,6
24,S-i,๖. ชาครสูตร,55,56,2,Jāgarasuttaṃ,43,48,6
24,S-i,๗. อัปปฏิวิทิตสูตร,57,59,3,Appaṭividitasuttaṃ,49,54,6
24,S-i,๘. สุสัมมุฏฐสูตร,60,61,2,Susammuṭṭhasuttaṃ,55,60,6
24,S-i,๙. มานกามสูตร,62,65,4,Mānakāmasuttaṃ,61,70,10
24,S-i,๑๐. อรัญญสูตร,66,69,4,Araññasuttaṃ,71,84,14
24,S-i,๑. นันทนสูตร,70,74,5,Nandanasuttaṃ,85,93,9
24,S-i,๒. นันทิสูตร,75,79,5,Nandatisuttaṃ,94,103,10
24,S-i,๓. นัตถิปุตตสมสูตร,80,82,3,Natthiputtasamasuttaṃ,104,109,6
24,S-i,๔. ขัตติยสูตร,83,85,3,Khattiyasuttaṃ,110,114,5
24,S-i,๕. สกมานสูตร,86,88,3,Saṇamānasuttaṃ,115,119,5
24,S-i,๖. นิททาตันทิสูตร,89,91,3,Niddātandīsuttaṃ,120,124,5
24,S-i,๗. ทุกกรสูตร,92,94,3,Dukkarasuttaṃ,125,133,9
24,S-i,๘. หิริสูตร,95,96,2,Hirīsuttaṃ,134,138,5
24,S-i,๙. กุฏิกาสูตร,97,99,3,Kuṭikāsuttaṃ,139,150,12
24,S-i,๑๐. สมิทธิสูตร,100,122,23,Samiddhisuttaṃ,151,200,50
24,S-i,๑. สัตติสูตร,123,125,3,Sattisuttaṃ,201,206,6
24,S-i,๒. ผุสติสูตร,126,127,2,Phusatisuttaṃ,207,214,8
24,S-i,๓. ชฏาสูตร,128,132,5,Jaṭāsuttaṃ,215,224,10
24,S-i,๔. มโนนิวารณสูตร,133,134,2,Manonivāraṇasuttaṃ,225,233,9
24,S-i,๕. อรหันตสูตร,135,138,4,Arahantasuttaṃ,234,257,24
24,S-i,๖. ปัชโชตสูตร,139,140,2,Pajjotasuttaṃ,258,265,8
24,S-i,๗. สรสูตร,141,142,2,Sarasuttaṃ,266,272,7
24,S-i,๘. มหัทธนสูตร,143,144,2,Mahaddhanasuttaṃ,273,281,9
24,S-i,๙. จตุจักกสูตร,145,147,3,Catucakkasuttaṃ,282,287,6
24,S-i,๑๐. เอณิชังฆสูตร,148,,,Eṇijaṅghasuttaṃ,288,1654,1367
24,Spk-i,เทวตาสังยุตตวรรณนา,6,5,0,1. Devatāsaṃyuttaṃ,44,44,1
24,Spk-i,นฬวรรคที่ ๑,6,5,0,1. Naḷavaggo,45,45,1
24,Spk-i,อรรถกถาโอฆตรณสูตร,6,40,35,1. Oghataraṇasuttavaṇṇanā,46,121,76
24,Spk-i,อรรถกถานิโมกขสูตร,41,44,4,2. Nimokkhasuttavaṇṇanā,122,125,4
24,Spk-i,อรรถกถาอุปเนยยสูตร,45,49,5,3. Upanīyasuttavaṇṇanā,126,136,11
24,Spk-i,อรรถกถาอัจเจนติสูตร,50,52,3,4. Accentisuttavaṇṇanā,137,139,3
24,Spk-i,อรรถกถากติฉินทิสูตร,53,55,3,5. Katichindasuttavaṇṇanā,140,142,3
24,Spk-i,อรรถกถาชาครสูตร,56,57,2,6. Jāgarasuttavaṇṇanā,143,145,3
24,Spk-i,อรรถกถาอัปปฏิวัทิตสูตร,58,60,3,7. Appaṭividitasuttavaṇṇanā,146,148,3
24,Spk-i,อรรถกถาสุสัมมุฏฐสูตร,61,62,2,8. Susammuṭṭhasuttavaṇṇanā,149,151,3
24,Spk-i,อรรถกถามานกามสูตร,63,66,4,9. Mānakāmasuttavaṇṇanā,152,155,4
24,Spk-i,อรรถกถาอรัญญสูตร,67,69,3,10. Araññasuttavaṇṇanā,156,160,5
24,Spk-i,นันทหวรรคที่ ๒,70,70,1,2. Nandanavaggo,161,161,1
24,Spk-i,อรรถกถานันทนสูตร,71,75,5,1. Nandanasuttavaṇṇanā,162,168,7
24,Spk-i,อรรถกถานันทิสูตร,76,80,5,2. Nandatisuttavaṇṇanā,169,175,7
24,Spk-i,อรรถกถานัตถิปุตตสมสูตร,81,83,3,3. Natthiputtasamasuttavaṇṇanā,176,179,4
24,Spk-i,อรรถกถาขัตติยสูตร,84,86,3,4. Khattiyasuttavaṇṇanā,180,182,3
24,Spk-i,อรรกถาสกมานสูตร,87,89,3,5. Saṇamānasuttavaṇṇanā,183,190,8
24,Spk-i,อรรถกถานิททาตันทิสูตร,90,92,3,6. Niddātandīsuttavaṇṇanā,191,193,3
24,Spk-i,อรรถกถาทุกกรสูตร,93,95,3,7. Dukkarasuttavaṇṇanā,194,198,5
24,Spk-i,อรรถกถาหิริสูตร,96,97,2,8. Hirīsuttavaṇṇanā,199,201,3
24,Spk-i,อรรถกถากุฏิกาสูตร,98,105,8,9. Kuṭikāsuttavaṇṇanā,202,205,4
24,Spk-i,อรรถกถาสมิทธิสูตร,106,122,17,10. Samiddhisuttavaṇṇanā,206,239,34
24,Spk-i,สัตติวรรคที่ ๓,123,123,1,3. Sattivaggo,240,240,1
24,Spk-i,อรรถกถาสัตติสูตร,124,126,3,1. Sattisuttavaṇṇanā,241,244,4
24,Spk-i,อรรถกถาผุสติสูตร,127,128,2,2. Phusatisuttavaṇṇanā,245,246,2
24,Spk-i,อรรถกถากถาชฏาสูตร,129,132,4,3. Jaṭāsuttavaṇṇanā,247,252,6
24,Spk-i,อรรกถามโนนิวารณสูตร,133,135,3,4. Manonivāraṇasuttavaṇṇanā,253,254,2
24,Spk-i,อรรถกถาอรหันตสูตร,136,139,4,5. Arahantasuttavaṇṇanā,255,258,4
24,Spk-i,อรรถกถาปัชโชตสูตร,140,140,1,6. Pajjotasuttavaṇṇanā,259,260,2
24,Spk-i,อรรถกถาสรสูตร,141,143,3,7. Sarasuttavaṇṇanā,261,262,2
24,Spk-i,อรรถกถามหัทธนสูตร,144,145,2,8. Mahaddhanasuttavaṇṇanā,263,264,2
24,Spk-i,อรรถกถาจตุจักกสูตร,146,148,3,9. Catucakkasuttavaṇṇanā,265,266,2
24,Spk-i,อรรถกถาเอณิชังฆสูตร,149,,,10. Eṇijaṅghasuttavaṇṇanā,267,767,501
25,S-i,๑. ตโปกรรมสูตร,1,4,4,Tapokammasuttaṃ,1655,1665,11
25,S-i,๒. นาคสูตร,5,7,3,Hatthirājavaṇṇasuttaṃ,1666,1670,5
25,S-i,๓. สุภสูตร,8,9,2,Subhasuttaṃ,1671,1677,7
25,S-i,๔. ปฐมปาสสูตร,10,12,3,Paṭhamamārapāsasuttaṃ,1678,1685,8
25,S-i,๕. ทุติยปาสสูตร,13,16,4,Dutiyamārapāsasuttaṃ,1686,1693,8
25,S-i,๖. สัปปสูตร,17,20,4,Sappasuttaṃ,1694,1710,17
25,S-i,๗. สุปปติสูตร,21,23,3,Supatisuttaṃ,1711,1721,11
25,S-i,๘. นันทนสูตร,24,25,2,Nandatisuttaṃ,1722,1728,7
25,S-i,๙. ปฐมอายุสูตร,26,27,2,Paṭhamaāyusuttaṃ,1729,1737,9
25,S-i,๑๐. ทุติยอายุสูตร,28,29,2,Dutiyaāyusuttaṃ,1738,1751,14
25,S-i,๑. ปาสาณสูตร,30,31,2,Pāsāṇasuttaṃ,1752,1757,6
25,S-i,๒. สีหสูตร,32,33,2,Kinnusīhasuttaṃ,1758,1765,8
25,S-i,๓. สกลิกสูตร,34,36,3,Sakalikasuttaṃ,1766,1784,19
25,S-i,๔. ปฏิรูปสูตร,37,38,2,Patirūpasuttaṃ,1785,1792,8
25,S-i,๕. มานสสูตร,39,39,1,Mānasasuttaṃ,1793,1799,7
25,S-i,๖. ปัตตสูตร,40,42,3,Pattasuttaṃ,1800,1808,9
25,S-i,๗. อายตนสูตร,43,44,2,Chaphassāyatanasuttaṃ,1809,1816,8
25,S-i,๘. ปิณฑิกสูตร,45,47,3,Piṇḍasuttaṃ,1817,1824,8
25,S-i,๙. กัสสกสูตร,48,51,4,Kassakasuttaṃ,1825,1833,9
25,S-i,๑๐. รัชชสูตร,52,55,4,Rajjasuttaṃ,1834,1848,15
25,S-i,๑. สัมพหุลสูตร,56,59,4,Sambahulasuttaṃ,1849,1856,8
25,S-i,๒. สมิทธิสูตร,60,62,3,Samiddhisuttaṃ,1857,1864,8
25,S-i,๓. โคธิกสูตร,63,69,7,Godhikasuttaṃ,1865,1887,23
25,S-i,๔. สัตตวัสสสูตร,70,74,5,Sattavassānubandhasuttaṃ,1888,1911,24
25,S-i,๕. มารธีตุสูตร,75,84,10,Māradhītusuttaṃ,1912,1971,60
25,S-i,๑. อาฬวิกาสูตร,85,87,3,Āḷavikāsuttaṃ,1972,1981,10
25,S-i,๒. โสมาสูตร,88,89,2,Somāsuttaṃ,1982,1991,10
25,S-i,๓. โคตมีสูตร,90,93,4,Kisāgotamīsuttaṃ,1992,2002,11
25,S-i,๔. วิชยาสูตร,94,95,2,Vijayāsuttaṃ,2003,2014,12
25,S-i,๕. อุบลวรรณาสูตร,96,98,3,Uppalavaṇṇāsuttaṃ,2015,2030,16
25,S-i,๖. จาลาสูตร,99,100,2,Cālāsuttaṃ,2031,2041,11
25,S-i,๗. อุปจาลาสูตร,101,102,2,Upacālāsuttaṃ,2042,2054,13
25,S-i,๘. สีสุปจาลาสูตร,103,105,3,Sīsupacālāsuttaṃ,2055,2066,12
25,S-i,๙. เสลาสูตร,106,107,2,Selāsuttaṃ,2067,2078,12
25,S-i,๑๐. วชิราสูตร,108,110,3,Vajirāsuttaṃ,2079,2097,19
25,S-i,๑. อายาจนสูตร,111,126,16,Brahmāyācanasuttaṃ,2098,2125,28
25,S-i,๒. คารวสูตร,127,131,5,Gāravasuttaṃ,2126,2139,14
25,S-i,๓. พรหมเทวสูตร,132,139,8,Brahmadevasuttaṃ,2140,2171,32
25,S-i,๔. พกสูตร,140,148,9,Bakabrahmasuttaṃ,2172,2208,37
25,S-i,๕. อปาทิฏฐิสูตร,149,155,7,Aññatarabrahmasuttaṃ,2209,2227,19
25,S-i,๖. ปมาทสูตร,156,160,5,Brahmalokasuttaṃ,2228,2241,14
25,S-i,๗. ปฐมโกกาลิกสูตร,161,161,1,Kokālikasuttaṃ,2242,2245,4
25,S-i,๘. ติสสกสูตร,162,162,1,Katamodakatissasuttaṃ,2246,2249,4
25,S-i,๙. ตุทุพรหมสูตร,163,166,4,Turūbrahmasuttaṃ,2250,2266,17
25,S-i,๑๐. ทุติยโกกาลิกสูตร,167,175,9,Kokālikasuttaṃ,2267,2297,31
25,S-i,๑. สนังกุมารสูตร,176,177,2,Sanaṅkumārasuttaṃ,2298,2302,5
25,S-i,๒. เทวทัตตสูตร,178,178,1,Devadattasuttaṃ,2303,2306,4
25,S-i,๓. อันธกวินทสูตร,179,182,4,Andhakavindasuttaṃ,2307,2326,20
25,S-i,๔. อรุณวตีสูตร,183,188,6,Aruṇavatīsuttaṃ,2327,2343,17
25,S-i,๕. ปรินิพพานสูตร,189,,,Parinibbānasuttaṃ,2344,,
25,Spk-i,อรรถกถาตโปรกรรมสูตร,3,5,3,Tapokammasuttavaṇṇanā,768,771,4
25,Spk-i,อรรถกถานาคสูตร,6,8,3,Hatthirājavaṇṇasuttavaṇṇanā,772,775,4
25,Spk-i,อรรถกถาสุภสูตร,9,11,3,Subhasuttavaṇṇanā,776,777,2
25,Spk-i,อรรถกถาปฐมปาสสูตร,12,14,3,Paṭhamamārapāsasuttavaṇṇanā,778,780,3
25,Spk-i,อรรถกถาทุติยปาสสูตร,15,18,4,Dutiyamārapāsasuttavaṇṇanā,781,785,5
25,Spk-i,อรรถกถาสัปปสูตร,19,21,3,Sappasuttavaṇṇanā,786,790,5
25,Spk-i,อรรถกถาสุปปติสูตร,22,26,5,Supatisuttavaṇṇanā,791,796,6
25,Spk-i,อรรถกถาปฐมอายุสูตร,27,28,2,Paṭhamaāyusuttavaṇṇanā,797,799,3
25,Spk-i,อรรถกถาทุติยอายุสูตรที่ ๑๐,29,30,2,Dutiyaāyusuttavaṇṇanā,800,803,4
25,Spk-i,อรรถกถาปาสาณสูตร,31,32,2,Pāsāṇasuttavaṇṇanā,804,805,2
25,Spk-i,อรรถกถาสีหสูตร,33,35,3,Kinnusīhasuttavaṇṇanā,806,807,2
25,Spk-i,อรรถกถาสกลิกสูตร,36,37,2,Sakalikasuttavaṇṇanā,808,809,2
25,Spk-i,อรรถกถาปฏิรูปสูตร,38,38,1,Patirūpasuttavaṇṇanā,810,811,2
25,Spk-i,อรรถกถามานสสูตร,39,41,3,Mānasasuttavaṇṇanā,812,813,2
25,Spk-i,อรรถกถาปัตตสูตร,42,43,2,Pattasuttavaṇṇanā,814,816,3
25,Spk-i,อรรถกถาอายตนสูตร,44,45,2,Chaphassāyatanasuttavaṇṇanā,817,818,2
25,Spk-i,อรรถกถาปิณฑิกสูตร,46,49,4,Piṇḍasuttavaṇṇanā,819,823,5
25,Spk-i,อรรถกถากัสสกสูตร,50,53,4,Kassakasuttavaṇṇanā,824,827,4
25,Spk-i,อรรถกถารัชชสูตร,54,58,5,Rajjasuttavaṇṇanā,828,832,5
25,Spk-i,อรรถกถาสัมพหุลสูตร,59,61,3,Sambahulasuttavaṇṇanā,833,834,2
25,Spk-i,อรรถกถาสมิทธิสูตร,62,66,5,Samiddhisuttavaṇṇanā,835,836,2
25,Spk-i,อรรถกถาโคธิกสูตร,67,72,6,Godhikasuttavaṇṇanā,837,844,8
25,Spk-i,อรรถกถาสัตตวัสสสูตร,73,81,9,Sattavassānubandhasuttavaṇṇanā,845,854,10
25,Spk-i,อรรถกถามารธีตุสูตร,82,86,5,Māradhītusuttavaṇṇanā,855,869,15
25,Spk-i,อรรถกถาอาฬวิกาสูตร,87,88,2,Āḷavikāsuttavaṇṇanā,870,871,2
25,Spk-i,อรรถกถาโสมาสูตร,89,91,3,Somāsuttavaṇṇanā,872,873,2
25,Spk-i,อรรถกถาโคตมีสูตร,92,94,3,Kisāgotamīsuttavaṇṇanā,874,877,4
25,Spk-i,อรรถกถาวิชยาสูตร,95,97,3,Vijayāsuttavaṇṇanā,878,879,2
25,Spk-i,อรรถกถาอุบลวรรณาสูตร,98,99,2,Uppalavaṇṇāsuttavaṇṇanā,880,881,2
25,Spk-i,อรรถกถาจาลาสูตร,100,101,2,Cālāsuttavaṇṇanā,882,883,2
25,Spk-i,อรรถกถาอุปจาลาสูตร,102,104,3,Upacālāsuttavaṇṇanā,884,885,2
25,Spk-i,อรรถกถาสีสุปจาลาสูตร,105,106,2,Sīsupacālāsuttavaṇṇanā,886,888,3
25,Spk-i,อรรถกถาเสลาสูตร,107,109,3,Selāsuttavaṇṇanā,889,890,2
25,Spk-i,อรรถกถาวชิราสูตร,110,114,5,Vajirāsuttavaṇṇanā,891,897,7
25,Spk-i,อรรถกถาอายาจนสูตร,115,129,15,Brahmāyācanasuttavaṇṇanā,898,921,24
25,Spk-i,อรรถกถาคารวสูตร,130,134,5,Gāravasuttavaṇṇanā,922,929,8
25,Spk-i,อรรถกถาพรหมเทวสูตร,135,142,8,Brahmadevasuttavaṇṇanā,930,941,12
25,Spk-i,อรรถกถาพกสูตร,143,152,10,Bakabrahmasuttavaṇṇanā,942,953,12
25,Spk-i,อรรถกถาอปราทิฏฐิสูตร,153,158,6,Aññatarabrahmasuttavaṇṇanā,954,957,4
25,Spk-i,อรรถกถาปมาทสูตร,159,160,2,Brahmalokasuttavaṇṇanā,958,960,3
25,Spk-i,อรรถกถาปฐมโกกาลิกสูตร,161,161,1,Kokālikasuttavaṇṇanā,961,962,2
25,Spk-i,อรรถกถาติสสกสูตร,162,163,2,Katamodakatissasuttavaṇṇanā,963,964,2
25,Spk-i,อรรถกถาตุทุพรหมสูตร,164,171,8,Turūbrahmasuttavaṇṇanā,965,969,5
25,Spk-i,อรรถกถาทุติยโกกาลิกสูตร,172,176,5,Kokālikasuttavaṇṇanā,970,979,10
25,Spk-i,อรรถกถาสนังกุมารสูตร,177,177,1,Sanaṅkumārasuttavaṇṇanā,980,981,2
25,Spk-i,อรรถกถาเทวทัตตสูตร,178,179,2,Devadattasuttavaṇṇanā,982,983,2
25,Spk-i,อรรถกถาอันธกวินทสูตร,180,186,7,Andhakavindasuttavaṇṇanā,984,990,7
25,Spk-i,อรรถกถาอรุณวตีสูตร,187,190,4,Aruṇavatīsuttavaṇṇanā,991,993,3
25,Spk-i,อรรถกถาปรินิพพานสูตร,191,,,Parinibbānasuttavaṇṇanā,994,,
26,S-ii,๑. เทสนาสูตร,1,18,18,1. Paṭiccasamuppādasuttaṃ,6,9,4
26,S-ii,๒. วิภังคสูตร,19,34,16,2. Vibhaṅgasuttaṃ,10,25,16
26,S-ii,๓. ปฏิปทาสูตร,35,36,2,3. Paṭipadāsuttaṃ,26,29,4
26,S-ii,๔. วิปัสสีสูตร,37,43,7,4. Vipassīsuttaṃ,30,56,27
26,S-ii,๕. สิขีสูตร,44,48,5,5. Sikhīsuttaṃ,57,81,25
26,S-ii,๑. อาหารสูตร,49,61,13,1. Āhārasuttaṃ,82,85,4
26,S-ii,๒. ผัคคุนสูตร,62,67,6,2. Moḷiyaphaggunasuttaṃ,86,93,8
26,S-ii,๓. ปฐมสมณพราหมสูตร,68,69,2,3. Samaṇabrāhmaṇasuttaṃ,94,96,3
26,S-ii,๔. ทุติยสมณพราหมณสูตร,70,71,2,4. Dutiyasamaṇabrāhmaṇasuttaṃ,97,101,5
26,S-ii,๕. กัจจานโคตตสูตร,72,75,4,5. Kaccānagottasuttaṃ,102,105,4
26,S-ii,๖. ธรรมกถิกสูตร,76,77,2,6. Dhammakathikasuttaṃ,106,109,4
26,S-ii,๗. อเจลกัสสปสูตร,78,86,9,7. Acelakassapasuttaṃ,110,119,10
26,S-ii,๘. ติมพรุกขสูตร,87,90,4,8. Timbarukasuttaṃ,120,125,6
26,S-ii,๙. พาลบัณฑิตสูตร,91,94,4,9. Bālapaṇḍitasuttaṃ,126,132,7
26,S-ii,๑๐. ปัจจยสูตร,95,102,8,10. Paccayasuttaṃ,133,144,12
26,S-ii,๑. ปฐมทสพลสูตร,103,103,1,1. Dasabalasuttaṃ,145,146,2
26,S-ii,๒. ทุติยทสพลสูตร,104,119,16,2. Dutiyadasabalasuttaṃ,147,150,4
26,S-ii,๓. อุปนิสสูตร,120,129,10,3. Upanisasuttaṃ,151,159,9
26,S-ii,๔. อัญญติตถิยสูตร,130,139,10,4. Aññatitthiyasuttaṃ,160,180,21
26,S-ii,๕. ภูมิชสูตร,140,145,6,5. Bhūmijasuttaṃ,181,195,15
26,S-ii,๖. อุปวาณสูตร,146,147,2,6. Upavāṇasuttaṃ,196,201,6
26,S-ii,๗. ปัจจยสูตร,148,150,3,7. Paccayasuttaṃ,202,207,6
26,S-ii,๘. ภิกขุสูตร,151,152,2,8. Bhikkhusuttaṃ,208,213,6
26,S-ii,๙. ปฐมสมณพราหมณสูตร,153,154,2,9. Samaṇabrāhmaṇasuttaṃ,214,216,3
26,S-ii,๑๐. ทุติยสมณพราหมณสูตร,155,157,3,10. Dutiyasamaṇabrāhmaṇasuttaṃ,217,224,8
26,S-ii,๑. ภูตมิทสูตร,158,164,7,1. Bhūtasuttaṃ,225,242,18
26,S-ii,๒. กฬารขัตติยสูตร,165,182,18,2. Kaḷārasuttaṃ,243,260,18
26,S-ii,๓. ปฐมญาณวัตถุสูตร,183,188,6,3. Ñāṇavatthusuttaṃ,261,275,15
26,S-ii,๔. ทุติยญาณวัตถุสูตร,189,193,5,4. Dutiyañāṇavatthusuttaṃ,276,279,4
26,S-ii,๕. ปฐมอวิชชาปัจจยสูตร,194,199,6,5. Avijjāpaccayasuttaṃ,280,288,9
26,S-ii,๖. ทุติยอวิชชาปัจจยสูตร,200,202,3,6. Dutiyaavijjāpaccayasuttaṃ,289,294,6
26,S-ii,๗. นตุมหสูตร,203,203,1,7. Natumhasuttaṃ,295,297,3
26,S-ii,๘. ปฐมเจตนาสูตร,204,207,4,8. Cetanāsuttaṃ,298,301,4
26,S-ii,๙. ทุติยเจตนาสูตร,208,209,2,9. Dutiyacetanāsuttaṃ,302,305,4
26,S-ii,๑๐. ตติยเจตนาสูตร,210,212,3,10. Tatiyacetanāsuttaṃ,306,314,9
26,S-ii,๑. ปฐมปัญจเวรภยสูตร,213,218,6,1. Pañcaverabhayasuttaṃ,315,328,14
26,S-ii,๒. ทุติยปัญจเวรภยสูตร,219,221,3,2. Dutiyapañcaverabhayasuttaṃ,329,334,6
26,S-ii,๓. ทุกขนิโรธสูตร,222,223,2,3. Dukkhasuttaṃ,335,340,6
26,S-ii,๔. โลกนิโรธสูตร,224,225,2,4. Lokasuttaṃ,341,346,6
26,S-ii,๕. ญาติกสูตร,226,228,3,5. Ñātikasuttaṃ,347,353,7
26,S-ii,๖. อัญญตรสูตร,229,229,1,6. Aññatarabrāhmaṇasuttaṃ,354,358,5
26,S-ii,๗. ชาณุสโสณิสูตร,230,231,2,7. Jāṇussoṇisuttaṃ,359,363,5
26,S-ii,๘. โลกายติกสูตร,232,233,2,8. Lokāyatikasuttaṃ,364,371,8
26,S-ii,๙. ปฐมอริยสาวกสูตร,234,235,2,9. Ariyasāvakasuttaṃ,372,377,6
26,S-ii,๑๐. ทุติยอริยสาวกสูตร,236,239,4,10. Dutiyaariyasāvakasuttaṃ,378,389,12
26,S-ii,๑. ปริวีมังสนสูตร,240,252,13,1. Parivīmaṃsanasuttaṃ,390,404,15
26,S-ii,๒. อุปาทานสูตร,253,257,5,2. Upādānasuttaṃ,405,409,5
26,S-ii,๓. ปฐมสังโยชนสูตร,258,259,2,3. Saṃyojanasuttaṃ,410,414,5
26,S-ii,๔. ทุติยสังโยชนสูตร,260,260,1,4. Dutiyasaṃyojanasuttaṃ,415,417,3
26,S-ii,๕. ปฐมมหารุกขสูตร,261,263,3,5. Mahārukkhasuttaṃ,418,422,5
26,S-ii,๖. ทุติยมหารุกขสูตร,264,264,1,6. Dutiyamahārukkhasuttaṃ,423,425,3
26,S-ii,๗. ตรุณรุกขสูตร,265,266,2,7. Taruṇarukkhasuttaṃ,426,430,5
26,S-ii,๘. นามรูปสูตร,267,267,1,8. Nāmarūpasuttaṃ,431,435,5
26,S-ii,๙. วิญญาณสูตร,268,269,2,9. Viññāṇasuttaṃ,436,440,5
26,S-ii,๑๐. นิทานสูตร,270,291,22,10. Nidānasuttaṃ,441,453,13
26,S-ii,๑. อัสสุตวตาสูตรที่ ๑,292,299,8,1. Assutavāsuttaṃ,454,460,7
26,S-ii,๒. อัสสุตวตาสูตรที่ ๒,300,303,4,2. Dutiyaassutavāsuttaṃ,461,466,6
26,S-ii,๓. ปุตตมังสสูตร,304,324,21,3. Puttamaṃsūpamasuttaṃ,467,473,7
26,S-ii,๔. อัตถิราคสูตร,325,331,7,4. Atthirāgasuttaṃ,474,483,10
26,S-ii,๕. นครสูตร,332,340,9,5. Nagarasuttaṃ,484,492,9
26,S-ii,๖. สัมมสสูตร,341,352,12,6. Sammasasuttaṃ,493,507,15
26,S-ii,๗. นฬกลาปิยสูตร,353,357,5,7. Naḷakalāpīsuttaṃ,508,515,8
26,S-ii,๘. โกสัมพีสูตร,358,363,6,8. Kosambisuttaṃ,516,529,14
26,S-ii,๙. อุปยสูตร,364,365,2,9. Upayantisuttaṃ,530,532,3
26,S-ii,๑๐. สุสิมสูตร,366,385,20,10. Susimasuttaṃ,533,568,36
26,S-ii,๑. ปฐมสมณพราหมณสูตร,386,388,3,1. Jarāmaraṇasuttaṃ,569,590,22
26,S-ii,๑. สัตถุสูตร,389,392,4,1. Satthusuttaṃ,591,629,39
26,S-ii,๑. นขสิขาสูตร,393,394,2,1. Nakhasikhāsuttaṃ,630,632,3
26,S-ii,๒. โปกขรณีสูตร,395,395,1,2. Pokkharaṇīsuttaṃ,633,635,3
26,S-ii,๓. ปฐมสัมเภชอุทกสูตร,396,396,1,3. Sambhejjaudakasuttaṃ,636,638,3
26,S-ii,๔. ทุติยสัมเภชอุทกสูตร,397,397,1,4. Dutiyasambhejjaudakasuttaṃ,639,641,3
26,S-ii,๕. ปฐมปฐวีสูตร,398,399,2,5. Pathavīsuttaṃ,642,644,3
26,S-ii,๖. ทุติยปฐวีสูตร,400,400,1,6. Dutiyapathavīsuttaṃ,645,647,3
26,S-ii,๗. ปฐมสมุททสูตร,401,400,0,7. Samuddasuttaṃ,648,650,3
26,S-ii,๘. ทุติยสมุททสูตร,401,401,1,8. Dutiyasamuddasuttaṃ,651,653,3
26,S-ii,๙. ปฐมปัพพตูปมสูตร,402,402,1,9. Pabbatasuttaṃ,654,656,3
26,S-ii,๑๐. ทุติยปัพพตูปมสูตร,403,406,4,10. Dutiyapabbatasuttaṃ,657,669,13
26,S-ii,๑. ธาตุสูตร,407,408,2,1. Dhātunānattasuttaṃ,670,672,3
26,S-ii,๒. สัมผัสสสูตร,409,409,1,2. Phassanānattasuttaṃ,673,675,3
26,S-ii,๓. โนสัมผัสสสูตร,410,410,1,3. Nophassanānattasuttaṃ,676,678,3
26,S-ii,๔. เวทนาสูตร,411,412,2,4. Vedanānānattasuttaṃ,679,681,3
26,S-ii,๕. โนเวทนาสูตร,413,413,1,5. Dutiyavedanānānattasuttaṃ,682,684,3
26,S-ii,๖. พาหิรธาตุสูตร,414,414,1,6. Bāhiradhātunānattasuttaṃ,685,686,2
26,S-ii,๗. สัญญาสูตร,415,416,2,7. Saññānānattasuttaṃ,687,691,5
26,S-ii,๘. โนสัญญสูตร,417,418,2,8. Nopariyesanānānattasuttaṃ,692,696,5
26,S-ii,๙. ผัสสสูตร,419,422,4,9. Bāhiraphassanānattasuttaṃ,697,701,5
26,S-ii,๑๐. โนผัสสสูตร,423,426,4,10. Dutiyabāhiraphassanānattasuttaṃ,702,712,11
26,S-ii,๑. สัตติมสูตร,427,429,3,1. Sattadhātusuttaṃ,713,718,6
26,S-ii,๒. สนิทานสูตร,430,436,7,2. Sanidānasuttaṃ,719,729,11
26,S-ii,๓. คิญชกาวสถสูตร,437,439,3,3. Giñjakāvasathasuttaṃ,730,735,6
26,S-ii,๔. หีนาธิมุตติสูตร,440,440,1,4. Hīnādhimuttikasuttaṃ,736,740,5
26,S-ii,๕. จังกมสูตร,441,447,7,5. Caṅkamasuttaṃ,741,746,6
26,S-ii,๖. สตาปารัทธสูตร,448,450,3,6. Sagāthāsuttaṃ,747,761,15
26,S-ii,๗. ปฐมอัสสัทธมูลกสูตร,451,453,3,7. Assaddhasaṃsandanasuttaṃ,762,767,6
26,S-ii,๘. ทุติยอัสสัทธมูลกสูตร,454,456,3,8. Assaddhamūlakasuttaṃ,768,774,7
26,S-ii,๙. อหิริกมูลกสูตร,457,458,2,9. Ahirikamūlakasuttaṃ,775,779,5
26,S-ii,๑๐. อโนตตัปปมูลกสูตร,459,459,1,10. Anottappamūlakasuttaṃ,780,783,4
26,S-ii,๑๑. อัปปสุตสูตร,460,460,1,11. Appassutamūlakasuttaṃ,784,786,3
26,S-ii,๑๒. กุสิตสูตร,461,463,3,12. Kusītamūlakasuttaṃ,787,797,11
26,S-ii,๑. อสมาหิตสูตร,464,464,1,1. Asamāhitasuttaṃ,798,800,3
26,S-ii,๒. ทุสสีลสูตร,465,465,1,2. Dussīlasuttaṃ,801,803,3
26,S-ii,๓. ปัญจสิกขาปทสูตร,466,467,2,3. Pañcasikkhāpadasuttaṃ,804,806,3
26,S-ii,๔. สัตตกัมมปถสูตร,468,468,1,4. Sattakammapathasuttaṃ,807,809,3
26,S-ii,๕. ทสกมมปถสูตร,469,483,15,5. Dasakammapathasuttaṃ,810,812,3
26,S-ii,๖. อัฏฐังคิกสูตร,484,484,1,6. Aṭṭhaṅgikasuttaṃ,813,814,2
26,S-ii,๗. ทสังคิกสูตร,485,487,3,7. Dasaṅgasuttaṃ,815,823,9
26,S-ii,๑. จตัสสสูตร,488,488,1,1. Catudhātusuttaṃ,824,825,2
26,S-ii,๒. ปุพพสูตร,489,493,5,2. Pubbesambodhasuttaṃ,826,830,5
26,S-ii,๓. อจริสูตร,494,495,2,3. Acariṃsuttaṃ,831,835,5
26,S-ii,๔. โนเจทสูตร,496,498,3,4. Nocedaṃsuttaṃ,836,840,5
26,S-ii,๕. ทุกขสูตร,499,499,1,5. Ekantadukkhasuttaṃ,841,845,5
26,S-ii,๖. อภินันทนาสูตร,500,500,1,6. Abhinandasuttaṃ,846,848,3
26,S-ii,๗. อุปปาทสูตร,501,501,1,7. Uppādasuttaṃ,849,851,3
26,S-ii,๘. ปฐมสมณพราหมณสูตร,502,502,1,8. Samaṇabrāhmaṇasuttaṃ,852,854,3
26,S-ii,๙. ทุติยสมณพราหมณสูตร,503,502,0,9. Dutiyasamaṇabrāhmaṇasuttaṃ,855,856,2
26,S-ii,๑๐. ตติยสมณพรหมณสูตร,503,507,5,10. Tatiyasamaṇabrāhmaṇasuttaṃ,857,869,13
26,S-ii,๒. ปฐวีสูตร,508,508,1,2. Pathavīsuttaṃ,870,871,2
26,S-ii,๓. อัสสุสูตร,509,511,3,3. Assusuttaṃ,872,874,3
26,S-ii,๔. ขีรสูตร,512,512,1,4. Khīrasuttaṃ,875,877,3
26,S-ii,๕. ปัพพตสูตร,513,514,2,5. Pabbatasuttaṃ,878,880,3
26,S-ii,๖. สาสปสูตร,515,515,1,6. Sāsapasuttaṃ,881,883,3
26,S-ii,๗. สาวกสูตร,516,517,2,7. Sāvakasuttaṃ,884,886,3
26,S-ii,๘. คงคาสูตร,518,519,2,8. Gaṅgāsuttaṃ,887,890,4
26,S-ii,๙. ทัณฑสูตร,520,520,1,9. Daṇḍasuttaṃ,891,892,2
26,S-ii,๑๐. ปุคคลสูตร,521,523,3,10. Puggalasuttaṃ,893,910,18
26,S-ii,๑. ทุคตสูตร,524,524,1,1. Duggatasuttaṃ,911,912,2
26,S-ii,๒. สุขิตสูตร,525,525,1,2. Sukhitasuttaṃ,913,914,2
26,S-ii,๓. ติงสมัตตาสูตร,526,528,3,3. Tiṃsamattasuttaṃ,915,919,5
26,S-ii,๔. มาตุสูตร,529,529,1,4. Mātusuttaṃ,920,921,2
26,S-ii,๕. ปิตุสูตร,530,529,0,5. Pitusuttaṃ,922,923,2
26,S-ii,๖. ภาตุสูตร,530,530,1,6. Bhātusuttaṃ,924,925,2
26,S-ii,๗. ภคินีสูตร,531,530,0,7. Bhaginisuttaṃ,926,927,2
26,S-ii,๘. ปุตตสูตร,531,531,1,8. Puttasuttaṃ,928,929,2
26,S-ii,๙. ธีตุสูตร,532,531,0,9. Dhītusuttaṃ,930,931,2
26,S-ii,๑๐. เวปุลลปัพพตสูตร,532,537,6,10. Vepullapabbatasuttaṃ,932,948,17
26,S-ii,๑. สันตุฏฐสูตร,538,544,7,1. Santuṭṭhasuttaṃ,949,955,7
26,S-ii,๒. อโนตตาปีสูตร,545,549,5,2. Anottappīsuttaṃ,956,961,6
26,S-ii,๓. จันทูปมสูตร,550,558,9,3. Candūpamasuttaṃ,962,970,9
26,S-ii,๔. กุลูปกสูตร,559,560,2,4. Kulūpakasuttaṃ,971,975,5
26,S-ii,๕. ชิณณสูตร,561,568,8,5. Jiṇṇasuttaṃ,976,982,7
26,S-ii,๖. ปฐมโอวาทสูตร,569,572,4,6. Ovādasuttaṃ,983,989,7
26,S-ii,๗. ทุติยโอวาทสูตร,573,575,3,7. Dutiyaovādasuttaṃ,990,1002,13
26,S-ii,๘. ตติยโอวาทสูตร,576,580,5,8. Tatiyaovādasuttaṃ,1003,1010,8
26,S-ii,๙. ฌานาภิญญาสูตร,581,586,6,9. Jhānābhiññasuttaṃ,1011,1026,16
26,S-ii,๑๐. ภิกขุนูปัสสยสูตร,587,591,5,10. Upassayasuttaṃ,1027,1037,11
26,S-ii,๑๑. จีวรสูตร,592,627,36,11. Cīvarasuttaṃ,1038,1056,19
26,S-ii,๑๒. ปรัมมรณสูตร,628,629,2,12. Paraṃmaraṇasuttaṃ,1057,1059,3
26,S-ii,๑๓. สัทธรรมปฏิรูปกสูตร,630,638,9,13. Saddhammappatirūpakasuttaṃ,1060,1072,13
26,S-ii,๑. สุทธกสูตร,639,639,1,1. Dāruṇasuttaṃ,1073,1075,3
26,S-ii,๒. ทฬิสสูตร,640,641,2,2. Baḷisasuttaṃ,1076,1078,3
26,S-ii,๓. กุมมสูตร,642,643,2,3. Kummasuttaṃ,1079,1081,3
26,S-ii,๔. ทีฆโลมสูตร,644,644,1,4. Dīghalomikasuttaṃ,1082,1083,2
26,S-ii,๕. เอฬกสูตร,645,646,2,5. Mīḷhakasuttaṃ,1084,1085,2
26,S-ii,๖. อสนิสูตร,647,646,0,6. Asanisuttaṃ,1086,1088,3
26,S-ii,๗. ทิฏฐิสูตร,647,647,1,7. Diddhasuttaṃ,1089,1091,3
26,S-ii,๘. สิคาลสูตร,648,649,2,8. Siṅgālasuttaṃ,1092,1093,2
26,S-ii,๙. เวรัมภสูตร,650,651,2,9. Verambhasuttaṃ,1094,1095,2
26,S-ii,๑๐. สคัยหกสูตร,652,654,3,10. Sagāthakasuttaṃ,1096,1107,12
26,S-ii,๑. สุวัณณปาติสูตร,655,655,1,1. Suvaṇṇapātisuttaṃ,1108,1109,2
26,S-ii,๒. รูปิยปาติสุตร,656,656,1,2. Rūpiyapātisuttaṃ,1110,1111,2
26,S-ii,๓. สุวัณณนิกขสูตร,657,660,4,3. Suvaṇṇanikkhasuttādiaṭṭhakaṃ,1112,1118,7
26,S-ii,๑. มาตุคามสูตร,661,661,1,1. Mātugāmasuttaṃ,1119,1120,2
26,S-ii,๒. ชนปทกัลยาณีสูตร,662,662,1,2. Kalyāṇīsuttaṃ,1121,1122,2
26,S-ii,๓. ปุตตสูตร,663,663,1,3. Ekaputtakasuttaṃ,1123,1124,2
26,S-ii,๔. เอกธีตุสูตร,664,664,1,4. Ekadhītusuttaṃ,1125,1126,2
26,S-ii,๕. ปฐมสมณพราหมณสูตร,665,665,1,5. Samaṇabrāhmaṇasuttaṃ,1127,1128,2
26,S-ii,๖. ทุติยสมณพราหมณสูตร,666,666,1,6. Dutiyasamaṇabrāhmaṇasuttaṃ,1129,1130,2
26,S-ii,๗. ตติยสมณพรหมณสูตร,667,667,1,7. Tatiyasamaṇabrāhmaṇasuttaṃ,1131,1132,2
26,S-ii,๘. ฉวิสูตร,668,668,1,8. Chavisuttaṃ,1133,1134,2
26,S-ii,๙. รัชชุสูตร,669,669,1,9. Rajjusuttaṃ,1135,1137,3
26,S-ii,๑๐. ภิกขุสูตร,670,672,3,10. Bhikkhusuttaṃ,1138,1144,7
26,S-ii,๑. ภินทิสูตร,673,673,1,1. Bhindisuttaṃ,1145,1146,2
26,S-ii,๒. มูลสูตร,674,674,1,2. Kusalamūlasuttaṃ,1147,1148,2
26,S-ii,๓. ปฐมธรรมสูตร,675,674,0,3. Kusaladhammasuttaṃ,1149,1150,2
26,S-ii,๔. ทุติยธรรมสูตร,675,675,1,4. Sukkadhammasuttaṃ,1151,1152,2
26,S-ii,๕. ปักกันตสูตร,676,677,2,5. Acirapakkantasuttaṃ,1153,1161,9
26,S-ii,๖. รถสูตร,678,678,1,6. Pañcarathasatasuttaṃ,1162,1164,3
26,S-ii,๗. มาตุสูตร,679,680,2,7. Mātusuttaṃ,1165,1166,2
26,S-ii,๘. ปิตุสูตร,681,683,3,8. Pitusuttādichakkaṃ,1167,1175,9
26,S-ii,๑. จักขุสูตร,684,686,3,1. Cakkhusuttaṃ,1176,1179,4
26,S-ii,๒. รูปสูตร,687,686,0,2. Rūpasuttaṃ,1180,1181,2
26,S-ii,๓. วิญญาณสูตร,687,687,1,3. Viññāṇasuttaṃ,1182,1183,2
26,S-ii,๔. สัมผัสสูตร,688,688,1,4. Samphassasuttaṃ,1184,1185,2
26,S-ii,๕. เวทนาสูตร,689,688,0,5. Vedanāsuttaṃ,1186,1187,2
26,S-ii,๖. สัญญาสูตร,689,689,1,6. Saññāsuttaṃ,1188,1189,2
26,S-ii,๗. เจตนาสูตร,690,689,0,7. Sañcetanāsuttaṃ,1190,1191,2
26,S-ii,๘. ตัณหาสูตร,690,690,1,8. Taṇhāsuttaṃ,1192,1193,2
26,S-ii,๙. ธาตุสูตร,691,691,1,9. Dhātusuttaṃ,1194,1195,2
26,S-ii,๑๐. ขันธสูตร,692,693,2,10. Khandhasuttaṃ,1196,1202,7
26,S-ii,๑. จักขุสูตร,694,695,2,1. Cakkhusuttaṃ,1203,1214,12
26,S-ii,๑๑. อนุสยสูตร,696,696,1,11. Anusayasuttaṃ,1215,1216,2
26,S-ii,๑๒. อปคตสูตร,697,700,4,12. Apagatasuttaṃ,1217,1227,11
26,S-ii,๑. อัฏฐิสูตร,701,706,6,1. Aṭṭhisuttaṃ,1228,1232,5
26,S-ii,๒. เปสิสูตร,707,707,1,2. Pesisuttaṃ,1233,1234,2
26,S-ii,๓. ปิณฑสูตร,708,708,1,3. Piṇḍasuttaṃ,1235,1236,2
26,S-ii,๔. นิจฉวิสูตร,709,708,0,4. Nicchavisuttaṃ,1237,1238,2
26,S-ii,๕. อสิสูตร,709,709,1,5. Asilomasuttaṃ,1239,1240,2
26,S-ii,๖. สัตติสูตร,710,710,1,6. Sattisuttaṃ,1241,1242,2
26,S-ii,๗. อุสุสูตร,711,711,1,7. Usulomasuttaṃ,1243,1244,2
26,S-ii,๘. ปฐมสูจิสูตร,712,712,1,8. Sūcilomasuttaṃ,1245,1246,2
26,S-ii,๙. ทุติยสูจิสูตร,713,713,1,9. Dutiyasūcilomasuttaṃ,1247,1248,2
26,S-ii,๑๐. อัณฑภารีสูตร,714,715,2,10. Kumbhaṇḍasuttaṃ,1249,1259,11
26,S-ii,๑. กูปนิมุคคสูตร,716,716,1,1. Sasīsakasuttaṃ,1260,1261,2
26,S-ii,๒. คูถขาทิสูตร,717,717,1,2. Gūthakhādasuttaṃ,1262,1263,2
26,S-ii,๓. นิจฉวิตถีสูตร,718,717,0,3. Nicchavitthisuttaṃ,1264,1265,2
26,S-ii,๔. มังคุฬิตถีสูตร,718,718,1,4. Maṅgulitthisuttaṃ,1266,1267,2
26,S-ii,๕. โอกิลินีสูตร,719,720,2,5. Okilinīsuttaṃ,1268,1269,2
26,S-ii,๖. สีสัจฉินนสูตร,721,720,0,6. Asīsakasuttaṃ,1270,1271,2
26,S-ii,๗. ภิกขุสูตร,721,721,1,7. Pāpabhikkhusuttaṃ,1272,1273,2
26,S-ii,๘. ภิกขุนีสูตร,722,722,1,8. Pāpabhikkhunīsuttaṃ,1274,1275,2
26,S-ii,๙. สิกขมานาสูตร,723,722,0,9. Pāpasikkhamānasuttaṃ,1276,1277,2
26,S-ii,๑๐. สามเณรสูตร,723,723,1,10. Pāpasāmaṇerasuttaṃ,1278,1279,2
26,S-ii,๑๑. สามเณีสูตร,724,725,2,11. Pāpasāmaṇerīsuttaṃ,1280,1296,17
26,S-ii,๑. กูฏาคารสูตร,726,726,1,1. Kūṭasuttaṃ,1297,1298,2
26,S-ii,๒. นขสิขสูตร,727,727,1,2. Nakhasikhasuttaṃ,1299,1300,2
26,S-ii,๓. กุลสูตร,728,729,2,3. Kulasuttaṃ,1301,1302,2
26,S-ii,๔. โอกขาสูตร,730,730,1,4. Okkhāsuttaṃ,1303,1304,2
26,S-ii,๕. สัตติสูตร,731,732,2,5. Sattisuttaṃ,1305,1307,3
26,S-ii,๖. ธนุคคหสูตร,733,736,4,6. Dhanuggahasuttaṃ,1308,1311,4
26,S-ii,๗. อาณีตสูตร,737,740,4,7. Āṇisuttaṃ,1312,1314,3
26,S-ii,๘. กลิงครสูตร,741,743,3,8. Kaliṅgarasuttaṃ,1315,1318,4
26,S-ii,๙. นาคสูตร,744,746,3,9. Nāgasuttaṃ,1319,1323,5
26,S-ii,๑๐. วิฬารสูตร,747,748,2,10. Biḷārasuttaṃ,1324,1327,4
26,S-ii,๑๑. ปฐมสิคาลสูตร,749,749,1,11. Siṅgālasuttaṃ,1328,1329,2
26,S-ii,๑๒. ทุติยสิคาลสูตร,750,752,3,12. Dutiyasiṅgālasuttaṃ,1330,1336,7
26,S-ii,๑. โกลิตสูตร,753,754,2,1. Kolitasuttaṃ,1337,1340,4
26,S-ii,๒. อุปติสสสูตร,755,756,2,2. Upatissasuttaṃ,1341,1344,4
26,S-ii,๓. ฆฏสูตร,757,761,5,3. Ghaṭasuttaṃ,1345,1353,9
26,S-ii,๔. นวสูตร,762,763,2,4. Navasuttaṃ,1354,1362,9
26,S-ii,๕. สุชาตสูตร,764,765,2,5. Sujātasuttaṃ,1363,1367,5
26,S-ii,๖. ภัททิยสูตร,766,769,4,6. Lakuṇḍakabhaddiyasuttaṃ,1368,1373,6
26,S-ii,๗. วิสาขสูตร,770,771,2,7. Visākhasuttaṃ,1374,1382,9
26,S-ii,๘. นันทสูตร,772,773,2,8. Nandasuttaṃ,1383,1387,5
26,S-ii,๙. ติสสสูตร,774,778,5,9. Tissasuttaṃ,1388,1392,5
26,S-ii,๑๐. เถรนามสูตร,779,781,3,10. Theranāmakasuttaṃ,1393,1401,9
26,S-ii,๑๑. กัปปินสูตร,782,789,8,11. Mahākappinasuttaṃ,1402,1409,8
26,S-ii,๑๒. สหายสูตร,790,,,12. Sahāyakasuttaṃ,1410,,
26,Spk-ii,อรรถกถาสังยุตตนิกาย นิทานวรรค,3,2,0,Nidānavagga-aṭṭhakathā,3,4,2
26,Spk-ii,อภิสมยสังยุต พุทธวรรคที่ ๑,3,2,0,Buddhavaggo,5,5,1
26,Spk-ii,อรรถกถาปฐมปฏิจจสมุปบาทสูตรที่ ๑,3,18,16,Paṭiccasamuppādasuttavaṇṇanā,6,42,37
26,Spk-ii,อรรถกถาวิภังคสูตรที่ ๒,19,35,17,Vibhaṅgasuttavaṇṇanā,43,70,28
26,Spk-ii,อรรถกถาปฏิปทาสูตรที่ ๓,36,40,5,Paṭipadāsuttavaṇṇanā,71,72,2
26,Spk-ii,อรรถกถาวิปัสสีสูตรที่ ๔,41,47,7,Vipassīsuttavaṇṇanā,73,78,6
26,Spk-ii,อรรถกถาสิขีสูตรเป็นต้น (๕-๑๐),48,48,1,Sikhīsuttādivaṇṇanā,79,81,3
26,Spk-ii,อาหารวรรคที่ ๒,49,50,2,Āhāravaggo,82,82,1
26,Spk-ii,อรรถกถาอาหารสูตรที่ ๑,51,64,14,Āhārasuttavaṇṇanā,83,106,24
26,Spk-ii,อรรถกถาผัคคุนสูตรที่ ๒,65,68,4,Moḷiyaphaggunasuttavaṇṇanā,107,116,10
26,Spk-ii,อรรถกถาปฐมสมณพราหมณสูตรที่ ๓,69,71,3,Samaṇabrāhmaṇasuttavaṇṇanā,117,118,2
26,Spk-ii,อรรถกถาทุติยสมณพราหมณสูตรที่ ๔,72,72,1,Dutiyasamaṇabrāhmaṇasuttavaṇṇanā,119,120,2
26,Spk-ii,อรรถกถากัจจานโคตตสูตรที่ ๕,73,76,4,Kaccānagottasuttavaṇṇanā,121,126,6
26,Spk-ii,อรรถกถาธรรมกถิกสูตรที่ ๖,77,81,5,Dhammakathikasuttavaṇṇanā,127,128,2
26,Spk-ii,อรรถกถาอเจลกัสสปสูตรที่ ๗,82,88,7,Acelakassapasuttavaṇṇanā,129,137,9
26,Spk-ii,อรรถกถาติมพรุกขสูตรที่ ๘,89,91,3,Timbarukasuttavaṇṇanā,138,140,3
26,Spk-ii,อรรถกถาพาลบัณฑิตสูตรที่ ๙,92,97,6,Bālapaṇḍitasuttavaṇṇanā,141,144,4
26,Spk-ii,อรรถกถาปัจจยสูตรที่ ๑๐,98,102,5,Paccayasuttavaṇṇanā,145,152,8
26,Spk-ii,ทสพลวรรคที่ ๓,103,105,3,Dasabalavaggo,153,155,3
26,Spk-ii,อรรถกถาทุติยทสพลสูตรที่ ๒,106,123,18,Dutiyadasabalasuttavaṇṇanā,156,188,33
26,Spk-ii,อรรถกถาอุปนิสสูตรที่ ๓,124,137,14,Upanisasuttavaṇṇanā,189,200,12
26,Spk-ii,อรรถกถาอัญญติตถิยสูตรที่ ๔,138,143,6,Aññatitthiyasuttavaṇṇanā,201,205,5
26,Spk-ii,อรรถกถาภูมิชสูตรที่ ๕,144,149,6,Bhūmijasuttavaṇṇanā,206,210,5
26,Spk-ii,อรรถกถาปฏิจจสมุปปาทสูตรที่ ๗,150,154,5,Paccayasuttavaṇṇanā,211,212,2
26,Spk-ii,อรรถกถาทุติยสมณพราหมณสูตรที่ ๑๐,155,157,3,Samaṇabrāhmaṇasuttavaṇṇanā,213,216,4
26,Spk-ii,กฬารขัตติยวรรคที่ ๔,158,161,4,Kaḷārakhattiyavaggo,217,217,1
26,Spk-ii,อรรถกถาภูตมิทสูตรที่ ๑,162,173,12,Bhūtasuttavaṇṇanā,218,221,4
26,Spk-ii,อรรถกถาหฬารขัตติยสูตรที่ ๒,174,187,14,Kaḷārasuttavaṇṇanā,222,237,16
26,Spk-ii,อรรถกถาญาณวัตถุสูตรที่ ๓,188,192,5,Ñāṇavatthusuttavaṇṇanā,238,240,3
26,Spk-ii,อรรถกถาทุติยญาณวัตถุสูตรที่ ๔,193,196,4,Dutiyañāṇavatthusuttavaṇṇanā,241,242,2
26,Spk-ii,อรรถกถาปฐมอวิชชาปัจจยสูตรที่ ๕,197,201,5,Avijjāpaccayasuttavaṇṇanā,243,247,5
26,Spk-ii,อรรถกถาทุติยอวิชชาเป็นปัจจยสูตรที่ ๖,202,202,1,Dutiyaavijjāpaccayasuttavaṇṇanā,248,249,2
26,Spk-ii,อรรถกถานตุมหสูตรที่ ๗,203,204,2,Natumhasuttavaṇṇanā,250,251,2
26,Spk-ii,อรรถกถาปฐมเจตนาสูตรที่ ๘,205,209,5,Cetanāsuttavaṇṇanā,252,257,6
26,Spk-ii,อรรถกถาทุติยเจตนาสูตรที่ ๙,210,211,2,Dutiyacetanāsuttavaṇṇanā,258,259,2
26,Spk-ii,อรรถกถาตติยเจตนาสูตรที่ ๑๐,212,212,1,Tatiyacetanāsuttavaṇṇanā,260,262,3
26,Spk-ii,คหบดีวรรคที่ ๕,213,216,4,Gahapativaggo,263,263,1
26,Spk-ii,อรรถกถาปฐมปัญจภยเวรสูตรที่ ๑,217,220,4,Pañcaverabhayasuttavaṇṇanā,264,267,4
26,Spk-ii,อรรถกถาทุติยปัญจเวรภยสูตรที่ ๒,221,222,2,Dutiyapañcaverabhayasuttavaṇṇanā,268,269,2
26,Spk-ii,อรรถกถาทุกขนิโรธสูตรที่ ๓,223,225,3,Dukkhasuttavaṇṇanā,270,271,2
26,Spk-ii,อรรถกถาโลกนิโรธสูตรที่ ๔,226,226,1,Lokasuttavaṇṇanā,272,273,2
26,Spk-ii,อรรถกถาญาติกสูตรที่ ๕,227,229,3,Ñātikasuttavaṇṇanā,274,276,3
26,Spk-ii,อรรถกถาอัญญาตรสูตรที่ ๖,230,231,2,Aññatarabrāhmaṇasuttavaṇṇanā,277,278,2
26,Spk-ii,อรรถกถาชาณุสโสณิสูตรที่ ๗,232,233,2,Jāṇussoṇisuttavaṇṇanā,279,280,2
26,Spk-ii,อรรถกถาโลกายติกสูตรที่ ๘,234,235,2,Lokāyatikasuttavaṇṇanā,281,282,2
26,Spk-ii,อรรถกถาปฐมอริยสาวกสูตรที่ ๙,236,238,3,Ariyasāvakasuttavaṇṇanā,283,284,2
26,Spk-ii,อรรถกถาทุติยอริยสาวกสูตรที่ ๑๐,239,239,1,Dutiyaariyasāvakasuttavaṇṇanā,285,287,3
26,Spk-ii,ทุกขวรรคที่ ๖,240,244,5,Dukkhavaggo,288,288,1
26,Spk-ii,อรรถกถาปริวีมังสนสูตรที่ ๑,245,254,10,Parivīmaṃsanasuttavaṇṇanā,289,306,18
26,Spk-ii,อรรถกถาอุปาทานสูตรที่ ๒,255,258,4,Upādānasuttavaṇṇanā,307,310,4
26,Spk-ii,อรรถกถาปฐมสังโยชนสูตรที่ ๓,259,260,2,Saṃyojanasuttavaṇṇanā,311,312,2
26,Spk-ii,อรรถกถาทุติยสังโยชนสูตรที่ ๔,261,261,1,Dutiyasaṃyojanasuttavaṇṇanā,313,314,2
26,Spk-ii,อรรถกถาปฐมมหารุกขสูตรที่ ๕,262,264,3,Mahārukkhasuttavaṇṇanā,315,317,3
26,Spk-ii,อรรถกถาทุติยมหารุกขสูตรที่ ๖,265,265,1,Dutiyamahārukkhasuttavaṇṇanā,318,319,2
26,Spk-ii,อรรถกถาตรุณรุกขสูตรที่ ๗,266,271,6,Taruṇarukkhasuttavaṇṇanā,320,321,2
26,Spk-ii,อรรถกถานิทานสูตรที่ ๑๐,272,291,20,Nidānasuttavaṇṇanā,322,354,33
26,Spk-ii,มหาวรรคที่ ๗,292,293,2,Mahāvaggo,355,355,1
26,Spk-ii,อรรถกถาอัสสุตวตาสูตรที่ ๑,294,302,9,Assutavāsuttavaṇṇanā,356,369,14
26,Spk-ii,อรรถกถาอัสสุตวตาสูตรที่ ๑,303,307,5,Dutiyaassutavāsuttavaṇṇanā,370,371,2
26,Spk-ii,อรรถกถาปุตตมังสสูตรที่ ๓,308,329,22,Puttamaṃsūpamasuttavaṇṇanā,372,424,53
26,Spk-ii,อรรถกถาอัตถิราคสูตร ที่ ๔,330,335,6,Atthirāgasuttavaṇṇanā,425,429,5
26,Spk-ii,อรรถกถานครสูตรที่ ๕,336,348,13,Nagarasuttavaṇṇanā,430,438,9
26,Spk-ii,อรรถกถาสัมมสสูตรที่ ๖,349,356,8,Sammasasuttavaṇṇanā,439,447,9
26,Spk-ii,อรรถกถานฬกลาปิยสูตรที่ ๗,357,361,5,Naḷakalāpīsuttavaṇṇanā,448,450,3
26,Spk-ii,อรรถกถาโกสัมพีสูตรที่ ๘,362,364,3,Kosambisuttavaṇṇanā,451,454,4
26,Spk-ii,อรรถกถาอุปยสูตรที่ ๙,365,379,15,Upayantisuttavaṇṇanā,455,456,2
26,Spk-ii,อรรถกถาสุสิมสูตรที่ ๑๐,380,385,6,Susimasuttavaṇṇanā,457,466,10
26,Spk-ii,สมณพราหมณวรรคที่ ๘,386,387,2,Samaṇabrāhmaṇavaggo,467,467,1
26,Spk-ii,อรรถกถาสมณพราหมณวรรคที่ ๘,388,388,1,Jarāmaraṇasuttādivaṇṇanā,468,470,3
26,Spk-ii,อันตรเปยยาลที่ ๙,389,390,2,Antarapeyyālaṃ,471,471,1
26,Spk-ii,อรรถกถาสัตถุสูตรเป็นต้น,391,392,2,Satthusuttādivaṇṇanā,472,475,4
26,Spk-ii,อภิสมยวรรคที่ ๑๐,393,393,1,Abhisamayasaṃyuttaṃ,476,476,1
26,Spk-ii,อรรถกถานขสิขาสูตรที่ ๑,394,395,2,Nakhasikhāsuttavaṇṇanā,477,478,2
26,Spk-ii,อรรถกถาโปกขรณีสูตรที่ ๒,396,396,1,Pokkharaṇīsuttavaṇṇanā,479,480,2
26,Spk-ii,อรรถกถาปฐมสัมเภชอุทกสูตรที่ ๓,397,404,8,Saṃbhejjaudakasuttādivaṇṇanā,481,482,2
26,Spk-ii,อรรถกถาทุติยปฐวีสูตรที่ ๖ เป็นต้น,405,406,2,Pathavīsuttādivaṇṇanā,483,485,3
26,Spk-ii,ธาตุสังยุต,407,406,0,Dhātusaṃyuttaṃ,486,486,1
26,Spk-ii,นานัตวรรคที่ ๑,407,407,1,Nānattavaggo,487,487,1
26,Spk-ii,อรรถกถาธาตุสูตรที่ ๑,408,408,1,Dhātunānattasuttavaṇṇanā,488,489,2
26,Spk-ii,อรรถกถาสัมผัสสสูตรที่ ๒,409,410,2,Phassanānattasuttavaṇṇanā,490,491,2
26,Spk-ii,อรรถกถาโนสัมผัสสสูตรที่ ๓,411,411,1,Nophassanānattasuttavaṇṇanā,492,493,2
26,Spk-ii,อรรถกถาเวทนาสูตรที่ ๔,412,413,2,Vedanānānattasuttavaṇṇanā,494,495,2
26,Spk-ii,อรรถกถาโนเวทนาสูตรที่ ๕,414,414,1,Dutiyavedanānānattasuttavaṇṇanā,496,497,2
26,Spk-ii,อรรถกถาพาหิรธาตุสูตรที่ ๖,415,415,1,Bāhiradhātunānattasuttavaṇṇanā,498,499,2
26,Spk-ii,อรรถกถาสัญญาสูตรที่ ๗,416,418,3,Saññānānattasuttavaṇṇanā,500,501,2
26,Spk-ii,อรรถกถาโนสัญญาสูตรที่ ๘,419,420,2,Nopariyesanānānattasuttavaṇṇanā,502,503,2
26,Spk-ii,อรรถกถาผัสสสูตรที่ ๙,421,425,5,Bāhiraphassanānattasuttādivaṇṇanā,504,508,5
26,Spk-ii,อรรถกถาโนผัสสสูตรที่ ๑๐,426,427,2,Dutiyavaggo,509,509,1
26,Spk-ii,อรรกถาสัตติมสูตรที่ ๑,428,432,5,Sattadhātusuttavaṇṇanā,510,513,4
26,Spk-ii,อรรถกถาสนิทานสูตรที่ ๒,433,437,5,Sanidānasuttavaṇṇanā,514,534,21
26,Spk-ii,อรรถกถาคิญชกาวสถสูตรที่ ๓,438,440,3,Giñjakāvasathasuttavaṇṇanā,535,537,3
26,Spk-ii,อรรถกถาหีนาธิมุตติสูตรที่ ๔,441,443,3,Hīnādhimuttikasuttavaṇṇanā,538,539,2
26,Spk-ii,อรรถกถาจังกมสูตรที่ ๕,444,449,6,Caṅkamasuttavaṇṇanā,540,549,10
26,Spk-ii,อรรถกถาสตาปารัทธสูตรที่ ๖,450,452,3,Sagāthāsuttavaṇṇanā,550,552,3
26,Spk-ii,อรรถกถาปฐมอัสสัทธมูลกสูตรที่ ๗,453,461,9,Assaddhasaṃsandanasuttavaṇṇanā,553,554,2
26,Spk-ii,อรรถกถาอัสสัทธมูบกสูตรที่ ๘ เป็นต้น,462,463,2,Assaddhamūlakasuttādivaṇṇanā,555,557,3
26,Spk-ii,ทสกัมมปถวรรคที่ ๓,464,464,1,Kammapathavaggo,558,558,1
26,Spk-ii,อรรถกถาอสมาทิตสูตรที่ ๑,465,465,1,Asamāhitasuttādivaṇṇanā,559,560,2
26,Spk-ii,อรรถกถาทุสสีลสูตรที่ ๒,466,483,18,Pañcasikkhāpadasuttādivaṇṇanā,561,588,28
26,Spk-ii,อรรถกถาอัฏฐังคิกสูตรที่ ๖,484,485,2,Aṭṭhaṅgikasuttavaṇṇanā,589,590,2
26,Spk-ii,อรรถกถาทสังคิกสูตรที่ ๗,486,487,2,Dasaṅgasuttavaṇṇanā,591,593,3
26,Spk-ii,จตุตถวรรคที่ ๔,488,487,0,Catutthavaggo,594,594,1
26,Spk-ii,อรรถกถาจตัสสสูตรที่ ๑,488,489,2,Catudhātusuttavaṇṇanā,595,596,2
26,Spk-ii,อรรถกถาปุพพสูตรที่ ๒,490,495,6,Pubbesambodhasuttavaṇṇanā,597,605,9
26,Spk-ii,อรรถกถาอจริสูตรที่ ๓,496,497,2,Acariṃsuttavaṇṇanā,606,607,2
26,Spk-ii,อรรถกถาโนเจทสูตรที่ ๔,498,499,2,Nocedaṃsuttavaṇṇanā,608,609,2
26,Spk-ii,อรรถกถาทุกขสูตรที่ ๕,500,500,1,Ekantadukkhasuttavaṇṇanā,610,611,2
26,Spk-ii,อรรถกถาอภินันทสูตรที่ ๖ เป็นต้น,501,506,6,Abhinandasuttādivaṇṇanā,612,617,6
26,Spk-ii,อรรถกถาติณกัฏฐสูตรที่ ๑,507,508,2,Tiṇakaṭṭhasuttavaṇṇanā,618,619,2
26,Spk-ii,อรรถกถาปฐวีสูตรที่ ๒,509,510,2,Pathavīsuttavaṇṇanā,620,621,2
26,Spk-ii,อรรถกถาอัสสุสูตรที่ ๓,511,512,2,Assusuttavaṇṇanā,622,623,2
26,Spk-ii,อรรถกถาขีรสูตรที่ ๔,513,514,2,Khīrasuttavaṇṇanā,624,625,2
26,Spk-ii,อรรถกถาปัพพตสูตรที่ ๕,515,515,1,Pabbatasuttavaṇṇanā,626,627,2
26,Spk-ii,อรรถกถาสาสปสูตรที่ ๖,516,516,1,Sāsapasuttavaṇṇanā,628,629,2
26,Spk-ii,อรรถกถาสาวกสูตรที่ ๗,517,518,2,Sāvakasuttavaṇṇanā,630,631,2
26,Spk-ii,อรรถกถาคงคาสูตรที่ ๘,519,521,3,Gaṅgāsuttādivaṇṇanā,632,633,2
26,Spk-ii,อรรถกถาปุคคลสูตรที่ ๑๐,522,523,2,Puggalasuttavaṇṇanā,634,637,4
26,Spk-ii,อรรถกถาทุคตสูตรที่ ๑,524,524,1,Duggatasuttavaṇṇanā,638,639,2
26,Spk-ii,อรรถกถาสุขิตสูตรที่ ๒,525,527,3,Sukhitasuttavaṇṇanā,640,641,2
26,Spk-ii,อรรถกถาติงสมัตตาสูตรที่ ๓,528,529,2,Tiṃsamattasuttavaṇṇanā,642,643,2
26,Spk-ii,อรรถกถามาตุสูตรที่ ๔,530,535,6,Mātusuttādivaṇṇanā,644,645,2
26,Spk-ii,อรรถกถาเวปุลลปัพพตสูตรที่ ๑๐,536,539,4,Vepullapabbatasuttavaṇṇanā,646,651,6
26,Spk-ii,อรรถกถาสันตุฏฐสูตรที่ ๑,540,547,8,Santuṭṭhasuttavaṇṇanā,652,659,8
26,Spk-ii,อรรถกถาอโนตตาปีสูตรที่ ๒,548,552,5,Anottappīsuttavaṇṇanā,660,663,4
26,Spk-ii,อรรถกถาจันทูปมสูตรที่ ๓,553,560,8,Candūpamasuttavaṇṇanā,664,676,13
26,Spk-ii,อรรถกถากุลูปกสูตรที่ ๔,561,563,3,Kulūpakasuttavaṇṇanā,677,678,2
26,Spk-ii,อรรถกถาชิณณสูตรที่ ๕,564,571,8,Jiṇṇasuttavaṇṇanā,679,692,14
26,Spk-ii,อรรถกถาปฐมโอวาทสูตรที่ ๖,572,575,4,Ovādasuttavaṇṇanā,693,694,2
26,Spk-ii,อรรถกถาทุติยโอวาทสูตรที่ ๗,576,585,10,Dutiyaovādasuttavaṇṇanā,695,698,4
26,Spk-ii,อรรถกถาฌานาภิญญาสูตรที่ ๙,586,589,4,Jhānābhiññasuttavaṇṇanā,699,700,2
26,Spk-ii,อรรถกถาภิกขุนูปัสสยสูตรที่ ๑๐,590,596,7,Upassayasuttavaṇṇanā,701,704,4
26,Spk-ii,อรรถกถาจีวรสูตรที่ ๑๑,597,629,33,Cīvarasuttavaṇṇanā,705,756,52
26,Spk-ii,อรรถกถาปรัมมรณสูตรที่ ๑๒,630,632,3,Paraṃmaraṇasuttavaṇṇanā,757,758,2
26,Spk-ii,อรรถกถาสัทธรรมปฏิรูปกสูตรที่ ๑๓,633,638,6,Saddhammappatirūpakasuttavaṇṇanā,759,779,21
26,Spk-ii,ลาภสักการสังยุต,639,639,1,Lābhasakkārasaṃyuttaṃ,780,781,2
26,Spk-ii,อรรกถาสุทธกสูตรที่ ๑,640,640,1,Dāruṇasuttavaṇṇanā,782,783,2
26,Spk-ii,อรรถกถาพฬิสสูตรที่ ๒,641,642,2,Baḷisasuttavaṇṇanā,784,785,2
26,Spk-ii,อรรถกถากุมมสูตรที่ ๓,643,645,3,Kummasuttādivaṇṇanā,786,787,2
26,Spk-ii,อรรถกถาเอฬกสูตรที่ ๕,646,646,1,Mīḷhakasuttavaṇṇanā,788,789,2
26,Spk-ii,อรรถกถาอสนิสูตรที่ ๖,647,647,1,Asanisuttavaṇṇanā,790,791,2
26,Spk-ii,อรรถกถาทิฏฐิสูตรที่ ๗,648,649,2,Diddhasuttavaṇṇanā,792,793,2
26,Spk-ii,อรรถกถาสิงคาลสูตรที่ ๘,650,650,1,Siṅgālasuttavaṇṇanā,794,795,2
26,Spk-ii,อรรถกถาเวรัมภสูตรที่ ๙,651,652,2,Verambhasuttavaṇṇanā,796,797,2
26,Spk-ii,อรรถกถาสคัยหกสูตรที่ ๑๐,653,654,2,Sagāthakasuttavaṇṇanā,798,801,4
26,Spk-ii,อรรถกถาสุวัณณปาติสูตรที่ ๑,655,659,5,Suvaṇṇapātisuttādivaṇṇanā,802,803,2
26,Spk-ii,อรรถกถาสูตรที่ ๔ เป็นต้น,660,660,1,Suvaṇṇanikkhasuttādivaṇṇanā,804,807,4
26,Spk-ii,อรรถกถามาตุคามสูตรที่ ๑,661,664,4,Mātugāmasuttādivaṇṇanā,808,809,2
26,Spk-ii,อรรถกถาเอกธีตุสูตรที่ ๔ เป็นต้น,665,667,3,Ekaputtakasuttādivaṇṇanā,810,811,2
26,Spk-ii,อรรถกถาสมณพราหมณสูตรที่ ๗,668,668,1,Tatiyasamaṇabrāhmaṇasuttavaṇṇanā,812,813,2
26,Spk-ii,อรรถกถาฉวิสูตรที่ ๘,669,669,1,Chavisuttavaṇṇanā,814,815,2
26,Spk-ii,อรรถกถารัชชุสูตรที่ ๙,670,671,2,Rajjusuttavaṇṇanā,816,817,2
26,Spk-ii,อรรถกถาภิกขุสูตรที่ ๑๐,672,672,1,Bhikkhusuttavaṇṇanā,818,821,4
26,Spk-ii,อรรถกถาภินทิสูตรที่ ๑,673,676,4,Bhindisuttādivaṇṇanā,822,823,2
26,Spk-ii,อรรถกถาปักกันตสูตรที่ ๕,677,678,2,Acirapakkantasuttavaṇṇanā,824,825,2
26,Spk-ii,อรรถกถารถสูตรที่ ๖,679,679,1,Pañcarathasatasuttavaṇṇanā,826,827,2
26,Spk-ii,อรรกถามาตุสูตรที่ ๗,680,683,4,Mātusuttādivaṇṇanā,828,830,3
26,Spk-ii,ราหุลสังยุต,684,685,2,Rāhulasaṃyuttaṃ,831,832,2
26,Spk-ii,อรรถกถาจักขุสูตรที่ ๑,686,690,5,Cakkhusuttādivaṇṇanā,833,835,3
26,Spk-ii,อรรถกถาธาตุสูตรที่ ๙,691,692,2,Dhātusuttavaṇṇanā,836,837,2
26,Spk-ii,อรรถกถาขันธสูตรที่ ๑๐,693,696,4,Khandhasuttavaṇṇanā,838,843,6
26,Spk-ii,อรรถกถาอนุสยสูตรที่ ๑๑,697,698,2,Anusayasuttavaṇṇanā,844,845,2
26,Spk-ii,อรรถกถาอปคตสูตรที่ ๑๒,699,702,4,Apagatasuttavaṇṇanā,846,852,7
26,Spk-ii,อรรถกถาอัฏฐิสูตรที่ ๑,703,706,4,Aṭṭhisuttavaṇṇanā,853,859,7
26,Spk-ii,อรรถกถาเปสิสูตรที่ ๒,707,707,1,Pesisuttavaṇṇanā,860,861,2
26,Spk-ii,อรรถกถาปิณฑสูตรที่ ๓,708,708,1,Piṇḍasuttavaṇṇanā,862,863,2
26,Spk-ii,อรรถกถานิจฉวิสูตรที่ ๔,709,709,1,Nicchavisuttavaṇṇanā,864,865,2
26,Spk-ii,อรรถกถาอสิสูตรที่ ๕,710,709,0,Asilomasuttavaṇṇanā,866,867,2
26,Spk-ii,อรรถกถาสัตติสูตรที่ ๖,710,710,1,Sattisuttavaṇṇanā,868,869,2
26,Spk-ii,อรรถกถาอุสุสูตรที่ ๗,711,711,1,Usulomasuttavaṇṇanā,870,871,2
26,Spk-ii,อรรถกถาปฐมสูจิสูตรที่ ๘,712,712,1,Sūcilomasuttavaṇṇanā,872,873,2
26,Spk-ii,อรรถกถาทุติยสูจิสูตรที่ ๙,713,713,1,Dutiyasūcilomasuttavaṇṇanā,874,875,2
26,Spk-ii,อรรถกถาอัณฑภารีสูตรที่ ๑๐,714,716,3,Kumbhaṇḍasuttavaṇṇanā,876,881,6
26,Spk-ii,อรรถกถาคูถขาทิสูตรที่ ๒,717,717,1,Gūthakhādasuttavaṇṇanā,882,883,2
26,Spk-ii,อรรถกถานิจฉวิตถีสูตรที่ ๓,718,718,1,Nicchavitthisuttavaṇṇanā,884,885,2
26,Spk-ii,อรรถกถามังคุฬิตถีสูตรที่ ๔,719,719,1,Maṅgulitthisuttavaṇṇanā,886,887,2
26,Spk-ii,อรรถกถาโอกิลินีสูตรที่ ๕,720,720,1,Okilinīsuttavaṇṇanā,888,889,2
26,Spk-ii,อรรถกถาสีสัจฉินนสูตรที่ ๖,721,724,4,Asīsakasuttavaṇṇanā,890,891,2
26,Spk-ii,อรรถกถาภิกขุนีสูตรที่ ๘ เป็นต้น,725,725,1,Pāpabhikkhusuttādivaṇṇanā,892,895,4
26,Spk-ii,อรรถกถากูฏาคารสูตรที่ ๑,726,727,2,Kūṭasuttavaṇṇanā,896,897,2
26,Spk-ii,อรรถกถานขสิขสูตรที่ ๒,728,728,1,Nakhasikhasuttavaṇṇanā,898,899,2
26,Spk-ii,อรรถกถากุลสูตรที่ ๓,729,730,2,Kulasuttavaṇṇanā,900,901,2
26,Spk-ii,อรรถกถาโอกขาสูตรที่ ๔,731,731,1,Okkhāsuttavaṇṇanā,902,903,2
26,Spk-ii,อรรถกถาสัตติสูตร,732,733,2,Sattisuttavaṇṇanā,904,905,2
26,Spk-ii,อรรถกถาธนุคคหสูตรที่ ๖,734,737,4,Dhanuggahasuttavaṇṇanā,906,911,6
26,Spk-ii,อรรถกถาอาณีสูตรที่ ๗,738,742,5,Āṇisuttavaṇṇanā,912,920,9
26,Spk-ii,อรรถกถากลิงครสูตรที่ ๘,743,745,3,Kaliṅgarasuttavaṇṇanā,921,923,3
26,Spk-ii,อรรถกถานาคสูตรที่ ๙,746,748,3,Nāgasuttavaṇṇanā,924,925,2
26,Spk-ii,อรรถกถาวิฬารสูตรที่ ๑๐,749,749,1,Biḷārasuttavaṇṇanā,926,927,2
26,Spk-ii,อรรถกถาปฐมสิคาลสูตรที่ ๑๑,750,750,1,Siṅgālasuttavaṇṇanā,928,929,2
26,Spk-ii,อรรถกถาทุติยสิคาลสูตรที่ ๑๒,751,753,3,Dutiyasiṅgālasuttavaṇṇanā,930,933,4
26,Spk-ii,อรรถกถาโกลิตสูตรที่ ๑,754,756,3,Kolitasuttavaṇṇanā,934,936,3
26,Spk-ii,อรรถกถาอุปติสสสูตรที่ ๒,757,759,3,Upatissasuttavaṇṇanā,937,938,2
26,Spk-ii,อรรถกถาฆฏสูตรที่ ๓,760,763,4,Ghaṭasuttavaṇṇanā,939,942,4
26,Spk-ii,อรรถกถานวสูตรที่ ๔,764,764,1,Navasuttavaṇṇanā,943,944,2
26,Spk-ii,อรรถกถาสุชาตสูตรที่ ๕,765,766,2,Sujātasuttavaṇṇanā,945,946,2
26,Spk-ii,อรรถกถาภัททิยสูตรที่ ๖,767,770,4,Lakuṇḍakabhaddiyasuttavaṇṇanā,947,953,7
26,Spk-ii,อรรถกถาวิสาขสูตรที่ ๗,771,772,2,Visākhasuttavaṇṇanā,954,955,2
26,Spk-ii,อรรถกถานันทสูตรที่ ๘,773,774,2,Nandasuttavaṇṇanā,956,958,3
26,Spk-ii,อรรถกถาติสสสูตรที่ ๙,775,781,7,Tissasuttavaṇṇanā,959,964,6
26,Spk-ii,อรรถกถาเถรนามสูตรที่ ๑๐,782,783,2,Theranāmakasuttavaṇṇanā,965,966,2
26,Spk-ii,อรรถกถากัปปินสูตรที่ ๑๑,784,,,Mahākappinasuttavaṇṇanā,967,,
27,S-iii,๑. ขันธสังยุต มูลปัณณาสก์,1,0,0,1. Khandhasaṃyuttaṃ,4,4,1
27,S-iii,นกุลปิตุวรรคที่ ๑,1,0,0,1. Nakulapituvaggo,5,5,1
27,S-iii,๑. นกุลปิตุสูตร,1,17,17,1. Nakulapitusuttaṃ,6,25,20
27,S-iii,๒. เทวทหสูตร,18,25,8,2. Devadahasuttaṃ,26,38,13
27,S-iii,๓. หลิททิกานิสูตรที่ ๑,26,34,9,3. Hāliddikānisuttaṃ,39,63,25
27,S-iii,๔. หลิททิการนิสูตร ที่ ๒,35,36,2,4. Dutiyahāliddikānisuttaṃ,64,70,7
27,S-iii,๕. สมาธิสูตร,37,39,3,5. Samādhisuttaṃ,71,83,13
27,S-iii,๖. ปฏิสัลลานสูตร,40,40,1,6. Paṭisallāṇasuttaṃ,84,85,2
27,S-iii,๗. อุปาทานปริตัสสนาสูตรที่ ๑,41,44,4,7. Upādāparitassanāsuttaṃ,86,95,10
27,S-iii,๘. อุปาทานปริตัสสนาสูตรที่ ๒,45,46,2,8. Dutiyaupādāparitassanāsuttaṃ,96,98,3
27,S-iii,๙ อตีตานาคตปัจจุปันนสูตรที่ ๑,47,47,1,9. Kālattayaaniccasuttaṃ,99,100,2
27,S-iii,๑๐. อตีตานาคตปัจจุปันนสูตรที่ ๒,48,48,1,10. Kālattayadukkhasuttaṃ,101,102,2
27,S-iii,๑๑. อตีตานาคตปัจจุปันนสูตรที่ ๓,49,50,2,11. Kālattayaanattasuttaṃ,103,109,7
27,S-iii,อนิจจวรรคที่ ๒,51,50,0,2. Aniccavaggo,110,110,1
27,S-iii,๑. อนิจจสูตรที่ ๑,51,50,0,1. Aniccasuttaṃ,111,112,2
27,S-iii,๒. ทุกขสูตรที่ ๑,51,51,1,2. Dukkhasuttaṃ,113,114,2
27,S-iii,๓. อนัตตสูตรที่ ๑,52,51,0,3. Anattasuttaṃ,115,116,2
27,S-iii,๔. อนิจจสูตรที่ ๒,52,52,1,4. Yadaniccasuttaṃ,117,118,2
27,S-iii,๕. ทุกขสูตรที่ ๒,53,53,1,5. Yaṃdukkhasuttaṃ,119,120,2
27,S-iii,๖. อนัตตสูตรที่ ๒,54,53,0,6. Yadanattāsuttaṃ,121,122,2
27,S-iii,๗. อนิจจเหตุสูตร,54,54,1,7. Sahetuaniccasuttaṃ,123,124,2
27,S-iii,๘. ทุกขเหตุสูตร,55,54,0,8. Sahetudukkhasuttaṃ,125,126,2
27,S-iii,๙. อนัตตเหตุสูตร,55,55,1,9. Sahetuanattasuttaṃ,127,128,2
27,S-iii,๑๐. อานันทสูตร,56,57,2,10. Ānandasuttaṃ,129,134,6
27,S-iii,ภารวรรคที่ ๓,58,57,0,3. Bhāravaggo,135,135,1
27,S-iii,๑. ภารสูตร,58,60,3,1. Bhārasuttaṃ,136,145,10
27,S-iii,๒. ปริญญาสูตร,61,61,1,2. Pariññasuttaṃ,146,147,2
27,S-iii,๓. ปริชานสูตร,62,62,1,3. Abhijānasuttaṃ,148,149,2
27,S-iii,๔. ฉันทราคสูตร,63,62,0,4. Chandarāgasuttaṃ,150,151,2
27,S-iii,๕. อัสสาทสูตรที่ ๑,63,64,2,5. Assādasuttaṃ,152,154,3
27,S-iii,๖. อัสสาทสูตรที่ ๒,65,65,1,6. Dutiyaassādasuttaṃ,155,156,2
27,S-iii,๗. อัสสาทสูตรที่ ๓,66,66,1,7. Tatiyaassādasuttaṃ,157,159,3
27,S-iii,๘. อภินันทนสูตร,67,67,1,8. Abhinandanasuttaṃ,160,161,2
27,S-iii,๙. อุปปาทสูตร,68,68,1,9. Uppādasuttaṃ,162,163,2
27,S-iii,๑๐. อฆมูลสูตร,69,69,1,10. Aghamūlasuttaṃ,164,165,2
27,S-iii,๑๑. ปภังคุสูตร,70,70,1,11. Pabhaṅgusuttaṃ,166,172,7
27,S-iii,นตุมหากวรรคที่ ๔,71,70,0,4. Natumhākaṃvaggo,173,173,1
27,S-iii,๑. นตุมหากสูตรที่ ๑,71,71,1,1. Natumhākaṃsuttaṃ,174,176,3
27,S-iii,๒. นตุมหากสูตรที่ ๒,72,72,1,2. Dutiyanatumhākaṃsuttaṃ,177,178,2
27,S-iii,๓. ภิกขุสูตรที่ ๑,73,75,3,3. Aññatarabhikkhusuttaṃ,179,184,6
27,S-iii,๔. ภิกขุสูตรที่ ๒,76,77,2,4. Dutiyaaññatarabhikkhusuttaṃ,185,188,4
27,S-iii,๕. อานันทสูตรที่ ๑,78,80,3,5. Ānandasuttaṃ,189,192,4
27,S-iii,๖. อานันทสูตรที่ ๒,81,83,3,6. Dutiyaānandasuttaṃ,193,200,8
27,S-iii,๗. อนุธรรมสูตรที่ ๑,84,84,1,7. Anudhammasuttaṃ,201,202,2
27,S-iii,๘. อนุธรรมสูตรที่ ๒,85,85,1,8. Dutiyaanudhammasuttaṃ,203,204,2
27,S-iii,๙. อนุธรรมสูตรที่ ๓,86,85,0,9. Tatiyaanudhammasuttaṃ,205,206,2
27,S-iii,๑๐. อนุธรรมสูตรที่ ๔,86,87,2,10. Catutthaanudhammasuttaṃ,207,212,6
27,S-iii,อัตตทีปวรรคที่ ๕,88,87,0,5. Attadīpavaggo,213,213,1
27,S-iii,๑. อัตตทีปสูตร,88,90,3,1. Attadīpasuttaṃ,214,217,4
27,S-iii,๒. ปฏิปทาสูตร,91,92,2,2. Paṭipadāsuttaṃ,218,220,3
27,S-iii,๓. อนิจจสูตรที่ ๑,93,94,2,3. Aniccasuttaṃ,221,222,2
27,S-iii,๔. อนิจจสูตรที่ ๒,95,95,1,4. Dutiyaaniccasuttaṃ,223,225,3
27,S-iii,๕. สมนุปัสสนาสูตร,96,98,3,5. Samanupassanāsuttaṃ,226,229,4
27,S-iii,๖. ปัญจขันธสูตร,99,100,2,6. Khandhasuttaṃ,230,232,3
27,S-iii,๗. โสณสูตรที่ ๑,101,103,3,7. Soṇasuttaṃ,233,240,8
27,S-iii,๘. โสณสูตรที่ ๒,104,105,2,8. Dutiyasoṇasuttaṃ,241,244,4
27,S-iii,๙. นันทิขยสูตรที่ ๑,106,106,1,9. Nandikkhayasuttaṃ,245,246,2
27,S-iii,๑๐. นันทิขยสูตรที่ ๒,107,108,2,10. Dutiyanandikkhayasuttaṃ,247,256,10
27,S-iii,อุปายวรรคที่ ๑,109,108,0,6. Upayavaggo,257,257,1
27,S-iii,๑. อุปายสูตร,109,109,1,1. Upayasuttaṃ,258,261,4
27,S-iii,๒. พีชสูตร,110,112,3,2. Bījasuttaṃ,262,266,5
27,S-iii,๓. อุทานสูตร,113,120,8,3. Udānasuttaṃ,267,280,14
27,S-iii,๔. ปริวัฏฏสูตร,121,126,6,4. Upādānaparipavattasuttaṃ,281,296,16
27,S-iii,๕. สัตตัฏฐานสูตร,127,131,5,5. Sattaṭṭhānasuttaṃ,297,315,19
27,S-iii,๖. พุทธสูตร,132,133,2,6. Sammāsambuddhasuttaṃ,316,321,6
27,S-iii,๗. ปัญจวัคคิยสูตร,134,138,5,7. Anattalakkhaṇasuttaṃ,322,334,13
27,S-iii,๘. มหาลิสูตร,139,141,3,8. Mahālisuttaṃ,335,345,11
27,S-iii,๙. อาทิตตสูตร,142,142,1,9. Ādittasuttaṃ,346,347,2
27,S-iii,๑๐. นิรุตติปถสูตร,143,147,5,10. Niruttipathasuttaṃ,348,366,19
27,S-iii,อรหันตวรรคที่ ๒,148,147,0,7. Arahantavaggo,367,367,1
27,S-iii,๑. อุปาทิยสูตร,148,149,2,1. Upādiyamānasuttaṃ,368,372,5
27,S-iii,๒. มัญญมานสูตร,150,151,2,2. Maññamānasuttaṃ,373,376,4
27,S-iii,๓. อภินันทมานสูตร,152,152,1,3. Abhinandamānasuttaṃ,377,380,4
27,S-iii,๔. อนิจจสูตร,153,154,2,4. Aniccasuttaṃ,381,384,4
27,S-iii,๕. ทุกขสูตร,155,155,1,5. Dukkhasuttaṃ,385,388,4
27,S-iii,๖. อนัตตสูตร,156,156,1,6. Anattasuttaṃ,389,392,4
27,S-iii,๗. อนัตตนิยสูตร,157,158,2,7. Anattaniyasuttaṃ,393,396,4
27,S-iii,๘. รชนิยสัณฐิตสูตร,159,159,1,8. Rajanīyasaṇṭhitasuttaṃ,397,400,4
27,S-iii,๙. ราธสูตร,160,160,1,9. Rādhasuttaṃ,401,402,2
27,S-iii,๑๐. สุราธสูตร,161,162,2,10. Surādhasuttaṃ,403,409,7
27,S-iii,ขัชชนิยวรรคที่ ๓,163,162,0,8. Khajjanīyavaggo,410,410,1
27,S-iii,๑. อัสสาทสูตร,163,162,0,1. Assādasuttaṃ,411,412,2
27,S-iii,๒. สมุทยสูตรที่ ๑,163,163,1,2. Samudayasuttaṃ,413,414,2
27,S-iii,๓. สมุทยสูตรที่ ๒,164,163,0,3. Dutiyasamudayasuttaṃ,415,416,2
27,S-iii,๔. อรหันตสูตรที่ ๑,164,169,6,4. Arahantasuttaṃ,417,436,20
27,S-iii,๕. อรหันตสูตรที่ ๒,170,170,1,5. Dutiyaarahantasuttaṃ,437,439,3
27,S-iii,๖. สีหสูตร,171,184,14,6. Sīhasuttaṃ,440,450,11
27,S-iii,๗. ขัชชนิยสูตร,185,206,22,7. Khajjanīyasuttaṃ,451,467,17
27,S-iii,๘. ปิณโฑลยสูตร,207,221,15,8. Piṇḍolyasuttaṃ,468,478,11
27,S-iii,๙. ปาลิเลยยสูตร,222,234,13,9. Pālileyyasuttaṃ,479,491,13
27,S-iii,๑๐. ปุณณมสูตร,235,245,11,10. Puṇṇamasuttaṃ,492,513,22
27,S-iii,เถรวรรคที่ ๔,246,245,0,9. Theravaggo,514,514,1
27,S-iii,๑. อานันทสูตร,246,248,3,1. Ānandasuttaṃ,515,519,5
27,S-iii,๒. ติสสสูตร,249,253,5,2. Tissasuttaṃ,520,531,12
27,S-iii,๓. ยมกสูตร,254,266,13,3. Yamakasuttaṃ,532,560,29
27,S-iii,๔. อนุราธสูตร,267,273,7,4. Anurādhasuttaṃ,561,574,14
27,S-iii,๕. วักกลิสูตร,274,284,11,5. Vakkalisuttaṃ,575,586,12
27,S-iii,๖. อัสสชิสูตร,285,289,5,6. Assajisuttaṃ,587,592,6
27,S-iii,๗. เขมกสูตร,290,298,9,7. Khemakasuttaṃ,593,607,15
27,S-iii,๘. ฉันนสูตร,299,305,7,8. Channasuttaṃ,608,618,11
27,S-iii,๙. ราหุลสูตรที่ ๑,306,306,1,9. Rāhulasuttaṃ,619,621,3
27,S-iii,๑๐. ราหุลสูตรที่ ๒,307,309,3,10. Dutiyarāhulasuttaṃ,622,627,6
27,S-iii,ปุปผวรรคที่ ๕,310,309,0,10. Pupphavaggo,628,628,1
27,S-iii,๑. นทีสูตร,310,312,3,1. Nadīsuttaṃ,629,630,2
27,S-iii,๒. ปุปผสูตร,313,315,3,2. Pupphasuttaṃ,631,639,9
27,S-iii,๓. เผณปิณฑสูตร,316,326,11,3. Pheṇapiṇḍūpamasuttaṃ,640,663,24
27,S-iii,๔. โคมยปิณฑสูตร,327,334,8,4. Gomayapiṇḍasuttaṃ,664,668,5
27,S-iii,๕. นขสิขาสูตร,335,337,3,5. Nakhasikhāsuttaṃ,669,675,7
27,S-iii,๖. สามุททกสูตร,338,338,1,6. Suddhikasuttaṃ,676,677,2
27,S-iii,๗. คัททูลสูตรที่ ๑,339,341,3,7. Gaddulabaddhasuttaṃ,678,681,4
27,S-iii,๘. คัททูลสูตรที่ ๒,342,346,5,8. Dutiyagaddulabaddhasuttaṃ,682,686,5
27,S-iii,๙. นาวาสูตร,347,355,9,9. Vāsijaṭasuttaṃ,687,693,7
27,S-iii,๑๐. สัญญาสูตร,356,362,7,10. Aniccasaññāsuttaṃ,694,714,21
27,S-iii,อันตวรรคที่ ๑,363,362,0,11. Antavaggo,715,715,1
27,S-iii,๑. อันตสูตร,363,364,2,1. Antasuttaṃ,716,720,5
27,S-iii,๒. ทุกขสูตร,365,365,1,2. Dukkhasuttaṃ,721,722,2
27,S-iii,๓. สักกายสูตร,366,366,1,3. Sakkāyasuttaṃ,723,724,2
27,S-iii,๔. ปริญเญยยสูตร,367,368,2,4. Pariññeyyasuttaṃ,725,726,2
27,S-iii,๕. สมณสูตรที่ ๑,369,369,1,5. Samaṇasuttaṃ,727,728,2
27,S-iii,๖. สมณสูตรที่ ๒,370,369,0,6. Dutiyasamaṇasuttaṃ,729,730,2
27,S-iii,๗. โสตาปันนสูตร ๑,370,370,1,7. Sotāpannasuttaṃ,731,732,2
27,S-iii,๘. อรหันตสูตร,371,370,0,8. Arahantasuttaṃ,733,734,2
27,S-iii,๙. ฉันทปหีนสูตร,371,371,1,9. Chandappahānasuttaṃ,735,736,2
27,S-iii,๑๐. ฉันทปหีนสูตรที่ ๒,372,373,2,10. Dutiyachandappahānasuttaṃ,737,742,6
27,S-iii,ธรรมกถิกวรรคที่ ๒,374,373,0,12. Dhammakathikavaggo,743,743,1
27,S-iii,๑. อวิชชาสูตร,374,374,1,1. Avijjāsuttaṃ,744,745,2
27,S-iii,๒. วิชชาสูตร,375,375,1,2. Vijjāsuttaṃ,746,747,2
27,S-iii,๓. ธรรมกถิกสูตรที่ ๑,376,376,1,3. Dhammakathikasuttaṃ,748,749,2
27,S-iii,๔. ธรรมกถิกสูตรที่ ๒,377,377,1,4. Dutiyadhammakathikasuttaṃ,750,751,2
27,S-iii,๕. พันธนสูตร,378,379,2,5. Bandhanasuttaṃ,752,754,3
27,S-iii,๖. ปริมุจจิตสูตรที่ ๑,380,380,1,6. Paripucchitasuttaṃ,755,756,2
27,S-iii,๗. ปริมุจจิตสูตรที่ ๒,381,381,1,7. Dutiyaparipucchitasuttaṃ,757,758,2
27,S-iii,๘. สังโยชนสูตร,382,381,0,8. Saṃyojaniyasuttaṃ,759,760,2
27,S-iii,๙. อุปาทานสูตร,382,382,1,9. Upādāniyasuttaṃ,761,762,2
27,S-iii,๑๐. สีลสูตร,383,385,3,10. Sīlavantasuttaṃ,763,768,6
27,S-iii,๑๑. สุตวาสูตร,386,387,2,11. Sutavantasuttaṃ,769,773,5
27,S-iii,๑๒. กัปปสูตรที่ ๑,388,388,1,12. Kappasuttaṃ,774,776,3
27,S-iii,๑๓. กัปปสูตรที่ ๒,389,390,2,13. Dutiyakappasuttaṃ,777,783,7
27,S-iii,อวิชชาวรรคที่ ๓,391,390,0,13. Avijjāvaggo,784,784,1
27,S-iii,๑. สมุทยธรรมสูตรที่ ๑,391,392,2,1. Samudayadhammasuttaṃ,785,789,5
27,S-iii,๒. สมุทยธรรมสูตรที่ ๒,393,392,0,2. Dutiyasamudayadhammasuttaṃ,790,792,3
27,S-iii,๓. สมุทยธรรมสูตรที่ ๓,393,393,1,3. Tatiyasamudayadhammasuttaṃ,793,795,3
27,S-iii,๔. อัสสาทสูตรที่ ๑,394,393,0,4. Assādasuttaṃ,796,798,3
27,S-iii,๕. อัสสาทสูตรที่ ๒,394,394,1,5. Dutiyaassādasuttaṃ,799,801,3
27,S-iii,๖. สมุทยธรรมสูตรที่ ๑,395,395,1,6. Samudayasuttaṃ,802,804,3
27,S-iii,๗. สมุทยธรรมสูตรที่ ๒,396,395,0,7. Dutiyasamudayasuttaṃ,805,807,3
27,S-iii,๘. โกฏฐิตสูตรที่ ๑,396,396,1,8. Koṭṭhikasuttaṃ,808,812,5
27,S-iii,๙. โกฏฐิตสูตรที่ ๒,397,397,1,9. Dutiyakoṭṭhikasuttaṃ,813,817,5
27,S-iii,๑๐. โกฏฐิตสูตรที่ ๓,398,400,3,10. Tatiyakoṭṭhikasuttaṃ,818,825,8
27,S-iii,กุกกุฬวรรคที่ ๔,401,400,0,14. Kukkuḷavaggo,826,826,1
27,S-iii,๑. กุกกุฬสูตร,401,400,0,1. Kukkuḷasuttaṃ,827,828,2
27,S-iii,๒. อนิจจสูตรที่ ๑,401,401,1,2. Aniccasuttaṃ,829,830,2
27,S-iii,๓. อนิจจสูตรที่ ๒,402,401,0,3. Dutiyaaniccasuttaṃ,831,832,2
27,S-iii,๔. อนิจจสูตรที่ ๓,402,401,0,4. Tatiyaaniccasuttaṃ,833,834,2
27,S-iii,๕. ทุกขสูตรที่ ๑,402,402,1,5. Dukkhasuttaṃ,835,836,2
27,S-iii,๖. ทุกขสูตรที่ ๒,403,402,0,6. Dutiyadukkhasuttaṃ,837,838,2
27,S-iii,๗. ทุกขสูตรที่ ๓,403,403,1,7. Tatiyadukkhasuttaṃ,839,840,2
27,S-iii,๘. อนัตตสูตรที่ ๑,404,403,0,8. Anattasuttaṃ,841,842,2
27,S-iii,๙. อนัตตสูตรที่ ๒,404,403,0,9. Dutiyaanattasuttaṃ,843,844,2
27,S-iii,๑๐. อนัตตสูตรที่ ๓,404,404,1,10. Tatiyaanattasuttaṃ,845,846,2
27,S-iii,๑๑. กุลปุตตสูตรที่ ๑,405,404,0,11. Nibbidābahulasuttaṃ,847,848,2
27,S-iii,๑๒. กุลปุตตสูตรที่ ๒,405,405,1,12. Aniccānupassīsuttaṃ,849,850,2
27,S-iii,๑๓. กุลปุตตสูตรที่ ๓,406,405,0,13. Dukkhānupassīsuttaṃ,851,852,2
27,S-iii,๑๔. กุลปุตตสูตรที่ ๔,406,407,2,14. Anattānupassīsuttaṃ,853,858,6
27,S-iii,ทิฏฐิวรรคที่ ๕,408,407,0,15. Diṭṭhivaggo,859,859,1
27,S-iii,๑. อัชฌัตติกสูตร,408,408,1,1. Ajjhattasuttaṃ,860,861,2
27,S-iii,๒. เอตังมมสูตร,409,410,2,2. Etaṃmamasuttaṃ,862,863,2
27,S-iii,๓. เอโสอัตตสูตร,411,412,2,3. Soattāsuttaṃ,864,866,3
27,S-iii,๔. โนจเมสิยาสูตร,413,414,2,4. Nocamesiyāsuttaṃ,867,868,2
27,S-iii,๕. มิจฉาทิฏฐิสูตร,415,415,1,5. Micchādiṭṭhisuttaṃ,869,870,2
27,S-iii,๖. สักกายทิฏฐิสูตร,416,417,2,6. Sakkāyadiṭṭhisuttaṃ,871,872,2
27,S-iii,๗. อัตตานุทิฏฐิสูตร,418,418,1,7. Attānudiṭṭhisuttaṃ,873,874,2
27,S-iii,๘. อภินิเวสสูตรที่ ๑,419,419,1,8. Abhinivesasuttaṃ,875,876,2
27,S-iii,๙. อภินิเวสสูตรที่ ๒,420,421,2,9. Dutiyaabhinivesasuttaṃ,877,878,2
27,S-iii,๑๐. อานันทสูตร,422,425,4,10. Ānandasuttaṃ,879,890,12
27,S-iii,๒. ราธสังยุต,426,425,0,2. Rādhasaṃyuttaṃ,891,891,1
27,S-iii,ปฐมวรรคที่ ๑,426,425,0,1. Paṭhamavaggo,892,892,1
27,S-iii,๑. มารสูตร,426,427,2,1. Mārasuttaṃ,893,896,4
27,S-iii,๒. สัตตสูตร,428,430,3,2. Sattasuttaṃ,897,899,3
27,S-iii,๓. ภวเนตติสูตร,431,431,1,3. Bhavanettisuttaṃ,900,901,2
27,S-iii,๔. ปริญเญยยสูตร,432,432,1,4. Pariññeyyasuttaṃ,902,904,3
27,S-iii,๕. ปฐมสมณพราหมณสูตร,433,433,1,5. Samaṇasuttaṃ,905,906,2
27,S-iii,๖. ทุติยสมณพราหมณสูตร,434,434,1,6. Dutiyasamaṇasuttaṃ,907,908,2
27,S-iii,๗. โสตาปันนสูตร,435,435,1,7. Sotāpannasuttaṃ,909,910,2
27,S-iii,๘. อรหันตสูตร,436,435,0,8. Arahantasuttaṃ,911,912,2
27,S-iii,๙. ปฐมฉันทราคสูตร,436,436,1,9. Chandarāgasuttaṃ,913,914,2
27,S-iii,๑๐. ทุติยฉันทราคสูตร,437,437,1,10. Dutiyachandarāgasuttaṃ,915,920,6
27,S-iii,ทุติยวรรคที่ ๒,438,437,0,2. Dutiyavaggo,921,921,1
27,S-iii,๑. มารสูตร,438,438,1,1. Mārasuttaṃ,922,923,2
27,S-iii,๒. มารธรรมสูตร,439,438,0,2. Māradhammasuttaṃ,924,925,2
27,S-iii,๓. อนิจจสูตร,439,439,1,3. Aniccasuttaṃ,926,927,2
27,S-iii,๔. อนิจจธรรมสูตร,440,439,0,4. Aniccadhammasuttaṃ,928,929,2
27,S-iii,๕. ทุกขสูตร,440,440,1,5. Dukkhasuttaṃ,930,931,2
27,S-iii,๖. ทุกขธรรมสูตร,441,440,0,6. Dukkhadhammasuttaṃ,932,933,2
27,S-iii,๗. อนัตตสูตร,441,441,1,7. Anattasuttaṃ,934,935,2
27,S-iii,๘. อนัตตธรรมสูตร,442,441,0,8. Anattadhammasuttaṃ,936,937,2
27,S-iii,๙. ขยธรรมสูตร,442,442,1,9.Khayadhammasuttaṃ,938,939,2
27,S-iii,๑๐. วยธรรมสูตร,443,442,0,10. Vayadhammasuttaṃ,940,941,2
27,S-iii,๑๑. สมุทยธรรมสูตร,443,443,1,11. Samudayadhammasuttaṃ,942,943,2
27,S-iii,๑๒. นิโรธธรรมสูตร,444,445,2,12. Nirodhadhammasuttaṃ,944,950,7
27,S-iii,อายาจนวรรคที่ ๓,446,450,5,3. Āyācanavaggo,951,972,22
27,S-iii,อุปนิสินนวรรคที่ ๔,451,454,4,4. Upanisinnavaggo,973,993,21
27,S-iii,๓. ทิฏฐิสังยุต,455,454,0,3. Diṭṭhisaṃyuttaṃ,994,994,1
27,S-iii,โสตาปัตติวรรคที่ ๑,455,454,0,1. Sotāpattivaggo,995,995,1
27,S-iii,๑. วาตสูตร,455,458,4,1. Vātasuttaṃ,996,1001,6
27,S-iii,๒. เอตังมมสูตร,459,460,2,2. Etaṃmamasuttaṃ,1002,1005,4
27,S-iii,๓. โสอัตตสูตร,461,462,2,3. Soattāsuttaṃ,1006,1010,5
27,S-iii,๔. โนจเมสิยาสูตร,463,466,4,4. Nocamesiyāsuttaṃ,1011,1015,5
27,S-iii,๕. นัตถิทินนสูตร,467,471,5,5. Natthidinnasuttaṃ,1016,1019,4
27,S-iii,๖. กโรโตสูตร,472,476,5,6. Karotosuttaṃ,1020,1023,4
27,S-iii,๗. เหตุสูตร,477,480,4,7. Hetusuttaṃ,1024,1027,4
27,S-iii,๘. มหาทิฏฐิสูตร,481,484,4,8. Mahādiṭṭhisuttaṃ,1028,1031,4
27,S-iii,๙. สัสสตทิฏฐิสูตร,485,485,1,9. Sassatadiṭṭhisuttaṃ,1032,1035,4
27,S-iii,๑๐. อสัสสตทิฏฐิสูตร,486,494,9,10. Asassatadiṭṭhisuttaṃ,1036,1038,3
27,S-iii,๑๑. อันตวาสูตร,495,495,1,11. Antavāsuttaṃ,1039,1040,2
27,S-iii,๑๒. อนันตวาสูตร,496,495,0,12. Anantavāsuttaṃ,1041,1042,2
27,S-iii,๑๓. ตังชีวังตังสรีรังสูตร,496,495,0,13. Taṃjīvaṃtaṃsarīraṃsuttaṃ,1043,1044,2
27,S-iii,๑๔. อัญญังชีวังอัญญังสรีรังสูตร,496,496,1,14. Aññaṃjīvaṃaññaṃsarīraṃsuttaṃ,1045,1046,2
27,S-iii,๑๕. โหติตถาคตสูตร,497,496,0,15. Hotitathāgatosuttaṃ,1047,1048,2
27,S-iii,๑๖. นโหติตถาคตสูตร,497,497,1,16. Nahotitathāgatosuttaṃ,1049,1050,2
27,S-iii,๑๗. โหติจนจโหติตถาคตสูตร,498,497,0,17. Hoticanacahotitathāgatosuttaṃ,1051,1052,2
27,S-iii,๑๘. เนวโหตินนโหติตถาคตสูตร,498,500,3,18. Nevahotinanahotitathāgatosuttaṃ,1053,1067,15
27,S-iii,ทุติยเปยยาลที่ ๒,501,500,0,2. Dutiyagamanavaggo,1068,1068,1
27,S-iii,๑. วาตสูตร,501,501,1,1. Vātasuttaṃ,1069,1072,4
27,S-iii,๑๘. เนวโหตินนโหติสูตร,502,503,2,18. Nevahotinanahotisuttaṃ,1073,1075,3
27,S-iii,๑๙. รูปีอัตตสูตร,504,505,2,19. Rūpīattāsuttaṃ,1076,1078,3
27,S-iii,๒๐. อรูปีอัตตสูตร,506,506,1,20. Arūpīattāsuttaṃ,1079,1080,2
27,S-iii,๒๑. รูปีจอรูปีจอัตตสูตร,507,506,0,21. Rūpīcaarūpīcaattāsuttaṃ,1081,1082,2
27,S-iii,๒๒. เนวรูปีนารูปีอัตตสูตร,507,507,1,22. Nevarūpīnārūpīattāsuttaṃ,1083,1084,2
27,S-iii,๒๓. เอกันตสุขีสูตร,508,507,0,23. Ekantasukhīsuttaṃ,1085,1086,2
27,S-iii,๒๔. เอกันตทุกขีสูตร,508,508,1,24. Ekantadukkhīsuttaṃ,1087,1088,2
27,S-iii,๒๕. เอกันตสุขทุกขีสูตร,509,508,0,25. Sukhadukkhīsuttaṃ,1089,1090,2
27,S-iii,๒๖. อทุกขมสุขีสูตร,509,511,3,26. Adukkhamasukhīsuttaṃ,1091,1105,15
27,S-iii,ตติยเปยยาลที่ ๓,512,511,0,3. Tatiyagamanavaggo,1106,1106,1
27,S-iii,๑. นวาตสูตร,512,513,2,1. Navātasuttaṃ,1107,1111,5
27,S-iii,๒๖. อทุกขมสุขีสูตร,514,515,2,26. Adukkhamasukhīsuttaṃ,1112,1116,5
27,S-iii,จตุตถเปยยาลที่ ๔,516,515,0,4. Catutthagamanavaggo,1117,1117,1
27,S-iii,๑. นวาตสูตร,516,517,2,1. Navātasuttaṃ,1118,1123,6
27,S-iii,๒๖. อทุกขมสุขีสูตร,518,520,3,26. Adukkhamasukhīsuttaṃ,1124,1135,12
27,S-iii,๔. โอกันตสังยุต,521,520,0,4. Okkantasaṃyuttaṃ,1136,1136,1
27,S-iii,๑. จักขุสูตร,521,521,1,1. Cakkhusuttaṃ,1137,1139,3
27,S-iii,๒. รูปสูตร,522,522,1,2. Rūpasuttaṃ,1140,1142,3
27,S-iii,๓. วิญญาณสูตร,523,522,0,3. Viññāṇasuttaṃ,1143,1144,2
27,S-iii,๔. ผัสสสูตร,523,523,1,4. Samphassasuttaṃ,1145,1146,2
27,S-iii,๕. เวทนาสูตร,524,523,0,5. Samphassajāsuttaṃ,1147,1148,2
27,S-iii,๖. สัญญาสูตร,524,524,1,6. Rūpasaññāsuttaṃ,1149,1150,2
27,S-iii,๗. เจตนาสูตร,525,524,0,7. Rūpasañcetanāsuttaṃ,1151,1152,2
27,S-iii,๘. ตัณหาสูตร,525,525,1,8. Rūpataṇhāsuttaṃ,1153,1154,2
27,S-iii,๙. ธาตุสูตร,526,525,0,9. Pathavīdhātusuttaṃ,1155,1156,2
27,S-iii,๑๐. ขันธสูตร,526,528,3,10. Khandhasuttaṃ,1157,1163,7
27,S-iii,๕. อุปปาทสังยุต,529,528,0,5. Uppādasaṃyuttaṃ,1164,1164,1
27,S-iii,๑. จักขุสูตร,529,528,0,1. Cakkhusuttaṃ,1165,1166,2
27,S-iii,๒. รูปสูตร,529,529,1,2. Rūpasuttaṃ,1167,1168,2
27,S-iii,๓. วิญญาณสูตร,530,530,1,3. Viññāṇasuttaṃ,1169,1170,2
27,S-iii,๔. ผัสสสูตร,531,531,1,4. Samphassasuttaṃ,1171,1172,2
27,S-iii,๕. เวทนาสูตร,532,531,0,5. Samphassajasuttaṃ,1173,1175,3
27,S-iii,๖. สัญญาสูตร,532,532,1,6. Saññāsuttaṃ,1176,1177,2
27,S-iii,เจตนาสูตร,533,533,1,7. Sañcetanāsuttaṃ,1178,1179,2
27,S-iii,๘. ตัณหาสูตร,534,533,0,8. Taṇhāsuttaṃ,1180,1181,2
27,S-iii,๙. ธาตุสูตร,534,534,1,9. Dhātusuttaṃ,1182,1183,2
27,S-iii,๑๐. ขันธสูตร,535,536,2,10. Khandhasuttaṃ,1184,1189,6
27,S-iii,๖. กิเลสสังยุต,537,536,0,6. Kilesasaṃyuttaṃ,1190,1190,1
27,S-iii,๑. จักขุสูตร,537,536,0,1. Cakkhusuttaṃ,1191,1192,2
27,S-iii,๒. รูปสูตร,537,537,1,2. Rūpasuttaṃ,1193,1194,2
27,S-iii,๓. วิญญาณสูตร,538,537,0,3. Viññāṇasuttaṃ,1195,1196,2
27,S-iii,๔. ผัสสสูตร,538,538,1,4. Samphassasuttaṃ,1197,1198,2
27,S-iii,๕. เวทนาสูตร,539,538,0,5. Samphassajasuttaṃ,1199,1200,2
27,S-iii,๖. สัญญาสูตร,539,539,1,6. Saññāsuttaṃ,1201,1202,2
27,S-iii,๗. เจตนาสูตร,540,539,0,7. Sañcetanāsuttaṃ,1203,1204,2
27,S-iii,๘. ตัณหาสูตร,540,540,1,8. Taṇhāsuttaṃ,1205,1206,2
27,S-iii,๙. ธาตุสูตร,541,540,0,9. Dhātusuttaṃ,1207,1208,2
27,S-iii,๑๐. ขันธสูตร,541,543,3,10. Khandhasuttaṃ,1209,1214,6
27,S-iii,๗. สารีปุตตสังยุต,544,543,0,7. Sāriputtasaṃyuttaṃ,1215,1215,1
27,S-iii,๑. วิเวกสูตร,544,544,1,1. Vivekajasuttaṃ,1216,1219,4
27,S-iii,๒. อวิตักกสูตร,545,544,0,2. Avitakkasuttaṃ,1220,1222,3
27,S-iii,๓. ปีติสูตร,545,545,1,3. Pītisuttaṃ,1223,1225,3
27,S-iii,๔. อุเปกขาสูตร,546,545,0,4. Upekkhāsuttaṃ,1226,1228,3
27,S-iii,๕. อากาสานัญจายตนสูตร,546,546,1,5. Ākāsānañcāyatanasuttaṃ,1229,1230,2
27,S-iii,๖. วิญญาณัญจายตนสูตร,547,547,1,6. Viññāṇañcāyatanasuttaṃ,1231,1232,2
27,S-iii,๗. อากิญจัญญายตนสูตร,548,547,0,7. Ākiñcaññāyatanasuttaṃ,1233,1234,2
27,S-iii,๗. เนวสัญญานาสัญญายตนสูตร,548,548,1,8. Nevasaññānāsaññāyatanasuttaṃ,1235,1236,2
27,S-iii,๙. สัญญาเวทยิตนิโรธสูตร,549,550,2,9. Nirodhasamāpattisuttaṃ,1237,1238,2
27,S-iii,๑๐. สูจิมุขีสูตร,551,555,5,10. Sūcimukhīsuttaṃ,1239,1250,12
27,S-iii,๘. นาคสังยุต,556,555,0,8. Nāgasaṃyuttaṃ,1251,1251,1
27,S-iii,๑. สุทธกสูตร,556,556,1,1. Suddhikasuttaṃ,1252,1253,2
27,S-iii,๒. ปณีตตรสูตร,557,556,0,2. Paṇītatarasuttaṃ,1254,1255,2
27,S-iii,๓. อุโปสถสูตรที่ ๑,557,557,1,3. Uposathasuttaṃ,1256,1258,3
27,S-iii,๔. อุโปสถสูตรที่ ๒,558,558,1,4. Dutiyauposathasuttaṃ,1259,1260,2
27,S-iii,๕. อุโปสถสูตรที่ ๓,559,559,1,5. Tatiyauposathasuttaṃ,1261,1262,2
27,S-iii,๖. อุโปสถสูตรที่ ๔,560,559,0,6. Catutthauposathasuttaṃ,1263,1265,3
27,S-iii,๗. สุตสูตรที่ ๑,560,560,1,7. Sutasuttaṃ,1266,1268,3
27,S-iii,๘. สุตสูตรที่ ๒,561,561,1,8. Dutiyasutasuttaṃ,1269,1270,2
27,S-iii,๙. สุตสูตรที่ ๓,562,561,0,9. Tatiyasutasuttaṃ,1271,1272,2
27,S-iii,๑๐. สุตสูตรที่ ๔,562,562,1,10. Catutthasutasuttaṃ,1273,1275,3
27,S-iii,๑๑-๒๐ ทานูปการสูตรที่ ๑,563,563,1,11-20. Aṇḍajadānūpakārasuttadasakaṃ,1276,1278,3
27,S-iii,๒๑-๔๐. ทานูปการสูตรที่ ๒-๔,564,566,3,21-50. Jalābujādidānūpakārasuttattiṃsakaṃ,1279,1287,9
27,S-iii,๙. สุปัณณสังยุต,567,566,0,9. Supaṇṇasaṃyuttaṃ,1288,1288,1
27,S-iii,๑. สุทธกสูตร,567,566,0,1. Suddhikasuttaṃ,1289,1290,2
27,S-iii,๒. หรติสูตร,567,568,2,2. Harantisuttaṃ,1291,1292,2
27,S-iii,๓. ทวยการีสูตรที่ ๑,569,569,1,3. Dvayakārīsuttaṃ,1293,1294,2
27,S-iii,๔-๖ ทวยการีสูตรที่ ๒-๔,570,570,1,4-6. Dutiyādidvayakārīsuttattikaṃ,1295,1296,2
27,S-iii,๗-๙. ทานูปการสูตรที่ ๑,571,570,0,7-16. Aṇḍajadānūpakārasuttadasakaṃ,1297,1298,2
27,S-iii,๑๐. ทานูปการสูตรที่ ๒-๔,571,572,2,17-46. Jalābujādidānūpakārasuttatiṃsakaṃ,1299,1305,7
27,S-iii,๑๐. คันธัพพกายสังยุต,573,572,0,10. Gandhabbakāyasaṃyuttaṃ,1306,1306,1
27,S-iii,๑. สุทธกสูตร,573,573,1,1. Suddhikasuttaṃ,1307,1308,2
27,S-iii,๒. สุจริตสูตร,574,574,1,2. Sucaritasuttaṃ,1309,1310,2
27,S-iii,๓. มูลคันธทาตาสูตร,575,577,3,3. Mūlagandhadātāsuttaṃ,1311,1314,4
27,S-iii,๑๓-๒๒ มูลคันธทานูปการสูตร,578,578,1,13-22. Mūlagandhadānūpakārasuttadasakaṃ,1315,1316,2
27,S-iii,๒๓-๑๓๒. สารคันธาทิทานูปการสูตร,579,580,2,23-112. Sāragandhādidānūpakārasuttanavutikaṃ,1317,1323,7
27,S-iii,๑๑. วลาหกสังยุต,581,580,0,11. Valāhakasaṃyuttaṃ,1324,1324,1
27,S-iii,๑. เทสนาสูตร,581,581,1,1. Suddhikasuttaṃ,1325,1326,2
27,S-iii,๒. สุจริตสูตร,582,582,1,2. Sucaritasuttaṃ,1327,1330,4
27,S-iii,๑๓-๕๒ อุณหวลาหกทานูปการาทิสูตร,583,584,2,13-52. Uṇhavalāhakadānūpakārasuttacālīsakaṃ,1331,1332,2
27,S-iii,๕๓. สีตวลาหกสูตร,585,584,0,53. Sītavalāhakasuttaṃ,1333,1334,2
27,S-iii,๕๔. อุณหวลาหกสูตร,585,585,1,54. Uṇhavalāhakasuttaṃ,1335,1336,2
27,S-iii,๕๕. อัพภวลาหกสูตร,586,586,1,55. Abbhavalāhakasuttaṃ,1337,1338,2
27,S-iii,๕๖. วาตวลาหกสูตร,587,588,2,56. Vātavalāhakasuttaṃ,1339,1340,2
27,S-iii,๕๗. วัสดวลาหกสูตร,589,589,1,57. Vassavalāhakasuttaṃ,1341,1347,7
27,S-iii,๑๒. วัจฉโคตตสังยุต,590,589,0,12. Vacchagottasaṃyuttaṃ,1348,1348,1
27,S-iii,๑. รูปอัญญาณสูตร,590,590,1,1. Rūpaaññāṇasuttaṃ,1349,1350,2
27,S-iii,๒. เวทนาอัญญาณสูตร,591,590,0,2. Vedanāaññāṇasuttaṃ,1351,1352,2
27,S-iii,๓. สัญญาอัญญาณสูตร,591,591,1,3. Saññāaññāṇasuttaṃ,1353,1354,2
27,S-iii,๔. สังขารอัญญาณสูตร,592,591,0,4. Saṅkhāraaññāṇasuttaṃ,1355,1356,2
27,S-iii,๕. วิญญาณอัณญาณสูตร,592,592,1,5. Viññāṇaaññāṇasuttaṃ,1357,1358,2
27,S-iii,๖-๑๐. รูปอทัสสนาทิสูตร,593,595,3,6-10. Rūpaadassanādisuttapañcakaṃ,1359,1380,22
27,S-iii,๔๑-๔๕. รูปอัปปัจจเวกขณาทิสูตร,596,596,1,41-45. Rūpaasamapekkhaṇādisuttapañcakaṃ,1381,1389,9
27,S-iii,๕๕. วิญญาณอัปปัจจักขกัมมสูตร,597,598,2,55. Viññāṇaappaccakkhakammasuttaṃ,1390,1396,7
27,S-iii,๑๓. สมาธิสังยุต,599,598,0,13. Jhānasaṃyuttaṃ,1397,1397,1
27,S-iii,๑. สมาธิสมาปัตติสูตร,599,599,1,1. Samādhimūlakasamāpattisuttaṃ,1398,1399,2
27,S-iii,๒. ฐิติสูตร,600,600,1,2. Samādhimūlakaṭhitisuttaṃ,1400,1401,2
27,S-iii,๓. วุฏฐานสูตร,601,601,1,3. Samādhimūlakavuṭṭhānasuttaṃ,1402,1403,2
27,S-iii,๔. กัลลิตสูตร,602,601,0,4. Samādhimūlakakallitasuttaṃ,1404,1405,2
27,S-iii,๕. อารัมมณสูตร,602,602,1,5. Samādhimūlakaārammaṇasuttaṃ,1406,1407,2
27,S-iii,๖. โคจรสูตร,603,603,1,6. Samādhimūlakagocarasuttaṃ,1408,1409,2
27,S-iii,๗. อภินีหารสูตร,604,603,0,7. Samādhimūlakaabhinīhārasuttaṃ,1410,1411,2
27,S-iii,๘. สักกัจจการีสูตร,604,604,1,8. Samādhimūlakasakkaccakārīsuttaṃ,1412,1413,2
27,S-iii,๙. สาตัจจการีสูตร,605,605,1,9. Samādhimūlakasātaccakārīsuttaṃ,1414,1415,2
27,S-iii,๑๐. สัปปายการีสูตร,606,,,10. Samādhimūlakasappāyakārīsuttaṃ,1416,,
27,Spk-iii,อรรถกถานกุปิตุสูตรที่ ๑,7,21,15,Nakulapitusuttavaṇṇanā,6,36,31
27,Spk-iii,อรรถกถาเทวทหสูตรที่ ๒,22,31,10,Devadahasuttavaṇṇanā,37,43,7
27,Spk-iii,อรรถกถาหลิททิกานิสูตรที่ ๓,32,36,5,Hāliddikānisuttavaṇṇanā,44,52,9
27,Spk-iii,อรรถกถาทุติยหลิททิการนิสูตรที่ ๔,37,38,2,Dutiyahāliddikānisuttavaṇṇanā,53,54,2
27,Spk-iii,อรรถกถาสมาธิสูตรที่ ๕,39,40,2,Samādhisuttavaṇṇanā,55,56,2
27,Spk-iii,อรรถกถาปฏิสัลลานสูตรที่ ๖,41,43,3,Paṭisallāṇasuttavaṇṇanā,57,58,2
27,Spk-iii,อรรถกถาอุปาทานปริตัสสนาสูตรที่ ๗,44,45,2,Upādāparitassanāsuttavaṇṇanā,59,60,2
27,Spk-iii,อรรถกถาอุปาทานปริตัสสนาสูตรที่ ๘,46,48,3,Dutiyaupādāparitassanāsuttavaṇṇanā,61,64,4
27,Spk-iii,๑ - ๑๑ อรรถกถาอตีตานาคตปัจจุปันนสูตร,49,56,8,Kālattayadukkhasuttādivaṇṇanā,65,68,4
27,Spk-iii,อรรถกถาอานันทสูตรที่ ๑๐,57,58,2,Aniccasuttādivaṇṇanā,69,72,4
27,Spk-iii,อรรถกถาภารสูตรที่ ๑,59,60,2,Bhārasuttavaṇṇanā,73,75,3
27,Spk-iii,อรรถกถาปริญญาสูตรที่ ๒,61,61,1,Pariññasuttavaṇṇanā,76,77,2
27,Spk-iii,อรรถกถาปริชานสูตรที่ ๓,62,68,7,Abhijānasuttavaṇṇanā,78,79,2
27,Spk-iii,อรรถกถาฉันทราคสูตรที่ ๔-๙,69,68,0,Chandarāgasuttādivaṇṇanā,80,81,2
27,Spk-iii,อรรถกถาอฆมูลสูตรที่ ๑๐,69,69,1,Aghamūlasuttavaṇṇanā,82,83,2
27,Spk-iii,อรรถกถาปภังคุสูตรที่ ๑๑,70,71,2,Pabhaṅgusuttavaṇṇanā,84,87,4
27,Spk-iii,อรรถกถานตุมหากสูตรที่ ๑,72,72,1,Natumhākasuttavaṇṇanā,88,89,2
27,Spk-iii,อรรถกถานตุมหากสูตรที่ ๒,73,74,2,Dutiyanatumhākasuttavaṇṇanā,90,91,2
27,Spk-iii,อรรถกถาภิกขุสูตรที่ ๑,75,76,2,Aññatarabhikkhusuttavaṇṇanā,92,93,2
27,Spk-iii,อรรถกถาภิกขุสูตรที่ ๒,77,78,2,Dutiyaaññatarabhikkhusuttavaṇṇanā,94,95,2
27,Spk-iii,อรรถกถาอานันทสูตรที่ ๑,79,89,11,Ānandasuttādivaṇṇanā,96,109,14
27,Spk-iii,อรรถกถาอัตตทีปสูตรที่ ๑,90,91,2,Attadīpasuttavaṇṇanā,110,114,5
27,Spk-iii,อรรถกถาปฏิปทาสูตรที่ ๒,92,93,2,Paṭipadāsuttavaṇṇanā,115,116,2
27,Spk-iii,อรรถกถาอนิจจสูตรที่ ๑,94,95,2,Aniccasuttavaṇṇanā,117,118,2
27,Spk-iii,อรรถกถาอนิจจสูตรที่ ๒,96,97,2,Dutiyaaniccasuttavaṇṇanā,119,120,2
27,Spk-iii,อรรถกถาสมนุปัสสนาสูตรที่ ๕,98,99,2,Samanupassanāsuttavaṇṇanā,121,123,3
27,Spk-iii,อรรถกถาปัญจขันธสูตรที่ ๖,100,104,5,Khandhasuttavaṇṇanā,124,125,2
27,Spk-iii,อรรถกถาโสณสูตรที่ ๑-๒,105,107,3,Soṇasuttādivaṇṇanā,126,127,2
27,Spk-iii,อรรถกถานันทิขยสูตรที่ ๑ - ๒,108,109,2,Nandikkhayasuttādivaṇṇanā,128,132,5
27,Spk-iii,อรรถกถาอุปายสูตรที่ ๑,110,111,2,Upayasuttavaṇṇanā,133,134,2
27,Spk-iii,อรรถกถาพีชสูตรที่ ๒,112,115,4,Bījasuttavaṇṇanā,135,136,2
27,Spk-iii,อรรถกถาอุทานสูตรที่ ๓,116,125,10,Udānasuttavaṇṇanā,137,150,14
27,Spk-iii,อรรถกถาอุปาทานปริวัฏฏสูตรที่ ๔,126,130,5,Upādānaparipavattasuttavaṇṇanā,151,152,2
27,Spk-iii,อรรถกถาสัตตัฏฐานสูตรที่ ๕,131,133,3,Sattaṭṭhānasuttavaṇṇanā,153,155,3
27,Spk-iii,อรรถกถาพุทธสูตรที่ ๖,134,137,4,Sammāsambuddhasuttavaṇṇanā,156,157,2
27,Spk-iii,อรรถกถาปัญจวัคคิยสูตรที่ ๗,138,140,3,Anattalakkhaṇasuttavaṇṇanā,158,159,2
27,Spk-iii,อรรถกถามหาลิสูตรที่ ๘,141,141,1,Mahālisuttavaṇṇanā,160,161,2
27,Spk-iii,อรรถกถาอาทิตตสูตรที่ ๙,142,144,3,Ādittasuttavaṇṇanā,162,163,2
27,Spk-iii,อรรถกถานิรุตติปถสูตรที่ ๑๐,145,148,4,Niruttipathasuttavaṇṇanā,164,169,6
27,Spk-iii,อรรถกถาอุปาทิยสูตรที่ ๑,149,150,2,Upādiyamānasuttavaṇṇanā,170,171,2
27,Spk-iii,อรรถกถามัญญมานสูตรที่ ๒,151,152,2,Maññamānasuttavaṇṇanā,172,173,2
27,Spk-iii,อรรถกถาอภินนทมานสูตรที่ ๓,153,154,2,Abhinandamānasuttavaṇṇanā,174,175,2
27,Spk-iii,อรรถกถาอนิจจสูตรที่ ๔,155,158,4,Aniccasuttādivaṇṇanā,176,177,2
27,Spk-iii,อรรถกถาอนัตตนิยสูตรที่ ๗,159,159,1,Anattaniyasuttavaṇṇanā,178,179,2
27,Spk-iii,อรรถกถารชนิยสัณฐิตสูตรที่ ๘,160,165,6,Rajanīyasaṇṭhitasuttādivaṇṇanā,180,185,6
27,Spk-iii,อรรถกถาอรหันตสูตรที่ ๑,166,170,5,Arahantasuttavaṇṇanā,186,193,8
27,Spk-iii,อรรถกถาอรหันตสูตรที่ ๒,171,172,2,Dutiyaarahantasuttavaṇṇanā,194,195,2
27,Spk-iii,อรรถกถาสีหสูตร,173,189,17,Sīhasuttavaṇṇanā,196,212,17
27,Spk-iii,อรรถกถาขัชชนิยสูตร,190,210,21,Khajjanīyasuttavaṇṇanā,213,246,34
27,Spk-iii,อรรถกถาปิณโฑลยสูตรที่ ๘,211,228,18,Piṇḍolyasuttavaṇṇanā,247,259,13
27,Spk-iii,อรรถกถาปาลิเลยยสูตรที่ ๙,229,241,13,Pālileyyasuttavaṇṇanā,260,271,12
27,Spk-iii,อรรถกถาปุณณมสูตรที่ ๑๐,242,246,5,Puṇṇamasuttavaṇṇanā,272,277,6
27,Spk-iii,อรรถกถาอานันทสูตรที่ ๑,247,251,5,Ānandasuttavaṇṇanā,278,279,2
27,Spk-iii,อรรถกถาติสสสูตรที่ ๒,252,261,10,Tissasuttavaṇṇanā,280,282,3
27,Spk-iii,อรรถกถายมกสูตรที่ ๓,262,271,10,Yamakasuttavaṇṇanā,283,290,8
27,Spk-iii,อรรถกถาอนุราธสูตรที่ ๔,272,280,9,Anurādhasuttavaṇṇanā,291,293,3
27,Spk-iii,อรรถกถาวักกลิสูตรที่ ๕,281,287,7,Vakkalisuttavaṇṇanā,294,297,4
27,Spk-iii,อรรถกถาอัสสชิสูตรที่ ๖,288,295,8,Assajisuttavaṇṇanā,298,299,2
27,Spk-iii,อรรถกถาเขมกสูตรที่ ๗,296,302,7,Khemakasuttavaṇṇanā,300,304,5
27,Spk-iii,อรรถกถาฉันนสูตรที่ ๘,303,309,7,Channasuttavaṇṇanā,305,308,4
27,Spk-iii,อรรถกถาสูตรที่ ๙-๑๐,310,310,1,Rāhulasuttādivaṇṇanā,309,312,4
27,Spk-iii,อรรถกถานทีสูตรที่ ๑,311,314,4,Nadīsuttavaṇṇanā,313,315,3
27,Spk-iii,อรรถกถาปุปผสูตรที่ ๒,315,318,4,Pupphasuttavaṇṇanā,316,317,2
27,Spk-iii,อรรถกถาเผณปิณฑสูตรที่ ๓,319,330,12,Pheṇapiṇḍūpamasuttavaṇṇanā,318,327,10
27,Spk-iii,อรรถกถาโคมยปิณฑสูตรที่ ๔,331,340,10,Gomayapiṇḍasuttādivaṇṇanā,328,332,5
27,Spk-iii,อรรถกถาคัททูลสูตรที่ ๑,341,343,3,Gaddulabaddhasuttavaṇṇanā,333,334,2
27,Spk-iii,อรรถกถาคัททูลสูตรที่ ๒,344,358,15,Dutiyagaddulabaddhasuttavaṇṇanā,335,351,17
27,Spk-iii,อรรถกถาสัญญาสูตรที่ ๑๐,359,363,5,Aniccasaññāsuttavaṇṇanā,352,359,8
27,Spk-iii,อรรถกถาอันตสูตรที่ ๑,364,365,2,Antasuttavaṇṇanā,360,361,2
27,Spk-iii,อรรถกถาทุกขสูตรที่ ๒,366,367,2,Dukkhasuttādivaṇṇanā,362,363,2
27,Spk-iii,อรรถกถาปริญเญยยสูตรที่ ๔,368,369,2,Pariññeyyasuttavaṇṇanā,364,365,2
27,Spk-iii,อรรถกถาสมณสูตรที่ ๑,370,373,4,Samaṇasuttādivaṇṇanā,366,369,4
27,Spk-iii,อรรถกถาอวิชชาสูตรที่ ๑,374,376,3,Avijjāsuttādivaṇṇanā,370,371,2
27,Spk-iii,อรรถกถาธรรมกถิกสูตรที่ ๑,377,377,1,Dhammakathikasuttavaṇṇanā,372,373,2
27,Spk-iii,อรรถกถาธรรมกถิกสูตรที่ ๒,378,379,2,Dutiyadhammakathikasuttavaṇṇanā,374,375,2
27,Spk-iii,อรรถกถาพันธนสูตรที่ ๕,380,384,5,Bandhanasuttādivaṇṇanā,376,377,2
27,Spk-iii,อรรถกถาสีลสูตรที่ ๑๐,385,387,3,Sīlavantasuttavaṇṇanā,378,379,2
27,Spk-iii,อรรถกถาสุตวาสูตรที่ ๑๑,388,388,1,Sutavantasuttavaṇṇanā,380,381,2
27,Spk-iii,อรรถกถากัปปสูตรที่ ๑,389,399,11,Kappasuttādivaṇṇanā,382,385,4
27,Spk-iii,อรรถกถาสูตรที่ ๑ ถึงสูตรที่ ๑๐ เริ่มด้วยสมุทยธรรมสูตร,400,406,7,Samudayadhammasuttādivaṇṇanā,386,389,4
27,Spk-iii,อรรถกถากุกกุฬวรรค,407,408,2,Kukkuḷasuttādivaṇṇanā,390,393,4
27,Spk-iii,อรรถกถาอัชฌัตติกสูตรที่ ๑,409,423,15,Ajjhattasuttādivaṇṇanā,394,395,2
27,Spk-iii,อรรถกถาอานันทสูตรที่ ๑๐,424,426,3,Ānandasuttavaṇṇanā,396,402,7
27,Spk-iii,อรรถกถามารสูตร,427,429,3,Mārasuttavaṇṇanā,403,404,2
27,Spk-iii,อรรถกถาสัตตสูตร,430,430,1,Sattasuttādivaṇṇanā,405,408,4
27,Spk-iii,อรรถกถาภวเนตติสูตร,431,431,1,Mārasuttādivaṇṇanā,409,412,4
27,Spk-iii,อรรถกถาปริญเญยยสูตรที่ ๔,432,457,26,Mārādisuttaekādasakavaṇṇanā,413,417,5
27,Spk-iii,อรรถกถาวาตสูตรที่ ๑,458,468,11,Vātasuttavaṇṇanā,418,421,4
27,Spk-iii,อรรถกถานัตถิทินนสูตรที่ ๕,469,474,6,Natthidinnasuttavaṇṇanā,422,424,3
27,Spk-iii,อรรถกถาโรโตสูตรที่ ๖,475,478,4,Karotosuttavaṇṇanā,425,428,4
27,Spk-iii,อรรถกถาเหตุสูตรที่ ๗,479,526,48,Hetusuttavaṇṇanā,429,447,19
27,Spk-iii,อรรถกถาจักขุสุตตาทิสูตรที่ ๑-๑๐,527,535,9,Cakkhusuttādivaṇṇanā,448,450,3
27,Spk-iii,อรรถกถาอุปปาทสังยุต,536,541,6,Uppādasaṃyuttavaṇṇanā,451,453,3
27,Spk-iii,อรรถกถากิเลสสังยุต,542,552,11,Kilesasaṃyuttavaṇṇanā,454,459,6
27,Spk-iii,อรรถกถาสูจิมุขีสูตร,553,555,3,Sucimukhīsuttavaṇṇanā,460,464,5
27,Spk-iii,อรรถกถาสุทธกสูตรที่ ๑,556,566,11,Suddhikasuttavaṇṇanā,465,469,5
27,Spk-iii,อรรถกถาสุทธกสูตรที่ ๑,567,572,6,Supaṇṇasaṃyuttavaṇṇanā,470,472,3
27,Spk-iii,อรรถกถาสุทธกสูตรที่ ๑,573,580,8,Gandhabbakāyasaṃyuttavaṇṇanā,473,475,3
27,Spk-iii,อรรถกถาเทสนาสูตรที่ ๑,581,597,17,Valāhakasaṃyuttavaṇṇanā,476,479,4
27,Spk-iii,อรรถกถาวัจฉโคตตสังยุต,598,600,3,Vacchagottasaṃyuttavaṇṇanā,480,485,6
27,Spk-iii,อรรถกถาฐิติสูตรที่ ๒,601,,,Samādhimūlakaṭhitisuttādivaṇṇanā,486,,
28,S-iv,๑. อัชฌัตติกอนิจจสูตร,1,4,4,Ajjhattāniccasuttaṃ,6,8,3
28,S-iv,๒. อัชฌัตติกทุกขสูตร,5,4,0,Ajjhattadukkhasuttaṃ,9,10,2
28,S-iv,๓. อัชฌัตติกอนัตตสูตร,5,5,1,Ajjhattānattasuttaṃ,11,12,2
28,S-iv,๔. พาหิรอนิจจสูตร,6,6,1,Bāhirāniccasuttaṃ,13,14,2
28,S-iv,๕. พาหิรทุกขสูตร,7,7,1,Bāhiradukkhasuttaṃ,15,16,2
28,S-iv,๖. พาหิรอนัตตสูตร,8,7,0,Bāhirānattasuttaṃ,17,18,2
28,S-iv,๗. อตีตานาคตปัจจุปันนานิจจสูตร,8,8,1,Ajjhattāniccātītānāgatasuttaṃ,19,20,2
28,S-iv,๘. อตีตานาคตปัจจุปันนทุกขสูตร,9,9,1,Ajjhattadukkhātītānāgatasuttaṃ,21,22,2
28,S-iv,๙. อตีตานาคตปัจจุปันนานัตตสูตร,10,12,3,Ajjhattānattātītānāgatasuttaṃ,23,35,13
28,S-iv,๑. ปฐมสัมโพธสูตร,13,13,1,Paṭhamapubbesambodhasuttaṃ,36,38,3
28,S-iv,๒. ทุติยสัมโพธสูตร,14,16,3,Dutiyapubbesambodhasuttaṃ,39,41,3
28,S-iv,๓. ปฐมอัสสาทสูตร,17,16,0,Paṭhamaassādapariyesanasuttaṃ,42,44,3
28,S-iv,๔. ทุติยอัสสาทสูตร,17,17,1,Dutiyaassādapariyesanasuttaṃ,45,47,3
28,S-iv,๕. ปฐมโนอัสสาทสูตร,18,19,2,Paṭhamanoceassādasuttaṃ,48,50,3
28,S-iv,๖. ทุติยโนอัสสาทสูตร,20,21,2,Dutiyanoceassādasuttaṃ,51,53,3
28,S-iv,๗. ปฐมอภินันทสูตร,22,21,0,Paṭhamābhinandasuttaṃ,54,56,3
28,S-iv,๘. ทุติยอภินันทสูตร,22,22,1,Dutiyābhinandasuttaṃ,57,59,3
28,S-iv,๙. ปฐมอุปปาทสูตร,23,22,0,Paṭhamadukkhuppādasuttaṃ,60,62,3
28,S-iv,๑๐. ทุติยอุปปาทสูตร,23,24,2,Dutiyadukkhuppādasuttaṃ,63,71,9
28,S-iv,๑. สัพพสูตร,25,26,2,Sabbasuttaṃ,72,73,2
28,S-iv,๒. ปฐมปหานสูตร,27,27,1,Pahānasuttaṃ,74,75,2
28,S-iv,๓. ทุติยปหานสูตร,28,28,1,Abhiññāpariññāpahānasuttaṃ,76,77,2
28,S-iv,๔. ปฐมปริชานสูตร,29,30,2,Paṭhamaaparijānanasuttaṃ,78,80,3
28,S-iv,๕. ทุติยปริชานสูตร,31,32,2,Dutiyaaparijānanasuttaṃ,81,83,3
28,S-iv,๖. อาทิตตปริยายสูตร,33,40,8,Ādittasuttaṃ,84,85,2
28,S-iv,๗. อันธภูตสูตร,41,41,1,Addhabhūtasuttaṃ,86,87,2
28,S-iv,๘. สารุปปสูตร,42,44,3,Samugghātasāruppasuttaṃ,88,89,2
28,S-iv,๙. ปฐมสัปปายสูตร,45,46,2,Paṭhamasamugghātasappāyasuttaṃ,90,91,2
28,S-iv,๑๐. ทุติยสัปปายสูตร,47,,,Dutiyasamugghātasappāyasuttaṃ,92,1254,1163
28,Spk-iv,๓. สารัตถปกาสินี อรรถกถาสังยุตตนิกาย,3,2,0,Saḷāyatanavagga-aṭṭhakathā,3,5,3
28,Spk-iv,อรรถกถาอัชฌัตติกอนิจจสูตรที่ ๑,3,4,2,Ajjhattāniccasuttavaṇṇanā,6,9,4
28,Spk-iv,อรรถกถาอัชฌัตติกทุกขสูตรที่ ๒,5,6,2,Ajjhattadukkhasuttādivaṇṇanā,10,11,2
28,Spk-iv,อรรถกถาพาหิรอนิจจสูตรที่ ๔,7,11,5,Bāhirāniccasuttādivaṇṇanā,12,13,2
28,Spk-iv,อรรถกถาอตีตานาคตปัจจุปันนานิจจสูตรที่ ๗ - ๑๐,12,15,4,Ajjhattāniccātītānāgatasuttādivaṇṇanā,14,17,4
28,Spk-iv,อรรถกถาสัมโพธสูตรที่ ๑ - ๒,16,17,2,Paṭhamapubbesambodhasuttādivaṇṇanā,18,19,2
28,Spk-iv,อรรถกถาอัสสาทสูตรที่ ๓ - ๔,18,23,6,Paṭhamanoceassādasuttādivaṇṇanā,20,21,2
28,Spk-iv,อรรถกถาปฐมอภินันทสูตรที่ ๗ เป็นต้น,24,24,1,Paṭhamābhinandasuttādivaṇṇanā,22,25,4
28,Spk-iv,อรรถกถาสัพพสูตรที่ ๑,25,27,3,Sabbasuttavaṇṇanā,26,33,8
28,Spk-iv,อรรถกถาปฐมปหานสูตรที่ ๒,28,30,3,Pahānasuttavaṇṇanā,34,37,4
28,Spk-iv,อรรถกถาปฐมปริชานสูตรที่ ๔,31,31,1,Paṭhamaaparijānanasuttavaṇṇanā,38,39,2
28,Spk-iv,อรรถกถาทุติยปริชานสูตรที่ ๕,32,33,2,Dutiyaaparijānanasuttavaṇṇanā,40,41,2
28,Spk-iv,อรรถกถาอาทิตตปริยายสูตรที่ ๖,34,41,8,Ādittasuttavaṇṇanā,42,53,12
28,Spk-iv,อรรถกถาอันธภูตสูตรที่ ๗,42,43,2,Addhabhūtasuttavaṇṇanā,54,55,2
28,Spk-iv,อรรถกถาสารุปปสูตรที่ ๘,44,45,2,Samugghātasāruppasuttavaṇṇanā,56,57,2
28,Spk-iv,อรรถกถาปฐมสัปปายสูตรที่ ๙,46,48,3,Paṭhamasamugghātasappāyasuttavaṇṇanā,58,59,2
28,Spk-iv,อรรถกถาทุติยสัปปายสูตรที่ ๑๐,49,67,19,Dutiyasamugghātasappāyasuttavaṇṇanā,60,73,14
28,Spk-iv,อรรถกถาปฐมมิคชาลสูตรที่ ๑,68,70,3,Paṭhamamigajālasuttavaṇṇanā,74,77,4
28,Spk-iv,อรรถกถาทุติยมิคชาลสูตรที่ ๒,71,72,2,Dutiyamigajālasuttavaṇṇanā,78,79,2
28,Spk-iv,อรรถกถาสมิทธิสูตรที่ ๓ - ๕,73,73,1,Paṭhamasamiddhimārapañhāsuttādivaṇṇanā,80,81,2
28,Spk-iv,อรรถกถาสมิทธิสูตรที่ ๖,74,75,2,Samiddhilokapañhāsuttavaṇṇanā,82,83,2
28,Spk-iv,อรรถกถาอุปเสนอาสีวิสสูตรที่ ๗,76,78,3,Upasenaāsīvisasuttavaṇṇanā,84,85,2
28,Spk-iv,อรรถกถาอุปวาณสูตรที่ ๘,79,80,2,Upavāṇasandiṭṭhikasuttavaṇṇanā,86,87,2
28,Spk-iv,อรรถกถาปฐมผัสสายตนสูตรที่ ๙,81,82,2,Paṭhamachaphassāyatanasuttavaṇṇanā,88,89,2
28,Spk-iv,อรรถกถาทุติยผัสสายตนสูตรที่ ๑๐,83,93,11,Dutiyachaphassāyatanasuttavaṇṇanā,90,95,6
28,Spk-iv,อรรถกถาคิลานสูตรที่ ๑-๕,94,94,1,Paṭhamagilānasuttādivaṇṇanā,96,97,2
28,Spk-iv,อรรถกถาปฐมอวิชชาปหานสูตรที่ ๖,95,96,2,Paṭhamaavijjāpahānasuttavaṇṇanā,98,99,2
28,Spk-iv,อรรถกถาทุติยอวิชชาสูตรที่ ๗,97,98,2,Dutiyaavijjāpahānasuttavaṇṇanā,100,101,2
28,Spk-iv,อรรถกถาภิกขุสูตรที่ ๘,99,99,1,Sambahulabhikkhusuttavaṇṇanā,102,103,2
28,Spk-iv,อรรถกถาโลกสูตรที่ ๙,100,100,1,Lokapañhāsuttavaṇṇanā,104,105,2
28,Spk-iv,อรรถกถาผัคคุนสูตรที่ ๑๐,101,103,3,Phaggunapañhāsuttavaṇṇanā,106,109,4
28,Spk-iv,อรรถกถาปโลกธรรมสูตรที่ ๑,104,104,1,Palokadhammasuttavaṇṇanā,110,111,2
28,Spk-iv,อรรถกถาสุญญสูตรที่ ๒,105,107,3,Suññatalokasuttavaṇṇanā,112,113,2
28,Spk-iv,อรรถกถาสังขิตตสูตรที่ ๓,108,112,5,Saṃkhittadhammasuttavaṇṇanā,114,115,2
28,Spk-iv,อรรถกถาฉันนสูตรที่ ๔,113,121,9,Channasuttavaṇṇanā,116,122,7
28,Spk-iv,อรรถกถาปุณณสูตรที่ ๕,122,138,17,Puṇṇasuttādivaṇṇanā,123,144,22
28,Spk-iv,อรรถกถาปฐมเอชสูตรที่ ๗- ทุติยเอชสูตรที่ ๘,139,139,1,Paṭhamaejāsuttādivaṇṇanā,145,146,2
28,Spk-iv,อรรถกถาปฐมทวยสูตรที่ ๙,140,147,8,Paṭhamadvayasuttādivaṇṇanā,147,151,5
28,Spk-iv,อรรถกถาปฐมสังคัยหสูตรที่ ๑,148,163,16,Adantaaguttavaṇṇanā,152,167,16
28,Spk-iv,อรรถกถาปริหานสูตรที่ ๓,164,165,2,Parihānadhammasuttavaṇṇanā,168,169,2
28,Spk-iv,อรรถกถาปมาทวิหารีสูตรที่ ๔,166,167,2,Pamādavihārīsuttavaṇṇanā,170,171,2
28,Spk-iv,อรรถกถาสังวรสูตรที่ ๕,168,168,1,Saṃvarasuttavaṇṇanā,172,173,2
28,Spk-iv,อรรถกถาสมาธิสูตรที่ ๖,169,169,1,Samādhisuttavaṇṇanā,174,175,2
28,Spk-iv,อรรถกถาปฏิสัลลีนสูตรที่ ๗,170,172,3,Paṭisallānasuttavaṇṇanā,176,177,2
28,Spk-iv,อรรถกถาปฐมนตุมหากสูตรที่ ๘,173,176,4,Paṭhamanatumhākaṃsuttādivaṇṇanā,178,179,2
28,Spk-iv,อรรถกถาอุททกสูตรที่ ๑๐,177,179,3,Udakasuttavaṇṇanā,180,186,7
28,Spk-iv,อรรถกถาโยคักเขมีสูตรที่ ๑,180,181,2,Yogakkhemisuttavaṇṇanā,187,188,2
28,Spk-iv,อรรถกถาอุปาทายสูตรที่ ๒,182,193,12,Upādāyasuttādivaṇṇanā,189,192,4
28,Spk-iv,อรรถกถามารปาสสูตรที่ ๑ - ๒,194,199,6,Paṭhamamārapāsasuttādivaṇṇanā,193,194,2
28,Spk-iv,อรรถกถาปฐมโลกกามคุณสูตรที่ ๓,200,207,8,Lokantagamanasuttavaṇṇanā,195,202,8
28,Spk-iv,อรรถกถาทุติยโลกกามคุณสูตรที่ ๔,208,210,3,Kāmaguṇasuttavaṇṇanā,203,205,3
28,Spk-iv,อรรถกถาสักกสูตรที่ ๕,211,215,5,Sakkapañhasuttādivaṇṇanā,206,207,2
28,Spk-iv,อรรถกถาสารีปุตตสูตรที่ ๗,216,219,4,Sāriputtasaddhivihārikasuttavaṇṇanā,208,209,2
28,Spk-iv,อรรถกถาราหุลสูตรที่ ๘,220,223,4,Rāhulovādasuttavaṇṇanā,210,214,5
28,Spk-iv,อรรถกถาสังโยชนสูตรที่ ๙ - อุปาทานสูตรที่ ๑๐,224,225,2,Saṃyojaniyadhammasuttādivaṇṇanā,215,218,4
28,Spk-iv,อรรถกถาเวสาลีสูตรที่ ๑,226,229,4,Vesālīsuttādivaṇṇanā,219,220,2
28,Spk-iv,อรรถกถาวัชชีสูตรที่ ๒ - นาฬันทสูตรที่ ๓,230,239,10,Bhāradvājasuttādivaṇṇanā,221,233,13
28,Spk-iv,อรรถกถาโฆสิตสูตรที่ ๖,240,248,9,Hāliddikānisuttādivaṇṇanā,234,235,2
28,Spk-iv,อรรถกถาโลหิจจสูตรที่ ๙,249,256,8,Lohiccasuttavaṇṇanā,236,244,9
28,Spk-iv,อรรถกถาเวรหัญจานีสูตรที่ ๑๐,257,258,2,Verahaccānisuttavaṇṇanā,245,248,4
28,Spk-iv,อรรถกถาเทวทหสูตรที่ ๑,259,260,2,Devadahasuttavaṇṇanā,249,250,2
28,Spk-iv,อรรถกถาขณสูตรที่ ๒,261,264,4,Khaṇasuttavaṇṇanā,251,256,6
28,Spk-iv,อรรถกถาปฐมรูปารามสูตรที่ ๓,265,273,9,Paṭhamarūpārāmasuttavaṇṇanā,257,261,5
28,Spk-iv,อรรถกถาทุติยรูปารามสูตรที่ ๔ เป็นต้น,274,275,2,Dutiyarūpārāmasuttādivaṇṇanā,262,265,4
28,Spk-iv,อรรถกถากรรมสูตรที่ ๑,276,280,5,Kammanirodhasuttavaṇṇanā,266,267,2
28,Spk-iv,อรรถกถาอนิจจนิพพานสัปปายสูตรที่ ๒ เป็นต้น,281,284,4,Aniccanibbānasappāyasuttādivaṇṇanā,268,269,2
28,Spk-iv,อรรถกถาอันเตวาสิกสูตรที่ ๖ เป็นต้น,285,287,3,Antevāsikasuttādivaṇṇanā,270,271,2
28,Spk-iv,อรรถกถาปริยายสูตรที่ ๘,288,289,2,Atthinukhopariyāyasuttavaṇṇanā,272,273,2
28,Spk-iv,อรรถกถาอินทริยสูตรที่ ๙,290,291,2,Indriyasampannasuttādivaṇṇanā,274,277,4
28,Spk-iv,อรรถกถาธรรมกถิกสูตรที่ ๑๐,292,295,4,Nandikkhayavaggo,278,278,1
28,Spk-iv,อรรถกถานันทิขยสูตรที่ ๑ - ๔,296,297,2,Ajjhattanandikkhayasuttādivaṇṇanā,279,280,2
28,Spk-iv,อรรถกถาชีวกัมพวนสูตรที่ ๕ - ๖,298,301,4,Jīvakambavanasamādhisuttādivaṇṇanā,281,282,2
28,Spk-iv,อรรถกถามหาโกฏฐิกสูตรที่ ๗ - ๙,302,305,4,Koṭṭhikaaniccasuttādivaṇṇanā,283,284,2
28,Spk-iv,อรรถกถามิจฉาทิฏฐิสูตรที่ ๑๐ - ๑๒,306,335,30,Micchādiṭṭhipahānasuttādivaṇṇanā,285,288,4
28,Spk-iv,อรรถกถาสัฏฐิเปยยาลวรรคที่ ๒,336,338,3,Ajjhattaaniccachandasuttādivaṇṇanā,289,292,4
28,Spk-iv,อรรถกถาปฐมสมุททสูตรที่ ๑,339,341,3,Paṭhamasamuddasuttavaṇṇanā,293,295,3
28,Spk-iv,อรรถกถาทุติยสมุททสูตรที่ ๒,342,343,2,Dutiyasamuddasuttādivaṇṇanā,296,297,2
28,Spk-iv,อรรถกถาพาลิสิกสูตรที่ ๓,344,346,3,Khīrarukkhopamasuttādivaṇṇanā,298,299,2
28,Spk-iv,อรรถกถาขีรรุกขสูตร,347,351,5,Udāyīsuttavaṇṇanā,300,301,2
28,Spk-iv,อรรถกถาโกฏฐิกสูตรที่ ๕,352,353,2,Ādittapariyāyasuttavaṇṇanā,302,306,5
28,Spk-iv,อรรถกถากามภูสูตรที่ ๖,354,355,2,Paṭhamahatthapādopamasuttādivaṇṇanā,307,309,3
28,Spk-iv,อรรถกถาอุทายีสูตรที่ ๗,356,360,5,Āsīvisavaggo,310,310,1
28,Spk-iv,อรรถกถาอาทิตตปริยายสูตรที่ ๘,361,362,2,Āsīvisopamasuttavaṇṇanā,311,373,63
28,Spk-iv,อรรถกถาปฐมหัตถปาทปัพพสูตรที่ ๙,363,364,2,Rathopamasuttavaṇṇanā,374,395,22
28,Spk-iv,อรรถกถาทุติยหัตถปาทปัพพสูตรที่ ๑๐,365,,,Kummopamasuttavaṇṇanā,396,592,197
29,S-iv,๑. สมาธิสูตร,1,2,2,Samādhisuttaṃ,1255,1260,6
29,S-iv,๒. สุขสูตร,3,3,1,Sukhasuttaṃ,1261,1266,6
29,S-iv,๓. ปหานสูตร,4,5,2,Pahānasuttaṃ,1267,1278,12
29,S-iv,๔. ปาตาลสูตร,6,8,3,Pātālasuttaṃ,1279,1287,9
29,S-iv,๕. ทัฏฐัพพสูตร,9,9,1,Daṭṭhabbasuttaṃ,1288,1294,7
29,S-iv,๖. สัลลัตถสูตร,10,14,5,Sallasuttaṃ,1295,1310,16
29,S-iv,๗. ปฐมเคลัญญสูตร,15,18,4,Paṭhamagelaññasuttaṃ,1311,1320,10
29,S-iv,๘. ทุติยเคลัญญสูตร,19,21,3,Dutiyagelaññasuttaṃ,1321,1328,8
29,S-iv,๙. อนิจจสูตร,22,22,1,Aniccasuttaṃ,1329,1330,2
29,S-iv,๑๐. ผัสสมูลกสูตร,23,25,3,Phassamūlakasuttaṃ,1331,1337,7
29,S-iv,๑. รโหคตสูตร,26,32,7,Rahogatasuttaṃ,1338,1356,19
29,S-iv,๕. ปฐมอานันทสูตร,33,33,1,Paṭhamaānandasuttaṃ,1357,1358,2
29,S-iv,๖. ทุติยอานันทสูตร,34,34,1,Dutiyaānandasuttaṃ,1359,1360,2
29,S-iv,๗. ปฐมสัมพหุลสูตร,35,36,2,Paṭhamasambahulasuttaṃ,1361,1363,3
29,S-iv,๘. ทุติยสัมพหุลสูตร,37,36,0,Dutiyasambahulasuttaṃ,1364,1365,2
29,S-iv,๙. ปัญจกังคสูตร,37,45,9,Pañcakaṅgasuttaṃ,1366,1380,15
29,S-iv,๑๐. ภิกขุสูตร,46,47,2,Bhikkhusuttaṃ,1381,1388,8
29,S-iv,๑. สิวกสูตร,48,51,4,Sīvakasuttaṃ,1389,1394,6
29,S-iv,๒. อัฏฐสตปริยายสูตร,52,56,5,Aṭṭhasatasuttaṃ,1395,1396,2
29,S-iv,๓. ภิกขุสูตร,57,57,1,Aññatarabhikkhusuttaṃ,1397,1399,3
29,S-iv,๔. ปุพพสูตร,58,57,0,Pubbasuttaṃ,1400,1401,2
29,S-iv,๕. ญาณสูตร,58,58,1,Ñāṇasuttaṃ,1402,1403,2
29,S-iv,๖. ภิกขุสูตร,59,58,0,Sambahulabhikkhusuttaṃ,1404,1405,2
29,S-iv,๗. ปฐมสมณพราหมณสูตร,59,59,1,Paṭhamasamaṇabrāhmaṇasuttaṃ,1406,1407,2
29,S-iv,๘. ทุติยสมณพราหมณสูตร,60,60,1,Dutiyasamaṇabrāhmaṇasuttaṃ,1408,1409,2
29,S-iv,๙. ตติยสมณพราหมณ์สูตร,61,60,0,Tatiyasamaṇabrāhmaṇasuttaṃ,1410,1411,2
29,S-iv,๑๐. สุทธิกสูตร,61,60,0,Suddhikasuttaṃ,1412,1413,2
29,S-iv,๑๑. นิรามิสสูตร,61,65,5,Nirāmisasuttaṃ,1414,1433,20
29,S-iv,๑. อมนาปสูตร,66,67,2,Mātugāmasuttaṃ,1434,1435,2
29,S-iv,๒. มนาปสูตร,68,67,0,Purisasuttaṃ,1436,1437,2
29,S-iv,๓. อาเวณิกสูตร,68,69,2,Āveṇikadukkhasuttaṃ,1438,1439,2
29,S-iv,๔. มาตุคามสูตร,70,71,2,Tīhidhammehisuttaṃ,1440,1444,5
29,S-iv,๖. อุปนาหีสูตร,72,71,0,Upanāhīsuttaṃ,1445,1446,2
29,S-iv,๗. อิสสุกีสูตร,72,72,1,Issukīsuttaṃ,1447,1448,2
29,S-iv,๘. มัจฉรีสูตร,73,72,0,Maccharīsuttaṃ,1449,1450,2
29,S-iv,๙. อติจารสูตร,73,73,1,Aticārīsuttaṃ,1451,1452,2
29,S-iv,๑๐. ทุสสีลสูตร,74,73,0,Dussīlasuttaṃ,1453,1454,2
29,S-iv,๑๑. อัปปัสสุตสูตร,74,74,1,Appassutasuttaṃ,1455,1456,2
29,S-iv,๑๒. กุสีตสูตร,75,74,0,Kusītasuttaṃ,1457,1458,2
29,S-iv,๑๓. มุฏฐัสสติสูตร,75,75,1,Muṭṭhassatisuttaṃ,1459,1460,2
29,S-iv,๑๔. ปัญจเวรสูตร,76,76,1,Pañcaverasuttaṃ,1461,1469,9
29,S-iv,๑. อักโกธนสูตร,77,76,0,Akkodhanasuttaṃ,1470,1472,3
29,S-iv,๒. อนุปนาหีสูตร,77,77,1,Anupanāhīsuttaṃ,1473,1474,2
29,S-iv,๓. อนิสสุกีสูตร,78,77,0,Anissukīsuttaṃ,1475,1476,2
29,S-iv,๔. อันจฉรีสูตร,78,78,1,Amaccharīsuttaṃ,1477,1489,13
29,S-iv,๑๐. ปัญจสีลสูตร,79,79,1,Pañcasīlasuttaṃ,1490,1497,8
29,S-iv,๑. วิสารทสูตร,80,80,1,Visāradasuttaṃ,1498,1499,2
29,S-iv,๒. ปสัยหสูตร,81,80,0,Pasayhasuttaṃ,1500,1501,2
29,S-iv,๓. อภิภุยยสูตร,81,81,1,Abhibhuyyasuttaṃ,1502,1505,4
29,S-iv,๔. อังคสูตร,82,82,1,Aṅgasuttaṃ,1506,1507,2
29,S-iv,๕. นาสยิตถสูตร,83,84,2,Nāsentisuttaṃ,1508,1509,2
29,S-iv,๖. เหตุสูตร,85,84,0,Hetusuttaṃ,1510,1511,2
29,S-iv,๗. ฐานสูตร,85,85,1,Ṭhānasuttaṃ,1512,1514,3
29,S-iv,๘. วิสารทสูตร,86,86,1,Pañcasīlavisāradasuttaṃ,1515,1516,2
29,S-iv,๑๐. วัฑฒิสูตร,87,87,1,Vaḍḍhīsuttaṃ,1517,1528,12
29,S-iv,๑. นิพพานปัญหาสูตร,88,89,2,Nibbānapañhāsuttaṃ,1529,1531,3
29,S-iv,๒. อรหัตตปัญหาสูตร,90,90,1,Arahattapañhāsuttaṃ,1532,1533,2
29,S-iv,๓. ธรรมวาทีปัญหาสูตร,91,91,1,Dhammavādīpañhāsuttaṃ,1534,1536,3
29,S-iv,๔. ภิมัตถิยสูตร,92,92,1,Kimatthiyasuttaṃ,1537,1539,3
29,S-iv,๕. อัสสาสัปปัตตสูตร,93,93,1,Assāsappattasuttaṃ,1540,1541,2
29,S-iv,๖. ปรมัสสาสัปปัตรสูตร,94,94,1,Paramassāsappattasuttaṃ,1542,1543,2
29,S-iv,๗. เวทนาปัญหาสูตร,95,95,1,Vedanāpañhāsuttaṃ,1544,1545,2
29,S-iv,๘. อาสวปัญหาสูตร,96,96,1,Āsavapañhāsuttaṃ,1546,1547,2
29,S-iv,๙. อวิชชาปัญหาสูตร,97,97,1,Avijjāpañhāsuttaṃ,1548,1549,2
29,S-iv,๑๐. ตัณหาปัญหาสูตร,98,98,1,Taṇhāpañhāsuttaṃ,1550,1551,2
29,S-iv,๑๑. โอฆปัญหาสูตร,99,99,1,Oghapañhāsuttaṃ,1552,1553,2
29,S-iv,๑๒. อุปทานปัญหาสูตร,100,100,1,Upādānapañhāsuttaṃ,1554,1555,2
29,S-iv,๑๓. ภวปัญหาสูตร,101,101,1,Bhavapañhāsuttaṃ,1556,1557,2
29,S-iv,๑๔. ทุกขปัญหาสูตร,102,102,1,Dukkhapañhāsuttaṃ,1558,1559,2
29,S-iv,๑๕. สักกายปัญหาสูตร,103,103,1,Sakkāyapañhāsuttaṃ,1560,1561,2
29,S-iv,๑๖. ทุกกรปัญหาสูตร,104,105,2,Dukkarapañhāsuttaṃ,1562,1570,9
29,S-iv,๑. สามัณฑกสูตร,106,106,1,Sāmaṇḍakasuttaṃ,1571,1575,5
29,S-iv,๑๖. ทุกรปัญหาสูตร,107,107,1,Dukkarasuttaṃ,1576,1580,5
29,S-iv,๑. สวิตักกปัญหาสูตร,108,108,1,Paṭhamajhānapañhāsuttaṃ,1581,1584,4
29,S-iv,๒. อวิตักกปัญหาสูตร,109,109,1,Dutiyajhānapañhāsuttaṃ,1585,1587,3
29,S-iv,๓. สุขปัญหาสูตร,110,110,1,Tatiyajhānapañhāsuttaṃ,1588,1590,3
29,S-iv,๔. อุเปกขาปัญหาสูตร,111,111,1,Catutthajhānapañhāsuttaṃ,1591,1593,3
29,S-iv,๕. อากาสานัญจายตนฌานปัญหาสูตร,112,112,1,Ākāsānañcāyatanapañhāsuttaṃ,1594,1596,3
29,S-iv,๖. วิญญาณัญจายตนปัญหาสูตร,113,113,1,Viññāṇañcāyatanapañhāsuttaṃ,1597,1599,3
29,S-iv,๗. อากิญจัญญายตนฌานปัญหาสูตร,114,114,1,Ākiñcaññāyatanapañhāsuttaṃ,1600,1602,3
29,S-iv,๘. เนวสัญญานาสัญญายตนฌานปัญหาสูตร,115,115,1,Nevasaññānāsaññāyatanapañhāsuttaṃ,1603,1605,3
29,S-iv,๙. อนิมิตตปัญหาสูตร,116,117,2,Animittapañhāsuttaṃ,1606,1608,3
29,S-iv,๑๐. สักกสูตร,118,127,10,Sakkasuttaṃ,1609,1663,55
29,S-iv,๑๑. จันทนสูตร,128,128,1,Candanasuttaṃ,1664,1676,13
29,S-iv,๑. สังโยชนสูตร,129,131,3,Saṃyojanasuttaṃ,1677,1680,4
29,S-iv,๒. ปฐมิสิทัตตสูตร,132,135,4,Paṭhamaisidattasuttaṃ,1681,1685,5
29,S-iv,๓. ทุติยอิสิทัตตสูตร,136,140,5,Dutiyaisidattasuttaṃ,1686,1694,9
29,S-iv,๔. มหกสูตร,141,144,4,Mahakapāṭihāriyasuttaṃ,1695,1701,7
29,S-iv,๕. ปฐมกามภูสูตร,145,147,3,Paṭhamakāmabhūsuttaṃ,1702,1711,10
29,S-iv,๖. ทุติยกามภูสูตร,148,158,11,Dutiyakāmabhūsuttaṃ,1712,1722,11
29,S-iv,๗. โคทัตตสูตร,159,164,6,Godattasuttaṃ,1723,1729,7
29,S-iv,๘. นิคัณฐสูตร,165,167,3,Nigaṇṭhanāṭaputtasuttaṃ,1730,1735,6
29,S-iv,๙. อเจลสูตร,168,171,4,Acelakassapasuttaṃ,1736,1739,4
29,S-iv,๑๐. คิลานสูตร,172,176,5,Gilānadassanasuttaṃ,1740,1748,9
29,S-iv,๑. จัณฑสูตร,177,178,2,Caṇḍasuttaṃ,1749,1752,4
29,S-iv,๒. ตาลปุตตสูตร,179,183,5,Tālapuṭasuttaṃ,1753,1756,4
29,S-iv,๓. โยธาชีวสูตร,184,185,2,Yodhājīvasuttaṃ,1757,1760,4
29,S-iv,๔. หัตถาโรหสูตร,186,186,1,Hatthārohasuttaṃ,1761,1762,2
29,S-iv,๕. อัสสาโรหสูตร,187,188,2,Assārohasuttaṃ,1763,1766,4
29,S-iv,๖. ภูมกสูตร,189,192,4,Asibandhakaputtasuttaṃ,1767,1772,6
29,S-iv,๗. เทศนาสูตร,193,197,5,Khettūpamasuttaṃ,1773,1777,5
29,S-iv,๘. อสังขาสูตร,198,206,9,Saṅkhadhamasuttaṃ,1778,1791,14
29,S-iv,๙. กุลสูตร,207,211,5,Kulasuttaṃ,1792,1796,5
29,S-iv,๑๐. มณิจูฬกสูตร,212,214,3,Maṇicūḷakasuttaṃ,1797,1800,4
29,S-iv,๑๑. คันธภกสูตร,215,219,5,Bhadrakasuttaṃ,1801,1806,6
29,S-iv,๑๒. ราสิยสูตร,220,233,14,Rāsiyasuttaṃ,1807,1830,24
29,S-iv,๑๓. ปาฏลิยสูตร,234,259,26,Pāṭaliyasuttaṃ,1831,1867,37
29,S-iv,วรรคที่ ๑,260,262,3,Paṭhamavaggo,1868,1896,29
29,S-iv,วรรคที่ ๒,263,279,17,Dutiyavaggo,1897,1928,32
29,S-iv,๑. เขมาเถรีสูตร,280,289,10,Khemāsuttaṃ,1929,1942,14
29,S-iv,๒. อนุราธสูตร,290,295,6,Anurādhasuttaṃ,1943,1960,18
29,S-iv,๓. ปฐมสารีปุตตโกฏฐิตสูตร,296,298,3,Paṭhamasāriputtakoṭṭhikasuttaṃ,1961,1965,5
29,S-iv,๔. ทุติยสารีปุตตโกฏฐิตสูตร,299,300,2,Dutiyasāriputtakoṭṭhikasuttaṃ,1966,1968,3
29,S-iv,๕. ตติยสารีปุตตโกฏฐิตสูตร,301,301,1,Tatiyasāriputtakoṭṭhikasuttaṃ,1969,1970,2
29,S-iv,๖. จตุตถสารีปุตตโกฏฐิตสูตร,302,305,4,Catutthasāriputtakoṭṭhikasuttaṃ,1971,1978,8
29,S-iv,๗. โมคคัลลานสูตร,306,310,5,Moggallānasuttaṃ,1979,1987,9
29,S-iv,๘. วัจฉสูตร,311,314,4,Vacchagottasuttaṃ,1988,1995,8
29,S-iv,๙. กุตุหลสาลาสูตร,315,317,3,Kutūhalasālāsuttaṃ,1996,2002,7
29,S-iv,๑๐. อานันทสูตร,318,319,2,Ānandasuttaṃ,2003,2005,3
29,S-iv,๑๑. สภิยสูตร,320,,,Sabhiyakaccānasuttaṃ,2006,,
29,Spk-iv,อรรถกถาสมาธิสูตรที่ ๑,2,2,1,Samādhisuttavaṇṇanā,593,594,2
29,Spk-iv,อรรถกถาสุขสูตรที่ ๒,3,4,2,Sukhasuttavaṇṇanā,595,596,2
29,Spk-iv,อรรถกถาปหานสูตรที่ ๓,5,6,2,Pahānasuttavaṇṇanā,597,600,4
29,Spk-iv,อรรถกถาปาตาลสุตรที่ ๔,7,9,3,Pātālasuttavaṇṇanā,601,604,4
29,Spk-iv,อรรถกถาทัฏฐัพพสูตรที่ ๕,10,13,4,Daṭṭhabbasuttavaṇṇanā,605,606,2
29,Spk-iv,อรรถกถาสัลลัตถสูตรที่ ๖,14,17,4,Sallasuttavaṇṇanā,607,608,2
29,Spk-iv,อรรถกถาปฐมเคลัญญสูตรที่ ๗,18,21,4,Paṭhamagelaññasuttavaṇṇanā,609,611,3
29,Spk-iv,อรรถกถาทุติยเคลัญญสูตรที่ ๘,22,23,2,Dutiyagelaññasuttādivaṇṇanā,612,613,2
29,Spk-iv,อรรถกถาผัสสมูลกสูตรที่ ๑๐,24,27,4,Phassamūlakasuttavaṇṇanā,614,617,4
29,Spk-iv,อรรถกถารโหคตสูตรที่ ๑,28,29,2,Rahogatasuttavaṇṇanā,618,619,2
29,Spk-iv,อรรถกถาปฐมวาตสูตรที่ ๒,30,30,1,Paṭhamaākāsasuttādivaṇṇanā,620,619,0
29,Spk-iv,อรรถกถาทุติยวาตสูตรที่ ๓,31,31,1,Paṭhamaākāsasuttādivaṇṇanā,620,621,2
29,Spk-iv,อรรถกถานิวาสสูตรที่ ๔,32,43,12,Agārasuttavaṇṇanā,622,625,4
29,Spk-iv,อรรถกถาปัญจกังคสูตรที่ ๙,44,49,6,Pañcakaṅgasuttādivaṇṇanā,626,631,6
29,Spk-iv,อรรถกถาสิวกสูตรที่ ๑,50,52,3,Sīvakasuttavaṇṇanā,632,636,5
29,Spk-iv,อรรถกถาอัฏฐสตปริยายสูตรที่ ๒,53,63,11,Aṭṭhasatasuttādivaṇṇanā,637,644,8
29,Spk-iv,อรรถกถานิรามิสสูตรที่ ๑๑,64,66,3,Nirāmisasuttavaṇṇanā,645,650,6
29,Spk-iv,อรรถกถาอมนาปสูตรที่ ๑,67,68,2,Mātugāmasuttādivaṇṇanā,651,652,2
29,Spk-iv,อรรถกถาอาเวณิกสูตรที่ ๓,69,69,1,Āveṇikadukkhasuttavaṇṇanā,653,654,2
29,Spk-iv,อรรถกถามาตุคามสูตรที่ ๔,70,79,10,Tīhidhammehisuttādivaṇṇanā,655,657,3
29,Spk-iv,อรรถกถาวิสารทสุตรที่ ๑,80,80,1,Visāradasuttavaṇṇanā,658,659,2
29,Spk-iv,อรรถกถาปสัยหสูตรที่ ๒,81,81,1,Pasayhasuttādivaṇṇanā,660,659,0
29,Spk-iv,อรรถกถาอภิภุยยสูตรที่ ๓,82,83,2,Pasayhasuttādivaṇṇanā,660,659,0
29,Spk-iv,อรรถกถานาสยิตถสูตรที่ ๕,84,88,5,Pasayhasuttādivaṇṇanā,660,663,4
29,Spk-iv,อรรถกถานิพพานปัญหาสูตรที่ ๑,89,90,2,Nibbānapañhāsuttavaṇṇanā,664,667,4
29,Spk-iv,อรรถกถาอรหัตตปัญหาสูตรที่ ๒,91,91,1,Arahattapañhāsuttavaṇṇanā,668,669,2
29,Spk-iv,อรรถกถาธรรมวาทีปัญหาสูตรที่ ๓,92,101,10,Dhammavādīpañhāsuttādivaṇṇanā,670,671,2
29,Spk-iv,อรรถกถาทุกขปัญหาสูตรที่ ๑๔,102,104,3,Dukkarapañhāsuttavaṇṇanā,672,671,0
29,Spk-iv,อรรถกถาทุกรปัญหาสูตรที่ ๑๖,105,108,4,Dukkarapañhāsuttavaṇṇanā,672,678,7
29,Spk-iv,อรรถกถาสวิตักกปัญหาสูตรที่ ๑,109,109,1,Paṭhamajhānapañhāsuttādivaṇṇanā,679,678,0
29,Spk-iv,อรรถกถาอวิตักกปัญหาสูตรที่ ๒,110,117,8,Paṭhamajhānapañhāsuttādivaṇṇanā,679,680,2
29,Spk-iv,อรรถกถาอนิมิตตปัญหาสูตรที่ ๙,118,127,10,Animittapañhāsuttavaṇṇanā,681,682,2
29,Spk-iv,อรรถกถาสักกสูตรที่ ๑๐,128,130,3,Sakkasuttādivaṇṇanā,683,686,4
29,Spk-iv,อรรถกถาสังโยชนสูตรที่ ๑,131,134,4,Saṃyojanasuttavaṇṇanā,687,688,2
29,Spk-iv,อรรถกถาปฐมอิสิทัตตสูตรที่ ๒,135,140,6,Paṭhamaisidattasuttavaṇṇanā,689,691,3
29,Spk-iv,อรรถกถาทุติยอิสิทัตตสูตรที่ ๓,141,143,3,Dutiyaisidattasuttavaṇṇanā,692,693,2
29,Spk-iv,อรรถกถามหกสูตรที่ ๔,144,146,3,Mahakapāṭihāriyasuttavaṇṇanā,694,696,3
29,Spk-iv,อรรถกถาปฐมกามภูสูตรที่ ๕,147,151,5,Paṭhamakāmabhūsuttavaṇṇanā,697,698,2
29,Spk-iv,อรรถกถาทุติยกามภูสูตรที่ ๖,152,161,10,Dutiyakāmabhūsuttavaṇṇanā,699,714,16
29,Spk-iv,อรรถกถาโคทัตตสูตรที่ ๗,162,166,5,Godattasuttavaṇṇanā,715,722,8
29,Spk-iv,อรรถกถานิคัณฐสูตรที่ ๘,167,170,4,Nigaṇṭhanāṭaputtasuttavaṇṇanā,723,725,3
29,Spk-iv,อรรถกถาอเจลสูตรที่ ๙,171,174,4,Acelakassapasuttavaṇṇanā,726,727,2
29,Spk-iv,อรรถกถาคิลานสูตรที่ ๑๐,175,178,4,Gilānadassanasuttavaṇṇanā,728,731,4
29,Spk-iv,อรรถกถาจัณฑสูตรที่ ๑,179,181,3,Caṇḍasuttavaṇṇanā,732,733,2
29,Spk-iv,อรรถกถาตาลปุตตสูตรที่ ๒,182,185,4,Tālapuṭasuttavaṇṇanā,734,737,4
29,Spk-iv,อรรถกถาโยธาชีวสูตรที่ ๒,186,188,3,Yodhājīvasuttādivaṇṇanā,738,739,2
29,Spk-iv,อรรถกถาหัตถาโรหสูตรที่ ๔ และ อัสสาโรหสูตรที่ ๕,189,191,3,Asibandhakaputtasuttavaṇṇanā,740,741,2
29,Spk-iv,อรรถกถาภูมกสูตรที่ ๖,192,196,5,Khettūpamasuttavaṇṇanā,742,744,3
29,Spk-iv,อรรถกถาเทศนาสูตรที่ ๗,197,204,8,Saṅkhadhamasuttavaṇṇanā,745,749,5
29,Spk-iv,อรรถกถาอสังขาสูตรที่ ๘,205,209,5,Kulasuttavaṇṇanā,750,749,0
29,Spk-iv,อรรถกถากุลสูตรที่ ๙,210,213,4,Kulasuttavaṇṇanā,750,753,4
29,Spk-iv,อรรถกถามณิจูฬกสูตรที่ ๑๐,214,218,5,Maṇicūḷakasuttavaṇṇanā,754,757,4
29,Spk-iv,อรรถกถาคันธภกสูตรที่ ๑๑,219,232,14,Bhadrakasuttavaṇṇanā,758,759,2
29,Spk-iv,อรรถกถาราสิยสูตรที่ ๑๒,233,256,24,Rāsiyasuttavaṇṇanā,760,763,4
29,Spk-iv,อรรถกถาปาฏลิยสูตรที่ ๑๓,257,275,19,Pāṭaliyasuttavaṇṇanā,764,769,6
29,Spk-iv,อรรถกถาอสังขตสังยุต,276,287,12,Paṭhamavaggo,770,782,13
29,Spk-iv,อรรถกถาเขามาเถรีสูตรที่ ๑,288,298,11,Khemāsuttavaṇṇanā,783,788,6
29,Spk-iv,อรรถกถาปฐมสารีปุตตโกฏฐิตสูตรที่ ๓,299,317,19,Paṭhamasāriputtakoṭṭhikasuttādivaṇṇanā,789,790,2
29,Spk-iv,อรรถกถากุตุหลสาลาสูตรที่ ๙,318,319,2,Kutūhalasālāsuttavaṇṇanā,791,792,2
29,Spk-iv,อรรถกถาอานันทสูตรที่ ๑๐,320,321,2,Ānandasuttavaṇṇanā,793,794,2
29,Spk-iv,อรรถกถาสภิยสูตรที่ ๑๑,322,,,Sabhiyakaccānasuttavaṇṇanā,795,,
3,Sp-i,เตรสกัณฑวรรณนา,96,119,24,Saṅghādisesakaṇḍaṃ,2029,2029,1
3,Sp-i,วินีตวัตถุในสังฆาทิเสส สิกขาบทที่ ๑,120,171,52,1. Sukkavissaṭṭhisikkhāpadavaṇṇanā,2030,2093,64
3,Sp-i,วินีตวัตถุในสังฆาทิเสสสิกขาบทที่ ๒,172,214,43,2. Kāyasaṃsaggasikkhāpadavaṇṇanā,2094,2155,62
3,Sp-i,วินีตวัตถุในตติยสังฆาทิเสส,215,236,22,3. Duṭṭhullavācāsikkhāpadavaṇṇanā,2156,2180,25
3,Sp-i,พรรณนาสังฆาทิเสสสิกขาบทที่ ๔,237,337,101,4. Attakāmapāricariyasikkhāpadavaṇṇanā,2181,2193,13
3,Sp-i,สังฆาทิเสสสิกขาบทที่ ๕ สัญจริตตสิกขาบทวรรณนา,338,400,63,5. Sañcarittasikkhāpadavaṇṇanā,2194,2240,47
3,Sp-i,สังฆาทิเสสสิกขาบทที่ ๖ กุฏิการสิกขาบทวรรณนา,401,443,43,6. Kuṭikārasikkhāpadavaṇṇanā,2241,2295,55
3,Sp-i,สังฆาทิเสสสิกขาบทที่ ๗ วิหารการสิกขาบทวรรณนา,444,475,32,7. Vihārakārasikkhāpadavaṇṇanā,2296,2300,5
3,Sp-i,สังฆาทิเสสสิกขาบทที่ ๘ ปฐมทุฏฐโทสสิกขาบทวรรณนา,476,551,76,8. Paṭhamaduṭṭhadosasikkhāpadavaṇṇanā,2301,2385,85
3,Sp-i,สังฆาทิเสสสิกขาบทที่ ๙ ทุติยทุฏฐโทสสิกขาบทวรรณนา,552,570,19,9. Dutiyaduṭṭhadosasikkhāpadavaṇṇanā,2386,2400,15
3,Sp-i,สังฆาทิเสสสิกขาบทที่ ๑๐ ปฐมสังฆเภทสิกขาบทวรรณนา,571,594,24,10. Paṭhamasaṅghabhedasikkhāpadavaṇṇanā,2401,2437,37
3,Sp-i,สังฆาทิเสสสิกขาบทที่ ๑๑ ทุติยสังฆเภทสิกขาบทวรรณนา,595,603,9,11. Dutiyasaṅghabhedasikkhāpadavaṇṇanā,2438,2443,6
3,Sp-i,สังฆาทิเสสสิกขาบทที่ ๑๒ ทุพพจสิกขาบทวรรณนา,604,629,26,12. Dubbacasikkhāpadavaṇṇanā,2444,2453,10
3,Sp-i,สังฆาทิเสสสิกขาบทที่ ๑๓ กุลทูสกสิกขาบทวรรณนา,630,661,32,13. Kuladūsakasikkhāpadavaṇṇanā,2454,2511,58
3,Sp-i,อนิยตกัณฑ์,662,672,11,3. Aniyatakaṇḍaṃ,2512,2512,1
3,Sp-i,พรรณนาอนิยตสิกขาบทที่ ๑,673,689,17,1. Paṭhamaaniyatasikkhāpadavaṇṇanā,2513,2524,12
3,Sp-i,พรรณนาอนิยตสิกขาบทที่ ๒,690,692,3,2. Dutiyaaniyatasikkhāpadavaṇṇanā,2525,2531,7
3,Sp-i,นิสสัคคิยกัณฑ์,693,701,9,4. Nissaggiyakaṇḍaṃ,2532,2533,2
3,Sp-i,นิสสัคคิยปาจิตตีย์ จีวรวรรคที่ ๑ สิกขาบทที่ ๑,702,,,1. Paṭhamakathinasikkhāpadavaṇṇanā,2534,,
3,Vin-i,สังฆาทิเสส  สิกขาบทที่  ๑,799,1029,231,1. Sukkavissaṭṭhisikkhāpadaṃ,799,1029,231
3,Vin-i,สังฆาทิเสสสิกขาบทที่  ๒,1030,1173,144,2. Kāyasaṃsaggasikkhāpadaṃ,1030,1173,144
3,Vin-i,สังฆาทิเสสสิกขาบทที่  ๓,1174,1223,50,3. Duṭṭhullavācāsikkhāpadaṃ,1174,1223,50
3,Vin-i,สังฆาทิเสสสิกขาบทที่  ๔,1224,1265,42,4. Attakāmapāricariyasikkhāpadaṃ,1224,1265,42
3,Vin-i,สังฆาทิเสสสิกขาบทที่  ๕,1266,1458,193,5. Sañcarittasikkhāpadaṃ,1266,1458,193
3,Vin-i,สังฆาทิเสสสิกขาบทที่ ๖,1459,1563,105,6. Kuṭikārasikkhāpadaṃ,1459,1563,105
3,Vin-i,สังฆาทิเสสสิกขาบทที่  ๗,1564,1606,43,7. Vihārakārasikkhāpadaṃ,1564,1606,43
3,Vin-i,สังฆาทิเสสสิกขาบทที่  ๘,1607,1674,68,8. Duṭṭhadosasikkhāpadaṃ,1607,1674,68
3,Vin-i,สังฆาทิเสสสิกขาบทที่  ๙,1675,1721,47,9. Dutiyaduṭṭhadosasikkhāpadaṃ,1675,1721,47
3,Vin-i,สังฆาทิเสสสิกขาบทที่  ๑๐,1722,1750,29,10. Saṅghabhedasikkhāpadaṃ,1722,1750,29
3,Vin-i,สังฆาทิเสสสิกขาบทที่  ๑๑,1751,1775,25,11. Bhedānuvattakasikkhāpadaṃ,1751,1775,25
3,Vin-i,สังฆาทิเสสสิกขาบทที่  ๑๒,1776,1799,24,12. Dubbacasikkhāpadaṃ,1776,1799,24
3,Vin-i,สังฆาทิเสสสิกขาบทที่  ๑๓,1800,1849,50,13. Kuladūsakasikkhāpadaṃ,1800,1849,50
3,Vin-i,อนิยตสิกขาบทที่  ๑,1850,1878,29,1. Paṭhamaaniyatasikkhāpadaṃ,1850,1878,29
3,Vin-i,อนิยตสิกขาบทที่  ๒,1879,1913,35,2. Dutiyaaniyatasikkhāpadaṃ,1879,1913,35
3,Vin-i,นิสสัคคิยปาจิตตีย์  จีวรวรรคที่  ๑  สิกขาบทที่  ๑,1914,1936,23,1. Paṭhamakathinasikkhāpadaṃ,1914,1936,23
3,Vin-i,จีวรวรรคที่  ๑  สิกขาบทที่  ๒,1937,1974,38,2. Udositasikkhāpadaṃ,1937,1974,38
3,Vin-i,จีวรวรรคที่  ๑  สิกขาบทที่  ๓,1975,1994,20,3. Tatiyakathinasikkhāpadaṃ,1975,1994,20
3,Vin-i,จีวรวรรคที่  ๑  สิกขาบทที่  ๔,1995,2008,14,4. Purāṇacīvarasikkhāpadaṃ,1995,2008,14
3,Vin-i,จีวรวรรคที่  ๑  สิกขาบทที่  ๕,2009,2025,17,5. Cīvarapaṭiggahaṇasikkhāpadaṃ,2009,2025,17
3,Vin-i,จีวรวรรคที่  ๑  สิกขาบทที่  ๖,2026,2045,20,6. Aññātakaviññattisikkhāpadaṃ,2026,2045,20
3,Vin-i,จีวรวรรคที่  ๑  สิกขาบทที่  ๗,2046,2061,16,7. Tatuttarisikkhāpadaṃ,2046,2061,16
3,Vin-i,จีวรวรรคที่  ๑  สิกขาบทที่  ๘,2062,2086,25,8. Upakkhaṭasikkhāpadaṃ,2062,2086,25
3,Vin-i,จีวรวรรคที่  ๑  สิกขาบทที่  ๙,2087,2115,29,9. Dutiyaupakkhaṭasikkhāpadaṃ,2087,2115,29
3,Vin-i,จีวรวรรคที่  ๑  สิกขาบทที่  ๑๐,2116,,,10. Rājasikkhāpadaṃ,2116,,
30,S-v,๑. อวิชชาสูตร,1,6,6,Avijjāsuttaṃ,6,9,4
30,S-v,๒. อุปัฑฒสูตร,7,8,2,Upaḍḍhasuttaṃ,10,14,5
30,S-v,๓. สารีปุตตสูตร,9,10,2,Sāriputtasuttaṃ,15,19,5
30,S-v,๔. พราหมณสูตร,11,19,9,Jāṇussoṇibrāhmaṇasuttaṃ,20,34,15
30,S-v,๕. กิมัตถิยสูตร,20,21,2,Kimatthiyasuttaṃ,35,39,5
30,S-v,๖. ปฐมภิกขุสูตร,22,21,0,Paṭhamaaññatarabhikkhusuttaṃ,40,42,3
30,S-v,๗. ทุติยภิกขุสูตร,22,23,2,Dutiyaaññatarabhikkhusuttaṃ,43,46,4
30,S-v,๘. วิภังคสูตร,24,31,8,Vibhaṅgasuttaṃ,47,57,11
30,S-v,๙. สุกสูตร,32,33,2,Sūkasuttaṃ,58,61,4
30,S-v,๑๐. นันทิยสูตร,34,36,3,Nandiyasuttaṃ,62,69,8
30,S-v,๑. ปฐมวิหารสูตร,37,41,5,Paṭhamavihārasuttaṃ,70,72,3
30,S-v,๒. ทุติยวิหารสูตร,42,43,2,Dutiyavihārasuttaṃ,73,75,3
30,S-v,๓. เสขสูตร,44,44,1,Sekkhasuttaṃ,76,78,3
30,S-v,๔. ปฐมอุปปาทสูตร,45,45,1,Paṭhamauppādasuttaṃ,79,80,2
30,S-v,๕. ทุติยอุปปาทสูตร,46,45,0,Dutiyauppādasuttaṃ,81,82,2
30,S-v,๖. ปฐมปริสุทธสูตร,46,46,1,Paṭhamaparisuddhasuttaṃ,83,84,2
30,S-v,๗. ทุติยปริสุทธสูตร,47,46,0,Dutiyaparisuddhasuttaṃ,85,86,2
30,S-v,๘. ปฐมกุกกุฏารามสูตร,47,48,2,Paṭhamakukkuṭārāmasuttaṃ,87,89,3
30,S-v,๙. ทุติยกุกกุฏารามสูตร,49,48,0,Dutiyakukkuṭārāmasuttaṃ,90,91,2
30,S-v,๑๐. ตติยกุกกุฏารามสูตร,49,,,Tatiyakukkuṭārāmasuttaṃ,92,1152,1061
30,Spk-v,อรรถกถาอวิชชาสูตร,3,9,7,1-2. Avijjāsuttādivaṇṇanā,6,11,6
30,Spk-v,อรรถกถาสารีปุตตสูตร,10,13,4,3. Sāriputtasuttavaṇṇanā,12,13,2
30,Spk-v,อรรถกถาพราหมณสูตร,14,20,7,4. Jāṇussoṇibrāhmaṇasuttavaṇṇanā,14,25,12
30,Spk-v,อรรถกถากิมัตถิยสูตร,21,22,2,5-6. Kimatthiyasuttādivaṇṇanā,26,27,2
30,Spk-v,อรรถกถาทุติยภิกขุสูตร,23,25,3,7. Dutiyaaññatarabhikkhusuttavaṇṇanā,28,29,2
30,Spk-v,อรรถกถาวิภังคสูตร,26,33,8,8. Vibhaṅgasuttavaṇṇanā,30,44,15
30,Spk-v,อรรถกถาสุกสูตร,34,35,2,9. Sūkasuttavaṇṇanā,45,46,2
30,Spk-v,อรรถกถานันทิยสูตร,36,37,2,10. Nandiyasuttavaṇṇanā,47,50,4
30,Spk-v,อรรถกถาวิหารสูตร,38,42,5,1. Paṭhamavihārasuttavaṇṇanā,51,58,8
30,Spk-v,อรรถกถาวิหารสูตร,43,44,2,2. Dutiyavihārasuttavaṇṇanā,59,60,2
30,Spk-v,อรรถกถาเสขสูตร,45,47,3,3-7. Sekkhasuttādivaṇṇanā,61,62,2
30,Spk-v,อรรถกถาปฐมกุกกุฏาราม,48,57,10,8-10. Paṭhamakukkuṭārāmasuttādivaṇṇanā,63,65,3
30,Spk-v,อรรถกถามิจฉัตตสูตรเป็นต้น,58,66,9,3. Micchattavaggavaṇṇanā,66,68,3
30,Spk-v,อรรถกถาปฏิปัตติสูตรเป็นต้น,67,72,6,4. Paṭipattivaggavaṇṇanā,69,73,5
30,Spk-v,อรรถกถาอัญญติตถิยเปยยาล,73,81,9,5. Aññatitthiyapeyyālavaggavaṇṇanā,74,76,3
30,Spk-v,อรรถกถาสุริยเปยยาล,82,89,8,6. Sūriyapeyyālavaggavaṇṇanā,77,79,3
30,Spk-v,อรรถกถาเอกธัมมเปยยาลที่ ๗ และคังคาเปยยาลที่ ๙,90,137,48,7. Ekadhammapeyyālavaggādivaṇṇanā,80,81,2
30,Spk-v,อรรถกถาแห่งอัปปมาทเปยยาล,138,140,3,8. Appamādapeyyālavaggo,82,90,9
30,Spk-v,อรรถกถาปฐมพลกรณียสูตร,141,144,4,1. Balasuttavaṇṇanā,91,92,2
30,Spk-v,อรรถกถาพีชสูตร,145,145,1,2. Bījasuttavaṇṇanā,93,94,2
30,Spk-v,อรรถกถานาคสูตร,146,149,4,3. Nāgasuttavaṇṇanā,95,98,4
30,Spk-v,อรรถกถากุมภสูตร,150,151,2,5. Kumbhasuttavaṇṇanā,99,100,2
30,Spk-v,อรรถกถาอากาสสูตร,152,153,2,7. Ākāsasuttavaṇṇanā,101,102,2
30,Spk-v,อรรถกถาปฐมเมฆสูตร,154,155,2,8-9. Paṭhamameghasuttādivaṇṇanā,103,104,2
30,Spk-v,อรรถกถานาวาสูตร,156,157,2,10. Nāvāsuttavaṇṇanā,105,106,2
30,Spk-v,อรรถกถาอาคันตุกาคารสูตร,158,161,4,11-12. Āgantukasuttādivaṇṇanā,107,110,4
30,Spk-v,อรรถกถาปฐมเอสนาสูตร,162,167,6,1. Esanāsuttavaṇṇanā,111,112,2
30,Spk-v,อรรถกถาวิธาสูตร,168,182,15,2-11. Vidhāsuttādivaṇṇanā,113,115,3
30,Spk-v,โอฆวรรควรรณนาที่ ๑๓,183,184,2,11. Oghavaggo,116,126,11
30,Spk-v,อรรถกถาหิมวันตสูตร,185,190,6,1. Himavantasuttavaṇṇanā,127,131,5
30,Spk-v,อรรถกถากายสูตร,191,197,7,2. Kāyasuttavaṇṇanā,132,145,14
30,Spk-v,อรรถกถาสีลสูตร,198,203,6,3. Sīlasuttavaṇṇanā,146,155,10
30,Spk-v,อรรถกถาวัตตสูตร,204,205,2,4. Vatthasuttavaṇṇanā,156,158,3
30,Spk-v,อรรถกถาภิกขุสูตร,206,210,5,5. Bhikkhusuttavaṇṇanā,159,160,2
30,Spk-v,อรรถกถากุณฑลิยสูตร,211,215,5,6-7. Kuṇḍaliyasuttādivaṇṇanā,161,167,7
30,Spk-v,อรรถกถาอุปวาณสูตร,216,216,1,8. Upavānasuttavaṇṇanā,168,169,2
30,Spk-v,อรรถกถาปฐมอุปาทสูตร,217,217,1,9. Paṭhamauppannasuttavaṇṇanā,170,171,2
30,Spk-v,อรรถกถาทุติยอุปาทสูตรที่ ๑๐,218,219,2,10. Dutiyauppannasuttavaṇṇanā,172,175,4
30,Spk-v,อรรถกถาปาณูปมสูตร,220,222,3,1-3. Pāṇasuttādivaṇṇanā,176,177,2
30,Spk-v,อรรถกถาปฐมคิลานสูตร,223,231,9,4-10. Paṭhamagilānasuttādivaṇṇanā,178,181,4
30,Spk-v,อรรถกถาโพธนสูตร,232,233,2,1-2. Bodhāyasuttādivaṇṇanā,182,183,2
30,Spk-v,อรรถกถาฐานิยสูตร,234,236,3,3-5. Ṭhāniyasuttādivaṇṇanā,184,185,2
30,Spk-v,อรรถกถาขยสูตร,237,239,3,6-7. Taṇhakkhayasuttādivaṇṇanā,186,187,2
30,Spk-v,อรรถกถานิพเพธสูตร,240,241,2,8. Nibbedhabhāgiyasuttavaṇṇanā,188,189,2
30,Spk-v,อรรถกถาเอกธรรมสูตร,242,243,2,9. Ekadhammasuttavaṇṇanā,190,191,2
30,Spk-v,อรรถกถาอุทายิสูตร,244,249,6,10. Udāyisuttavaṇṇanā,192,195,4
30,Spk-v,อรรถกถาอุปกิเลสสูตร,250,253,4,3-4. Upakkilesasuttādivaṇṇanā,196,197,2
30,Spk-v,อรรถกถาอาวรณานีวรณสูตร,254,257,4,8. Āvaraṇanīvaraṇasuttavaṇṇanā,198,200,3
30,Spk-v,อรรถกถารุกขสูตร,258,259,2,9. Rukkhasuttavaṇṇanā,201,202,2
30,Spk-v,อรรถกถานีวรณสูตร,260,261,2,10. Nīvaraṇasuttavaṇṇanā,203,206,4
30,Spk-v,อรรถกถาวิธาสูตร,262,262,1,1. Vidhāsuttavaṇṇanā,207,208,2
30,Spk-v,อรรถกถาจักกวัตติสูตร,263,267,5,2. Cakkavattisuttavaṇṇanā,209,219,11
30,Spk-v,อรรถกถาทุปปัญญสูตร,268,279,12,4-10. Duppaññasuttādivaṇṇanā,220,223,4
30,Spk-v,อรรถกถาอาหารสูตร,280,301,22,1. Āhārasuttavaṇṇanā,224,269,46
30,Spk-v,อรรถกถาปริยายสูตร,302,308,7,2. Pariyāyasuttavaṇṇanā,270,278,9
30,Spk-v,อรรถกถาอัคคิสูตร,309,316,8,3. Aggisuttavaṇṇanā,279,280,2
30,Spk-v,อรรถกถาเมตตาสูตร,317,326,10,4. Mettāsahagatasuttavaṇṇanā,281,289,9
30,Spk-v,อรรถกถาสคารวสูตร,327,331,5,5. Saṅgāravasuttavaṇṇanā,290,293,4
30,Spk-v,อรรถกถาอภยสูตร,332,344,13,6. Abhayasuttavaṇṇanā,294,296,3
30,Spk-v,อรรถกถาอานาปานาทิเปยยาลที่ ๗*,345,347,3,1. Aṭṭhikamahapphalasuttādivaṇṇanā,297,306,10
30,Spk-v,อรรถกถาอัพปาลิสูตร,348,383,36,1. Ambapālisuttavaṇṇanā,307,388,82
30,Spk-v,อรถกถาโกสลสูตร,384,387,4,4. Sālasuttavaṇṇanā,389,390,2
30,Spk-v,อรรถกถาสกุณัคฆีสูตร,388,390,3,6. Sakuṇagghisuttavaṇṇanā,391,392,2
30,Spk-v,อรรถกถามักกฏสูตร,391,393,3,7. Makkaṭasuttavaṇṇanā,393,394,2
30,Spk-v,อรรถกถาสูทสูตร,394,397,4,8. Sūdasuttavaṇṇanā,395,396,2
30,Spk-v,อรรถกถาคิลานสูตร,398,406,9,9. Gilānasuttavaṇṇanā,397,405,9
30,Spk-v,อรรถกถาภิกขุนีสูตร,407,425,19,10. Bhikkhunupassayasuttavaṇṇanā,406,432,27
30,Spk-v,อรรถกถาจุนทสูตร,426,444,19,3. Cundasuttavaṇṇanā,433,482,50
30,Spk-v,อรรถกถาเจลสูตร,445,448,4,4-5. Ukkacelasuttādivaṇṇanā,483,484,2
30,Spk-v,อรรถกถาอุตติยสูตร,449,451,3,6. Uttiyasuttavaṇṇanā,485,486,2
30,Spk-v,อรรถกถาพรหมสูตร,452,453,2,8. Brahmasuttavaṇṇanā,487,488,2
30,Spk-v,อรรถกถาปฐมเสทกสูตร,454,460,7,9. Sedakasuttavaṇṇanā,489,498,10
30,Spk-v,อรรถกถาสีลสูตร,461,469,9,1-2. Sīlasuttādivaṇṇanā,499,504,6
30,Spk-v,อรรถกถาสมัตตสูตร,470,470,1,7. Samattasuttavaṇṇanā,505,506,2
30,Spk-v,อรรถกถาโลกสูตร,471,478,8,8-10. Lokasuttādivaṇṇanā,507,509,3
30,Spk-v,อรรถกถาอนนุสสุตสูตร,479,485,7,4. Ananussutavaggavaṇṇanā,510,513,4
30,Spk-v,อรรถกถาสมุทยสูตร,486,488,3,2. Samudayasuttavaṇṇanā,514,515,2
30,Spk-v,อรรถกถาสติสูตร,489,490,2,4. Satisuttavaṇṇanā,516,517,2
30,Spk-v,อรรถกถาปาฏิโมกขสูตร,491,493,3,6. Pātimokkhasaṃvarasuttavaṇṇanā,518,520,3
30,Spk-v,อรรถกถาทุจริตสูตร,494,,,7. Duccaritasuttavaṇṇanā,521,524,4
31,S-v,๑. สุทธิกสูตร,1,1,1,Suddhikasuttaṃ,1153,1154,2
31,S-v,๒. ปฐมโสตาสูตร,2,2,1,Paṭhamasotāpannasuttaṃ,1155,1156,2
31,S-v,๓. ทุติยโสตาสูตร,3,2,0,Dutiyasotāpannasuttaṃ,1157,1158,2
31,S-v,๔. ปฐมอรหัตสูตร,3,3,1,Paṭhamaarahantasuttaṃ,1159,1160,2
31,S-v,๕. ทุติยอรหันตสูตร,4,3,0,Dutiyaarahantasuttaṃ,1161,1162,2
31,S-v,๖. ปฐมสมณพราหมณสูตร,4,4,1,Paṭhamasamaṇabrāhmaṇasuttaṃ,1163,1165,3
31,S-v,๗. ทุติยสมณพราหมณสูตร,5,7,3,Dutiyasamaṇabrāhmaṇasuttaṃ,1166,1168,3
31,S-v,๘. ทัฏฐัพพสูตร,8,9,2,Daṭṭhabbasuttaṃ,1169,1170,2
31,S-v,๙. ปฐมวิภังคสูตร,10,12,3,Paṭhamavibhaṅgasuttaṃ,1171,1176,6
31,S-v,๑๐. ทุติยวิภังคสูตร,13,15,3,Dutiyavibhaṅgasuttaṃ,1177,1187,11
31,S-v,๑. ปฏิลาภสูตร,16,16,1,Paṭilābhasuttaṃ,1188,1193,6
31,S-v,๒. ปฐมสังขิตตสูตร,17,18,2,Paṭhamasaṃkhittasuttaṃ,1194,1195,2
31,S-v,๓. ทุติยสังขิตตสูตร,19,19,1,Dutiyasaṃkhittasuttaṃ,1196,1197,2
31,S-v,๔. ตติยสังขิตตสูตร,20,21,2,Tatiyasaṃkhittasuttaṃ,1198,1199,2
31,S-v,๕. ปฐมวิตถารสูตร,22,23,2,Paṭhamavitthārasuttaṃ,1200,1201,2
31,S-v,๖. ทุติยวิตถารสูตร,24,24,1,Dutiyavitthārasuttaṃ,1202,1203,2
31,S-v,๗. ตติยวิตถารสูตร,25,24,0,Tatiyavitthārasuttaṃ,1204,1205,2
31,S-v,๘. ปฏิปันนสูตร,25,26,2,Paṭipannasuttaṃ,1206,1207,2
31,S-v,๙. อุปสมสูตร,27,27,1,Sampannasuttaṃ,1208,1210,3
31,S-v,๑๐. อาสวักขยสูตร,28,28,1,Āsavakkhayasuttaṃ,1211,1217,7
31,S-v,๑. ปุนัพภวสูตร,29,29,1,Punabbhavasuttaṃ,1218,1219,2
31,S-v,๒. ชีวิตินทริยสูตร,30,30,1,Jīvitindriyasuttaṃ,1220,1221,2
31,S-v,๓. อัญญาตาวินทริยสูตร,31,31,1,Aññindriyasuttaṃ,1222,1223,2
31,S-v,๔. เอกาภิญญาสูตร,32,37,6,Ekabījīsuttaṃ,1224,1225,2
31,S-v,๕. สุทธกสูตร,38,38,1,Suddhakasuttaṃ,1226,1227,2
31,S-v,๖. โสตาปันนสูตร,39,38,0,Sotāpannasuttaṃ,1228,1229,2
31,S-v,๗. ปฐมอรหันตสูตร,39,39,1,Arahantasuttaṃ,1230,1231,2
31,S-v,๘. ทุติยอรหันตสูตร,40,40,1,Sambuddhasuttaṃ,1232,1233,2
31,S-v,๙. ปฐมสมณพราหมณสูตร,41,41,1,Paṭhamasamaṇabrāhmaṇasuttaṃ,1234,1235,2
31,S-v,๑๐. ทุติยสมณพราหมณสูตร,42,43,2,Dutiyasamaṇabrāhmaṇasuttaṃ,1236,1243,8
31,S-v,๑. สุทธกสูตร,44,44,1,Suddhikasuttaṃ,1244,1245,2
31,S-v,๒. โสตาปันนสูตร,45,45,1,Sotāpannasuttaṃ,1246,1247,2
31,S-v,๓. อรหันตสูตร,46,45,0,Arahantasuttaṃ,1248,1249,2
31,S-v,๔. ปฐมสมณพราหมณสูตร,46,46,1,Paṭhamasamaṇabrāhmaṇasuttaṃ,1250,1252,3
31,S-v,๕. ทุติยสมณพราหมณสูตร,47,47,1,Dutiyasamaṇabrāhmaṇasuttaṃ,1253,1255,3
31,S-v,๖. ปฐมวิภังคสูตร,48,49,2,Paṭhamavibhaṅgasuttaṃ,1256,1262,7
31,S-v,๗. ทุติยวิภังคสูตร,50,50,1,Dutiyavibhaṅgasuttaṃ,1263,1270,8
31,S-v,๘. ตติยวิภังคสูตร,51,51,1,Tatiyavibhaṅgasuttaṃ,1271,1278,8
31,S-v,๙. อรหันตสูตร,52,54,3,Kaṭṭhopamasuttaṃ,1279,1286,8
31,S-v,๑๐. อุปปฏิกสูตร,55,61,7,Uppaṭipāṭikasuttaṃ,1287,1297,11
31,S-v,๑. ชราสูตร,62,65,4,Jarādhammasuttaṃ,1298,1306,9
31,S-v,๒. อุณณาภพราหมณสูตร,66,69,4,Uṇṇābhabrāhmaṇasuttaṃ,1307,1313,7
31,S-v,๓. สาเกตสูตร,70,72,3,Sāketasuttaṃ,1314,1319,6
31,S-v,๔. ปุพพโกฏฐกสูตร,73,74,2,Pubbakoṭṭhakasuttaṃ,1320,1323,4
31,S-v,๕. ปฐมปุพพารามสูตร,75,76,2,Paṭhamapubbārāmasuttaṃ,1324,1326,3
31,S-v,๖. ทุติยปุพพารามสูตร,77,77,1,Dutiyapubbārāmasuttaṃ,1327,1328,2
31,S-v,๗. ตติยปุพพารามสูตร,78,78,1,Tatiyapubbārāmasuttaṃ,1329,1330,2
31,S-v,๘. จตุตถปุพพารามสูตร,79,79,1,Catutthapubbārāmasuttaṃ,1331,1332,2
31,S-v,๙. ปิณโฑลภารทวาชสูตร,80,80,1,Piṇḍolabhāradvājasuttaṃ,1333,1336,4
31,S-v,๑๐. สัทธาสูตร,81,85,5,Āpaṇasuttaṃ,1337,1353,17
31,S-v,๑. โกสลสูตร,86,86,1,Sālasuttaṃ,1354,1356,3
31,S-v,๒. มัลลกสูตร,87,87,1,Mallikasuttaṃ,1357,1360,4
31,S-v,๓. เสขสูตร,88,90,3,Sekhasuttaṃ,1361,1368,8
31,S-v,๔. ปทสูตร,91,91,1,Padasuttaṃ,1369,1370,2
31,S-v,๕. สารสูตร,92,92,1,Sārasuttaṃ,1371,1372,2
31,S-v,๖. ปติฏฐิตสูตร,93,93,1,Patiṭṭhitasuttaṃ,1373,1374,2
31,S-v,๗. พรหมสูตร,94,95,2,Sahampatibrahmasuttaṃ,1375,1378,4
31,S-v,๘. สูกรขาตาสูตร,96,97,2,Sūkarakhatasuttaṃ,1379,1382,4
31,S-v,๙. ปฐมอุปาทสูตร,98,98,1,Paṭhamauppādasuttaṃ,1383,1384,2
31,S-v,๑๐. ทุติยอุปาทสูตร,99,99,1,Dutiyauppādasuttaṃ,1385,1391,7
31,S-v,๑. สัญโญชนสูตร,100,99,0,Saṃyojanasuttaṃ,1392,1393,2
31,S-v,๒. อนุสยสูตร,100,100,1,Anusayasuttaṃ,1394,1395,2
31,S-v,๓. ปริญญาสูตร,101,100,0,Pariññāsuttaṃ,1396,1397,2
31,S-v,๔. อาสวักขยสูตร,101,101,1,Āsavakkhayasuttaṃ,1398,1400,3
31,S-v,๕. ปฐมผลสูตร,102,101,0,Paṭhamaphalasuttaṃ,1401,1402,2
31,S-v,๖. ทุติยผลสูตร,102,102,1,Dutiyaphalasuttaṃ,1403,1404,2
31,S-v,๗. ปฐมรุกขสูตร,103,103,1,Paṭhamarukkhasuttaṃ,1405,1406,2
31,S-v,๘. ทุติยรุกขสูตร,104,103,0,Dutiyarukkhasuttaṃ,1407,1408,2
31,S-v,๙. ตติยรุกขสูตร,104,104,1,Tatiyarukkhasuttaṃ,1409,1410,2
31,S-v,๑๐. จตุตถรุกขสูตร,105,115,11,Catuttharukkhasuttaṃ,1411,1547,137
31,S-v,๑. อปารสูตร,116,116,1,Apārasuttaṃ,1548,1549,2
31,S-v,๒. วิรัทธสูตร,117,117,1,Viraddhasuttaṃ,1550,1551,2
31,S-v,๓. อริยสูตร,118,118,1,Ariyasuttaṃ,1552,1553,2
31,S-v,๔. นิพพุตสูตร,119,118,0,Nibbidāsuttaṃ,1554,1555,2
31,S-v,๕. ปเทสสูตร,119,120,2,Iddhipadesasuttaṃ,1556,1558,3
31,S-v,๖. สัมมัตตสูตร,121,121,1,Samattasuttaṃ,1559,1561,3
31,S-v,๗. ภิกขุสูตร,122,123,2,Bhikkhusuttaṃ,1562,1564,3
31,S-v,๘. พุทธสูตร,124,124,1,Buddhasuttaṃ,1565,1566,2
31,S-v,๙. ญาณสูตร,125,125,1,Ñāṇasuttaṃ,1567,1571,5
31,S-v,๑๐. เจติยสูตร,126,,,Cetiyasuttaṃ,1572,,
31,Spk-v,อินทริยสังยุตตวรรณนา,2,1,0,Indriyasaṃyuttaṃ,525,525,1
31,Spk-v,สุทธิกวรรคที่ ๑,2,1,0,Suddhikavaggo,526,526,1
31,Spk-v,อรรถกถาสุทธิสูตร,2,5,4,Suddhikasuttavaṇṇanā,527,528,2
31,Spk-v,อรรถกถาทุติยสมณพราหมณสูตร,6,8,3,Dutiyasamaṇabrāhmaṇasuttavaṇṇanā,529,531,3
31,Spk-v,อรรถกถาทัฏฐัพพสูตร,9,11,3,Daṭṭhabbasuttavaṇṇanā,532,533,2
31,Spk-v,อรรถกถาปฐมวิภังคสูตร,12,15,4,Paṭhamavibhaṅgasuttādivaṇṇanā,534,536,3
31,Spk-v,มุทุตรวรรคที่ ๒,16,16,1,Mudutaravaggo,537,537,1
31,Spk-v,อรรถกถาปฎิลาภสูตร,17,17,1,Paṭilābhasuttavaṇṇanā,538,539,2
31,Spk-v,อรรถกถาปฐมสังขิตตสูตร,18,19,2,Paṭhamasaṃkhittasuttavaṇṇanā,540,544,5
31,Spk-v,อรรถกถาทุติยสังขิตตสูตร,20,20,1,Dutiyasaṃkhittasuttavaṇṇanā,545,546,2
31,Spk-v,อรรถกถาตติยสังขิตตสูตร,21,22,2,Tatiyasaṃkhittasuttavaṇṇanā,547,548,2
31,Spk-v,อรรถกถาปฐมวิตถารสูตร,23,25,3,Paṭhamavitthārasuttādivaṇṇanā,549,552,4
31,Spk-v,อรรถกถาปฏิปันนสูตร,26,26,1,Paṭipannasuttavaṇṇanā,553,554,2
31,Spk-v,อรรถกถาอุปสมสูตร,27,28,2,Sampannasuttādivaṇṇanā,555,557,3
31,Spk-v,ฉฬินทริยวรรคที่ ๓,29,29,1,Chaḷindriyavaggo,558,558,1
31,Spk-v,อรรถกถาชีวิตินทริยสูตร,30,30,1,Jīvitindriyasuttavaṇṇanā,559,560,2
31,Spk-v,อรรถกถาอัญญาตาวินทริยสูตร,31,32,2,Aññindriyasuttavaṇṇanā,561,562,2
31,Spk-v,อรรถกถาเอกาภิญญาสูตร,33,37,5,Ekabījīsuttavaṇṇanā,563,574,12
31,Spk-v,อรรถกถาสุทธกสูตรที่ ๕ เป็นต้น,38,43,6,Suddhakasuttādivaṇṇanā,575,577,3
31,Spk-v,สุขินทริยวรรคที่ ๔,44,43,0,Sukhindriyavaggo,578,578,1
31,Spk-v,อรรถกถาสุทธกสูตร,44,44,1,Suddhikasuttādivaṇṇanā,579,580,2
31,Spk-v,อรรถกถาโสตาปันนสูตรที่ ๒ เป็นต้น,45,48,4,Paṭhamavibhaṅgasuttavaṇṇanā,581,582,2
31,Spk-v,อรรถกถาปฐมวิภังคสูตร,49,53,5,Kaṭṭhopamasuttavaṇṇanā,583,584,2
31,Spk-v,อรรถกถาอรหันตสูตร,54,61,8,Uppaṭipāṭikasuttavaṇṇanā,585,590,6
31,Spk-v,ชราวรรคที่ ๕,62,62,1,Jarāvaggo,591,591,1
31,Spk-v,อรรถกถาชราสูตร,63,67,5,Jarādhammasuttavaṇṇanā,592,597,6
31,Spk-v,อรรถกถาอุณณาภพราหมสูตร,68,71,4,Uṇṇābhabrāhmaṇasuttavaṇṇanā,598,604,7
31,Spk-v,อรรถกถาสาเกตสูตร,72,74,3,Sāketasuttavaṇṇanā,605,606,2
31,Spk-v,อรรถกถาปุพพโกฏฐกสูตร,75,76,2,Pubbakoṭṭhakasuttavaṇṇanā,607,608,2
31,Spk-v,อรรถกถาปฐมปุพพารามสูตร,77,85,9,Paṭhamapubbārāmasuttavaṇṇanā,609,613,5
31,Spk-v,สูกรขาตวรรคที่ ๖,86,86,1,Sūkarakhatavaggo,614,614,1
31,Spk-v,อรรถกถาโกสลสูตร,87,87,1,Sālasuttavaṇṇanā,615,616,2
31,Spk-v,อรรถกถามัลลกสูตร,88,89,2,Mallikasuttavaṇṇanā,617,618,2
31,Spk-v,อรรถกถาเสขสูตร,90,90,1,Sekhasuttavaṇṇanā,619,620,2
31,Spk-v,อรรถกถาปทสูตร,91,92,2,Padasuttādivaṇṇanā,621,622,2
31,Spk-v,อรรถกถาปติฏฐิสูตร,93,96,4,Patiṭṭhitasuttādivaṇṇanā,623,624,2
31,Spk-v,อรรถกถาสูกรขาตาสูตร,97,99,3,Sūkarakhatasuttavaṇṇanā,625,627,3
31,Spk-v,โพธิปักขิยวรรคที่ ๗,100,108,9,Bodhipakkhiyavaggo,628,630,3
31,Spk-v,สัมมัปปธานสังยุต,109,112,4,Sammappadhānasaṃyuttavaṇṇanā,631,633,3
31,Spk-v,พลสังยุต,113,115,3,Balasaṃyuttavaṇṇanā,634,636,3
31,Spk-v,อิทธิบาทสังยุต,116,115,0,Iddhipādasaṃyuttaṃ,637,637,1
31,Spk-v,ปาวาลวรรคที่ ๑,116,115,0,Cāpālavaggo,638,638,1
31,Spk-v,๑. อปารสูตร,116,118,3,Apārasuttavaṇṇanā,639,640,2
31,Spk-v,อิทธิปเทสสูตร,119,120,2,Iddhipadesasuttavaṇṇanā,641,642,2
31,Spk-v,สัมมัตตสูตร,121,125,5,Samattasuttavaṇṇanā,643,644,2
31,Spk-v,๑๐. เจติยสูตร,126,137,12,Cetiyasuttavaṇṇanā,645,658,14
31,Spk-v,ปาสาทกัมปนวรรคที่ ๒,138,137,0,Pāsādakampanavaggo,659,659,1
31,Spk-v,๑. ปุพพสูตร,138,142,5,Pubbasuttādivaṇṇanā,660,661,2
31,Spk-v,๓. ฉันทสูตร,143,147,5,Chandasamādhisuttavaṇṇanā,662,671,10
31,Spk-v,๔. โมคคัลลานสูตร,148,151,4,Moggallānasuttavaṇṇanā,672,673,2
31,Spk-v,๕. พราหมณสูตร,152,157,6,Uṇṇābhabrāhmaṇasuttavaṇṇanā,674,675,2
31,Spk-v,๙. เทสนาสูตร,158,158,1,Iddhādidesanāsuttavaṇṇanā,676,677,2
31,Spk-v,๑๐. วิภังคสูตร,159,168,10,Vibhaṅgasuttavaṇṇanā,678,686,9
31,Spk-v,อโยคุฬวรรคที่ ๓,169,169,1,Ayoguḷavaggo,687,687,1
31,Spk-v,๒. อโยคุฬสูตร,170,173,4,Ayoguḷasuttavaṇṇanā,688,690,3
31,Spk-v,๓. ภิกขุสุทธกสูตร,174,180,7,Bhikkhusuttādivaṇṇanā,691,692,2
31,Spk-v,๑๐. โมคคัลลานสูตร,181,186,6,Moggallānasuttādivaṇṇanā,693,695,3
31,Spk-v,อนุรุทธสังยุต,187,186,0,Anuruddhasaṃyuttaṃ,696,696,1
31,Spk-v,รโหคตวรรคที่ ๑,187,186,0,Rahogatavaggo,697,697,1
31,Spk-v,๑. ปฐมรโหคตสูตร,187,192,6,Paṭhamarahogatasuttādivaṇṇanā,698,699,2
31,Spk-v,๓. สุตนุสูตร,193,193,1,Sutanusuttavaṇṇanā,700,702,3
31,Spk-v,๔. ปฐมกัณฏกีสูตร,194,197,4,Paṭhamakaṇḍakīsuttādivaṇṇanā,703,704,2
31,Spk-v,๘. สลฬาคารสูตร,198,199,2,Salaḷāgārasuttavaṇṇanā,705,706,2
31,Spk-v,๙. อัมพปาลิสูตร,200,202,3,Ambapālivanasuttavaṇṇanā,707,709,3
31,Spk-v,ทุติยวรรคที่ ๒,203,209,7,Dutiyavaggavaṇṇanā,710,712,3
31,Spk-v,ฌานสังยุต,210,212,3,Jhānasaṃyuttavaṇṇanā,713,715,3
31,Spk-v,อานาปานสังยุต,213,212,0,Ānāpānasaṃyuttaṃ,716,716,1
31,Spk-v,เอกธรรมวรรคที่ ๑,213,212,0,Ekadhammavaggo,717,717,1
31,Spk-v,๑. เอกธรรมสูตร,213,218,6,Ekadhammasuttavaṇṇanā,718,719,2
31,Spk-v,๖. อริฏฐสูตร,219,220,2,Ariṭṭhasuttavaṇṇanā,720,721,2
31,Spk-v,๗. กัปปินสูตร,221,222,2,Mahākappinasuttavaṇṇanā,722,723,2
31,Spk-v,๘. ทีปสูตร,223,227,5,Padīpopamasuttavaṇṇanā,724,726,3
31,Spk-v,๙. เวสาลีสูตร,228,238,11,Vesālīsuttavaṇṇanā,727,741,15
31,Spk-v,๑๐. กิมิลสูตร,239,247,9,Kimilasuttavaṇṇanā,742,751,10
31,Spk-v,ทุติยวรรคที่ ๒,248,247,0,Dutiyavaggo,752,752,1
31,Spk-v,๑. อิจฉานังคลสูตร,248,253,6,Icchānaṅgalasuttādivaṇṇanā,753,755,3
31,Spk-v,๓. ปฐมอานันทสูตร,254,267,14,Paṭhamaānandasuttādivaṇṇanā,756,760,5
31,Spk-v,โสตาปัตติสังยุต,268,267,0,Sotāpattisaṃyuttaṃ,761,761,1
31,Spk-v,เวฬุทวารวรรคที่ ๑,268,267,0,Veḷudvāravaggo,762,762,1
31,Spk-v,๑. ราชสูตร,268,271,4,Cakkavattirājasuttavaṇṇanā,763,766,4
31,Spk-v,๒. โอคธสูตร,272,273,2,Brahmacariyogadhasuttavaṇṇanā,767,768,2
31,Spk-v,๓. ทีฆาวุสูตร,274,276,3,Dīghāvuupāsakasuttavaṇṇanā,769,770,2
31,Spk-v,๔. ปฐมสาริปุตตสูตร,277,280,4,Paṭhamasāriputtasuttādivaṇṇanā,771,772,2
31,Spk-v,๖. ถปติลูตร,281,290,10,Thapatisuttavaṇṇanā,773,780,8
31,Spk-v,๙. เวฬุทวารสูตร,291,296,6,Veḷudvāreyyasuttavaṇṇanā,781,782,2
31,Spk-v,๘. ปฐมคิญชกาวสถสูตร,297,301,5,Paṭhamagiñjakāvasathasuttādivaṇṇanā,783,788,6
31,Spk-v,๑๐. ตติยคิญชกาวสถสูตร,302,305,4,Tatiyagiñjakāvasathasuttavaṇṇanā,789,791,3
31,Spk-v,ราชากามวรรคที่ ๒,306,305,0,Rājakārāmavaggo,792,792,1
31,Spk-v,๑. สหัสสสูตร,306,310,5,Sahassabhikkhunisaṅghasuttavaṇṇanā,793,802,10
31,Spk-v,๒. พราหมณสูตร,311,314,4,Brāhmaṇasuttādivaṇṇanā,803,804,2
31,Spk-v,๔. ปฐมทุคติยสูตร,315,315,1,Duggatibhayasuttavaṇṇanā,805,806,2
31,Spk-v,๕. ทุติยทุคติสูตร,316,316,1,Duggativinipātabhayasuttavaṇṇanā,807,808,2
31,Spk-v,๖. ปฐมมิตตามัจจสูตร,317,317,1,Paṭhamamittāmaccasuttavaṇṇanā,809,810,2
31,Spk-v,๖. ทุติยมิตตามัจจสูตร,318,324,7,Dutiyamittāmaccasuttavaṇṇanā,811,813,3
31,Spk-v,สรกานิวรรคที่ ๓,325,324,0,Saraṇānivaggo,814,814,1
31,Spk-v,๑. ปฐมมหานามสูตร,325,328,4,Paṭhamamahānāmasuttādivaṇṇanā,815,816,2
31,Spk-v,๓. โคธาสูตร,329,333,5,Godhasakkasuttavaṇṇanā,817,819,3
31,Spk-v,๔. ปฐมสรกานิสูตร,334,337,4,Paṭhamasaraṇānisakkasuttavaṇṇanā,820,821,2
31,Spk-v,๕. ทุติยสรกานิสูตร,338,341,4,Dutiyasaraṇānisakkasuttavaṇṇanā,822,823,2
31,Spk-v,๒. ปฐมทุสีลยสูตร,342,347,6,Paṭhamaanāthapiṇḍikasuttavaṇṇanā,824,825,2
31,Spk-v,๗. ทุติยทุสีลยสูตร,348,356,9,Dutiyaanāthapiṇḍikasuttavaṇṇanā,826,828,3
31,Spk-v,ปุญญาภิสันทวรรคที่ ๔,357,356,0,Puññābhisandavaggo,829,829,1
31,Spk-v,๑. ปฐมอภิสันทสูตร,357,359,3,Paṭhamapuññābhisandasuttavaṇṇanā,830,831,2
31,Spk-v,๔. ปฐมเทวปทสูตร,360,365,6,Paṭhamadevapadasuttavaṇṇanā,832,833,2
31,Spk-v,๘. วัสสสูตร,366,367,2,Vassasuttavaṇṇanā,834,835,2
31,Spk-v,๑๐. นันทิยสูตร,368,371,4,Nandiyasakkasuttavaṇṇanā,836,838,3
31,Spk-v,สคาถกปุญญาภิสันทวรรคที่ ๕,372,371,0,Sagāthakapuññābhisandavaggo,839,839,1
31,Spk-v,๑. ปฐมอภิสันทสูตร,372,373,2,Paṭhamaabhiasandasuttavaṇṇanā,840,841,2
31,Spk-v,๒. ทุติยอภิสันทสูตร,374,376,3,Dutiyaabhisandasuttavaṇṇanā,842,843,2
31,Spk-v,๓. ตติยอภิสันทสูตร,377,378,2,Tatiyaabhisandasuttavaṇṇanā,844,845,2
31,Spk-v,๔. ปฐมมหัทธนสูตร,379,383,5,Paṭhamamahaddhanasuttavaṇṇanā,846,848,3
31,Spk-v,สัปปัญญวรรคที่ ๖,384,384,1,Sappaññavaggo,849,849,1
31,Spk-v,๒. วัสดวุตถสูตร,385,386,2,Vassaṃvuttasuttavaṇṇanā,850,851,2
31,Spk-v,๓. ธรรมทินนสูตร,387,389,3,Dhammadinnasuttavaṇṇanā,852,854,3
31,Spk-v,๔. คิลายนสูตร,390,395,6,Gilānasuttavaṇṇanā,855,856,2
31,Spk-v,๙. ปฏิลาภสูตร,396,397,2,Paññāpaṭilābhasuttavaṇṇanā,857,859,3
31,Spk-v,มหาปัญญวรรคที่ ๗,398,397,0,Mahāpaññavaggo,860,860,1
31,Spk-v,๑. มหาปัญญสูตร,398,403,6,Mahāpaññāsuttavaṇṇanā,861,863,3
31,Spk-v,สัจจสังยุต,404,403,0,Saccasaṃyuttaṃ,864,864,1
31,Spk-v,สมาธิวรรคที่ ๑,404,403,0,Samādhivaggo,865,865,1
31,Spk-v,๑. สมาธิสูตร,404,405,2,Samādhisuttavaṇṇanā,866,867,2
31,Spk-v,๒. ปฏิสัลลานสูตร,406,406,1,Paṭisallānasuttavaṇṇanā,868,869,2
31,Spk-v,๓. ปฐมกุลปุตตสูตร,407,409,3,Paṭhamakulaputtasuttādivaṇṇanā,870,871,2
31,Spk-v,๖. ทุติยสมณพราหมณสูตร,410,414,5,Dutiyasamaṇabrāhmaṇasuttavaṇṇanā,872,873,2
31,Spk-v,๑๐. ติรัจฉานกถาสูตร,415,419,5,Tiracchānakathāsuttavaṇṇanā,874,879,6
31,Spk-v,ธรรมจักกัปปวัตตนวรรคที่ ๒,420,419,0,Dhammacakkappavattanavaggo,880,880,1
31,Spk-v,๑. ปฐมตถาคตสูตร,420,433,14,Dhammacakkappavattanasuttavaṇṇanā,881,889,9
31,Spk-v,๙. สังกาสนสูตร,434,435,2,Saṅkāsanasuttavaṇṇanā,890,891,2
31,Spk-v,๑๐. ตถสูตร,436,437,2,Tathasuttavaṇṇanā,892,894,3
31,Spk-v,โกฏิคามวรรคที่ ๓,438,437,0,Koṭigāmavaggo,895,895,1
31,Spk-v,๑. ปฐมวัชชีสูตร,438,438,1,Koṭigāmasuttavaṇṇanā,896,897,2
31,Spk-v,๒. ทุติยวัชชีสูตร,439,443,5,Dutiyakoṭigāmasuttavaṇṇanā,898,899,2
31,Spk-v,๗. ตถสูตร,444,444,1,Tathasuttavaṇṇanā,900,901,2
31,Spk-v,๘. โลกสูตร,445,445,1,Lokasuttavaṇṇanā,902,903,2
31,Spk-v,๑๐. ควัมปติสูตร,446,448,3,Gavampatisuttavaṇṇanā,904,906,3
31,Spk-v,สีสปาปัณณวรรคที่ ๔,449,448,0,Sīsapāvanavaggo,907,907,1
31,Spk-v,๑. สีสปาสสูตร,449,449,1,Sīsapāvanasuttavaṇṇanā,908,909,2
31,Spk-v,๒. ขทิรสูตร,450,451,2,Khadirapattasuttavaṇṇanā,910,911,2
31,Spk-v,๓. ทัณฑสูตร,452,453,2,Daṇḍasuttavaṇṇanā,912,913,2
31,Spk-v,๕. สัตติสตสูตร,454,457,4,Sattisatasuttavaṇṇanā,914,915,2
31,Spk-v,๙. อินทขีลสูตร,458,459,2,Indakhīlasuttavaṇṇanā,916,917,2
31,Spk-v,๑๐. วาทีสูตร,460,461,2,Vādatthikasuttavaṇṇanā,918,920,3
31,Spk-v,ปปาตวรรคที่ ๕,462,461,0,Papātavaggo,921,921,1
31,Spk-v,๑. จินตสูตร,462,464,3,Lokacintāsuttavaṇṇanā,922,924,3
31,Spk-v,๒. ปปาตสูตร,465,468,4,Papātasuttādivaṇṇanā,925,926,2
31,Spk-v,๔. กูฏสูตร,469,470,2,Kūṭāgārasuttavaṇṇanā,927,928,2
31,Spk-v,๕. วาลสูตร,471,474,4,Vālasuttavaṇṇanā,929,930,2
31,Spk-v,๗. ปฐมฉิคคฬสูตร,475,475,1,Paṭhamachiggaḷayugasuttavaṇṇanā,931,932,2
31,Spk-v,๘. ทุติยฉิคคฬสูตร,476,480,5,Dutiyachiggaḷayugasuttavaṇṇanā,933,936,4
31,Spk-v,อภิสมยวรรคที่ ๖,481,488,8,Abhisamayavaggavaṇṇanā,937,938,2
31,Spk-v,อามกธัญญเปยยาล ปฐมวรรค ที่ ๗,489,489,1,Paṭhamaāmakadhaññapeyyālavaggo,939,939,1
31,Spk-v,๓. ปัญญาสูตร,490,490,1,Paññāsuttavaṇṇanā,940,941,2
31,Spk-v,๔. สุราเมรัยสูตร,491,490,0,Surāmerayasuttavaṇṇanā,942,943,2
31,Spk-v,๖. มัตเตยยสูตร,491,491,1,Matteyyasuttādivaṇṇanā,944,945,2
31,Spk-v,๘. สามัญญสูตร,492,492,1,Sāmaññasuttādivaṇṇanā,946,947,2
31,Spk-v,๑๐. อปจายิกสูตร,493,493,1,Pacāyikasuttavaṇṇanā,948,949,2
31,Spk-v,อามกธัญญเปยยาล ทุติยวรรคที่ ๘,494,495,2,Dutiyaāmakadhaññapeyyālavaggo,950,950,1
31,Spk-v,๘. พีชสูตร,496,495,0,Bījagāmasuttavaṇṇanā,951,952,2
31,Spk-v,๙. วิกาลโภชนสูตร,496,496,1,Vikālabhojanasuttavaṇṇanā,953,954,2
31,Spk-v,๑๐. คันธวิเลปนสูตร,497,497,1,Gandhavilepanasuttavaṇṇanā,955,956,2
31,Spk-v,อามกธัญยเปยยาล ตติยวรรคที่ ๙,498,497,0,Tatiyaāmakadhaññapeyyālavaggo,957,957,1
31,Spk-v,๑. นัจจสูตร,498,497,0,Naccagītasuttavaṇṇanā,958,959,2
31,Spk-v,๒. สยนสูตร,498,497,0,Uccāsayanasuttavaṇṇanā,960,961,2
31,Spk-v,๓. รชตสูตร,498,498,1,Jātarūpasuttavaṇṇanā,962,963,2
31,Spk-v,๔. ธัญญสูตร,499,498,0,Āmakadhaññasuttavaṇṇanā,964,965,2
31,Spk-v,๕. มังสสูตร,499,498,0,Āmakamaṃsasuttavaṇṇanā,966,967,2
31,Spk-v,๖. กุมาริกาสูตร,499,499,1,Kumārikasuttavaṇṇanā,968,969,2
31,Spk-v,๗. ทีสีสูตร,500,501,2,Dāsidāsasuttavaṇṇanā,970,971,2
31,Spk-v,อามกธัญญเปยยาล จตุตถวรรคที่ ๑๐,502,501,0,Catutthaāmakadhaññapeyyālavaggo,972,972,1
31,Spk-v,ว่าด้วยสัตว์ผู้มีการกระทำต่าง ๆ กัน,502,512,11,Khettavatthusuttavaṇṇanā,973,989,17
31,Spk-v,นิคมกถา,513,,,Nigamanakathā,990,,
32,A-i,อังคุตตรนิกาย เอกนิบาต,1,80,80,Ekakanipātapāḷi,3,28,26
32,A-i,อกัมมนิยวรรคที่ ๓,81,163,83,Akammaniyavaggo,29,119,91
32,A-i,อรรถกถาวรรคที่ ๑๐,164,225,62,Dutiyapamādādivaggo,120,161,42
32,A-i,วรรคที่ ๑,226,392,167,Paṭhamavaggo,163,162,0
32,A-i,วรรคที่ ๓,393,,,Tatiyavaggo,188,257,70
32,Mp-i,อรรถกถาเอกนิบาต,4,3,0,Ekakanipāta-aṭṭhakathā,3,3,1
32,Mp-i,อารัมภกถา,4,6,3,Ganthārambhakathā,4,43,40
32,Mp-i,อรรถกถาสูตรที่ ๑,7,45,39,1. Rūpādivaggavaṇṇanā,44,154,111
32,Mp-i,ว่าด้วยเหตุเกิดนิวรณ์ ๕,46,80,35,2. Nīvaraṇappahānavaggavaṇṇanā,155,217,63
32,Mp-i,อกัมมนิยวรรคที่ ๓,81,92,12,3. Akammaniyavaggavaṇṇanā,218,225,8
32,Mp-i,ว่าด้วยผลแห่งจิตที่ตั้งไว้ผิดเป็นต้น,93,105,13,4. Adantavaggavaṇṇanā,226,234,9
32,Mp-i,ว่าด้วยเหตุให้จิตเศร้าหมองและผุดผ่องเป็นต้น,106,127,22,5. Paṇihitaacchavaggavaṇṇanā,235,250,16
32,Mp-i,ว่าด้วยเหตุเกิดขึ้นและเสื่อมไปแห่งกุศลธรรมและอกุศลธรรม,128,141,14,6. Accharāsaṅghātavaggavaṇṇanā,251,287,37
32,Mp-i,ว่าด้วยความมีมิตรดีเป็นเหตุให้กุศลธรรมเกิดขึ้นเป็นต้น,142,150,9,7. Vīriyārambhādivaggavaṇṇanā,288,318,31
32,Mp-i,ว่าด้วยธรรมที่เลิศและเป็นไปเพื่อประโยชน์และมิใช่ประโยชน์,151,158,8,8. Kalyāṇamittatādivaggavaṇṇanā,319,330,12
32,Mp-i,ว่าด้วยธรรมเป็นเหตุให้พระสัทธรรมเสื่อมและมั่นคง,159,163,5,9. Pamādādivaggavaṇṇanā,331,334,4
32,Mp-i,อรรถกถาวรรคที่ ๑๐,164,175,12,10. Dutiyapamādādivaggavaṇṇanā,335,361,27
32,Mp-i,ว่าด้วยผู้ทำให้พระสัทธรรมเสื่อมและมั่นคง,176,177,2,11. Adhammavaggavaṇṇanā,362,364,3
32,Mp-i,ว่าด้วยผู้ทำให้พระสัทธรรมอันตรธาน,178,180,3,12. Anāpattivaggavaṇṇanā,365,367,3
32,Mp-i,ว่าด้วยบุคคลผู้เป็นเอก,181,225,45,13. Ekapuggalavaggavaṇṇanā,368,473,106
32,Mp-i,ว่าด้วยภิกษุผู้มีตำแหน่งเลิศ ๑ ท่าน,226,240,15,14. Etadaggavaggo,474,473,0
32,Mp-i,เรื่องพระอัญญาโกณฑัญญเถระ,241,274,34,Aññāsikoṇḍaññattheravatthu,555,617,63
32,Mp-i,ประวัติพระมหากัสสปเถระ,275,303,29,Mahākassapattheravatthu,618,658,41
32,Mp-i,ประวัติพระอนุรุทธเถระ,304,325,22,Anuruddhattheravatthu,659,701,43
32,Mp-i,ประวัติพระปุณณมันตานีบุตรเถระ,326,332,7,Mantāṇiputtapuṇṇattheravatthu,702,713,12
32,Mp-i,ประวัติพระมหากัจจายนเถระ,333,338,6,Mahākaccānattheravatthu,714,726,13
32,Mp-i,ประวัติพระจุลลปัณฐกเถระ และพระมหาปัณฐกเถระ,339,351,13,Cūḷapanthakattheravatthu,727,755,29
32,Mp-i,ประวัติพระสุภูติเถระ,352,356,5,Subhūtittheravatthu,756,763,8
32,Mp-i,ประวัติพระเรวตเถระ,357,364,8,Khadiravaniyarevatattheravatthu,764,779,16
32,Mp-i,ประวัติพระกังขาเรวตเถระ,365,366,2,Kaṅkhārevatattheravatthu,780,783,4
32,Mp-i,ประวัติพระโสณโกฬวิสเถระ,367,373,7,Soṇakoḷivisattheravatthu,784,794,11
32,Mp-i,ประวัติพระโสณกุฏิกัณณเถระ,374,380,7,Soṇakuṭikaṇṇattheravatthu,795,814,20
32,Mp-i,ประวัติพระสีวลีเถระ,381,388,8,Sīvalittheravatthu,815,832,18
32,Mp-i,ประวัติพระวักกลิเถระ,389,393,5,Vakkalittheravatthu,833,846,14
32,Mp-i,ประวัติพระราหุลเถระ,394,405,12,Rāhula-raṭṭhapālattheravatthu,847,865,19
32,Mp-i,ประวัติพระโกณฑธานเถระ,406,413,8,Kuṇḍadhānattheravatthu,866,879,14
32,Mp-i,ประวัติพระวังคีสเถระ,414,419,6,Vaṅgīsattheravatthu,880,891,12
32,Mp-i,ประวัติพระอุปเสนวังคันตบุตรเถระ,420,422,3,Upasenavaṅgantaputtattheravatthu,892,897,6
32,Mp-i,ประวัติพระทัพพมัลลบุตร,423,426,4,Dabbattheravatthu,898,905,8
32,Mp-i,ประวัติพระปิลินทวัจฉเถระ,427,430,4,Pilindavacchattheravatthu,906,912,7
32,Mp-i,ประวัติพระพาหิยทารุจิริยะ,431,435,5,Bāhiyadārucīriyattheravatthu,913,924,12
32,Mp-i,ประวัติพระกุมารกัสสปเถระ,436,438,3,Kumārakassapattheravatthu,925,930,6
32,Mp-i,ประวัติพระมหาโกฏฐิตเถระ,439,442,4,Mahākoṭṭhitattheravatthu,931,936,6
32,Mp-i,ประวัติพระอานนทเถระ,443,455,13,Ānandattheravatthu,937,956,20
32,Mp-i,ประวัติพระอุรุเวลกัสสปเถระ,456,465,10,Uruvelakassapattheravatthu,957,973,17
32,Mp-i,ประวัติพระพกกุลเถระ,466,471,6,Bākulattheravatthu,974,986,13
32,Mp-i,ประวัติพระโสภิตเถระ,472,473,2,Sobhitattheravatthu,987,990,4
32,Mp-i,ประวัติพระอุบาลีเถระ,474,478,5,Upālittheravatthu,991,999,9
32,Mp-i,ประวัติพระนันทเถระ,479,482,4,Nandattheravatthu,1000,1005,6
32,Mp-i,ประวัติพระมหากัปปินเถระ,483,490,8,Mahākappinattheravatthu,1006,1018,13
32,Mp-i,ประวัติพระสาคตเถระ,491,494,4,Sāgatattheravatthu,1019,1025,7
32,Mp-i,ประวัติพระราธเถระ,495,499,5,Rādhattheravatthu,1026,1038,13
32,Mp-i,ประวัติพระโมฆราชเถระ,500,,,Mogharājattheravatthu,1039,1151,113
33,A-i,เอตทัคคบาลี,1,145,145,Etadaggavaggo,162,162,1
33,A-i,อัฏฐานบาลี,146,284,139,Aṭṭhānapāḷi,258,,
33,A-i,อังคุตตรนิกาย ทุกนิบาต,285,,,1. Paṭhamavaggo,163,187,25
33,Mp-i,เอตทัคคบาลี,1,47,47,14. Etadaggavaggo,474,554,81
33,Mp-i,๑๑. ประวัติพระภัททากัจจานาเถรี,48,56,9,Bhaddākaccānātherīvatthu,1152,1175,24
33,Mp-i,อุบาสกบาลี,57,56,0,6. Chaṭṭhaetadaggavaggo,1176,1176,1
33,Mp-i,๑. ประวัติตปุสสะและภัลลิกะอุบาสก,57,70,14,Tapussabhallikavatthu,1177,1204,28
33,Mp-i,๖. ประวัติอุคคคฤบดีชาวเมืองเวสาลี,71,82,12,Uggagahapativatthu,1205,1224,20
33,Mp-i,อุบาสิกาบาลี,83,145,63,7. Sattamaetadaggavaggo,1225,1355,131
33,Mp-i,อัฏฐานบาลี,146,224,79,15. Aṭṭhānapāḷi,1356,1490,135
33,Mp-i,อรรถกถาปสาทกรธรรมวรรค,225,225,1,17. Pasādakaradhammavaggavaṇṇanā,1491,1493,3
33,Mp-i,อรรถกถาอปรอัจฉราสังฆาตวรรค,226,,,18. Aparaaccharāsaṅghātavaggavaṇṇanā,1494,,
34,A-iii,๑. ภยสูตร,1,4,4,Bhayasuttaṃ,6,10,5
34,A-iii,๒. ลักขณสูตร,5,6,2,Lakkhaṇasuttaṃ,11,14,4
34,A-iii,๓. จินตสูตร,7,8,2,Cintīsuttaṃ,15,17,3
34,A-iii,๔. อัจจยสูตร,9,10,2,Accayasuttaṃ,18,20,3
34,A-iii,๕. อโยนิโสสูตร,11,13,3,Ayonisosuttaṃ,21,23,3
34,A-iii,๖. อกุสลสูตร,14,14,1,Akusalasuttaṃ,24,26,3
34,A-iii,๗. สาวัชชสูตร,15,14,0,Sāvajjasuttaṃ,27,28,2
34,A-iii,๘. สัพยาปัชชสูตร,15,15,1,Sabyābajjhasuttaṃ,29,31,3
34,A-iii,๙. ขตสูตร,16,17,2,Khatasuttaṃ,32,34,3
34,A-iii,๑๐. มลสูตร,18,20,3,Malasuttaṃ,35,42,8
34,A-iii,๑. ญาตกสูตร,21,24,4,Ñātasuttaṃ,43,45,3
34,A-iii,๒. สรณียสูตร,25,27,3,Sāraṇīyasuttaṃ,46,52,7
34,A-iii,๓. ภิกขุสูตร,28,34,7,Āsaṃsasuttaṃ,53,59,7
34,A-iii,๔. จักกวัตติสูตร,35,40,6,Cakkavattisuttaṃ,60,65,6
34,A-iii,๕. ปเจตนสูตร,41,45,5,Sacetanasuttaṃ,66,73,8
34,A-iii,๖. อปัณณกสูตร,46,53,8,Apaṇṇakasuttaṃ,74,78,5
34,A-iii,๗. อัตตสูตร,54,54,1,Attabyābādhasuttaṃ,79,81,3
34,A-iii,๘. เทวสูตร,55,56,2,Devalokasuttaṃ,82,83,2
34,A-iii,๙. ปฐมปาปณิกสูตร,57,60,4,Paṭhamapāpaṇikasuttaṃ,84,88,5
34,A-iii,๑๐. ทุติยปาปณิกสูตร,61,65,5,Dutiyapāpaṇikasuttaṃ,89,101,13
34,A-iii,๑. สวิฏฐสูตร,66,69,4,Samiddhasuttaṃ,102,114,13
34,A-iii,๒. คิลานสูตร,70,74,5,Gilānasuttaṃ,115,123,9
34,A-iii,๓. สังขารสูตร,75,77,3,Saṅkhārasuttaṃ,124,127,4
34,A-iii,๔. พหุการสูตร,78,80,3,Bahukārasuttaṃ,128,132,5
34,A-iii,๕. วชิรสูตร,81,83,3,Vajirūpamasuttaṃ,133,136,4
34,A-iii,๖. เสวิตัพพสูตร,84,86,3,Sevitabbasuttaṃ,137,144,8
34,A-iii,๗. ชิคุจฉิตัพพสูตร,87,90,4,Jigucchitabbasuttaṃ,145,152,8
34,A-iii,๘. คูถภาณีสูตร,91,93,3,Gūthabhāṇīsuttaṃ,153,156,4
34,A-iii,๙. อันธสูตร,94,97,4,Andhasuttaṃ,157,173,17
34,A-iii,๑๐. อวกุชชิตสูตร,98,,,Avakujjasuttaṃ,174,,
34,Mp-iii,พาลวรรควรรณนาที่ ๑,3,2,0,1. Bālavaggo,327,327,1
34,Mp-iii,อรรถกถาภยสูตร,3,5,3,1. Bhayasuttavaṇṇanā,328,332,5
34,Mp-iii,อรรถกถาลักขณสูตร,6,7,2,2. Lakkhaṇasuttavaṇṇanā,333,334,2
34,Mp-iii,อรรถกถาจินตสูตร,8,9,2,3. Cintīsuttavaṇṇanā,335,336,2
34,Mp-iii,อรรถกถาอัจจยสูตร,10,11,2,4. Accayasuttavaṇṇanā,337,338,2
34,Mp-iii,อรรถกถาอโยนิโสสูตร,12,16,5,5. Ayonisosuttavaṇṇanā,339,342,4
34,Mp-iii,อรรถกถาขตสูตร,17,18,2,9. Khatasuttavaṇṇanā,343,344,2
34,Mp-iii,อรรถกถามลสูตร,19,21,3,10. Malasuttavaṇṇanā,345,347,3
34,Mp-iii,รถการวรรควรรณนาที่ ๒,22,21,0,2. Rathakāravaggo,348,348,1
34,Mp-iii,อรรถกถาญาตกสูตร,22,25,4,1. Ñātasuttavaṇṇanā,349,351,3
34,Mp-iii,อรรถกถาสรณียสูตร,26,30,5,2. Sāraṇīyasuttavaṇṇanā,352,357,6
34,Mp-iii,อรรถกถาภิกขุสูตร,31,35,5,3. Āsaṃsasuttavaṇṇanā,358,363,6
34,Mp-iii,อรรถกถาจักกวัตติสูตร,36,43,8,4. Cakkavattisuttavaṇṇanā,364,368,5
34,Mp-iii,อรรถกถาปเจตนสูตร,44,47,4,5. Sacetanasuttavaṇṇanā,369,371,3
34,Mp-iii,อรรถกถาอปัณณกสูตร,48,54,7,6. Apaṇṇakasuttavaṇṇanā,372,393,22
34,Mp-iii,อรรถกถาอัตตสูตร,55,55,1,7. Attabyābādhasuttavaṇṇanā,394,395,2
34,Mp-iii,อรรถกถาเทวสูตร,56,57,2,8. Devalokasuttavaṇṇanā,396,397,2
34,Mp-iii,อรรถกถาปฐมปาปณิกสูตร,58,62,5,9. Paṭhamapāpaṇikasuttavaṇṇanā,398,402,5
34,Mp-iii,อรรถกถาทุติยปาปณิกสูตร,63,68,6,10. Dutiyapāpaṇikasuttavaṇṇanā,403,410,8
34,Mp-iii,ปุคคลวรรควรรณนาที่ ๓,69,68,0,3. Puggalavaggo,411,411,1
34,Mp-iii,อรรถกา สวิฏฐสูตร,69,71,3,1. Samiddhasuttavaṇṇanā,412,414,3
34,Mp-iii,อรรถกถาคิลานสูตร,72,75,4,2. Gilānasuttavaṇṇanā,415,419,5
34,Mp-iii,อรรถกถาสังขารสูตร,76,78,3,3. Saṅkhārasuttavaṇṇanā,420,423,4
34,Mp-iii,อรรถกถาพหุการสูตร,79,81,3,4. Bahukārasuttavaṇṇanā,424,426,3
34,Mp-iii,อรรถกถาวชิรสูตร,82,85,4,5. Vajirūpamasuttavaṇṇanā,427,431,5
34,Mp-iii,อรรถกถาเสวิตัพพสูตร,86,88,3,6. Sevitabbasuttavaṇṇanā,432,435,4
34,Mp-iii,อรรถกถาชิคุจฉิตัพพสูตร,89,91,3,7. Jigucchitabbasuttavaṇṇanā,436,439,4
34,Mp-iii,อรรถกถาคูถภาณีสูตร,92,95,4,8. Gūthabhāṇīsuttavaṇṇanā,440,442,3
34,Mp-iii,อรรถกถาอันธสูตร,96,99,4,9. Andhasuttavaṇṇanā,443,445,3
34,Mp-iii,อรรถกถาอวกุชชิตสูตร,100,105,6,10. Avakujjasuttavaṇṇanā,446,453,8
34,Mp-iii,เทวทูตวรรควรรณนาที่ ๔,106,105,0,4. Devadūtavaggo,454,454,1
34,Mp-iii,อรรถกถาพรหมสูตร,106,109,4,1. Sabrahmakasuttavaṇṇanā,455,459,5
34,Mp-iii,อรรถกถาอานันทสูตร,110,113,4,2. Ānandasuttavaṇṇanā,460,463,4
34,Mp-iii,อรรถกถาสารีปุตตสูตร,114,119,6,3. Sāriputtasuttavaṇṇanā,464,468,5
34,Mp-iii,อรรถกถานิทานสูตร,120,143,24,4. Nidānasuttavaṇṇanā,469,503,35
34,Mp-iii,อรรถกถาหัตถกสูตร,144,152,9,5. Hatthakasuttavaṇṇanā,504,509,6
34,Mp-iii,อรรถกถาทูตสูตร,153,162,10,6. Devadūtasuttavaṇṇanā,510,525,16
34,Mp-iii,อรรถกถาปฐมราชสูตร,163,172,10,7. Catumahārājasuttavaṇṇanā,526,532,7
34,Mp-iii,อรรถกถาสุขุมาลสูตร,173,187,15,9. Sukhumālasuttavaṇṇanā,533,545,13
34,Mp-iii,อรรถกถาอธิปไตยสูตร,188,190,3,10. Ādhipateyyasuttavaṇṇanā,546,550,5
34,Mp-iii,จูฬวรรควรรณนาที่ ๕,191,190,0,5. Cūḷavaggo,551,551,1
34,Mp-iii,อรรถกถาสัมมุขีสูตร,191,192,2,1. Sammukhībhāvasuttavaṇṇanā,552,553,2
34,Mp-iii,อรรถกถาฐานสูตร,193,198,6,2. Tiṭhānasuttavaṇṇanā,554,562,9
34,Mp-iii,อรรถกถาปัจจยวัตตสูตร,199,199,1,3. Atthavasasuttavaṇṇanā,563,564,2
34,Mp-iii,อรรถกถาปเรสสูตร,200,200,1,4. Kathāpavattisuttavaṇṇanā,565,566,2
34,Mp-iii,อรรถกถาปัณฑิตสูตร,201,202,2,5. Paṇḍitasuttavaṇṇanā,567,568,2
34,Mp-iii,อรรถกถาศีลสูตร,203,203,1,6. Sīlavantasuttavaṇṇanā,569,570,2
34,Mp-iii,อรรถกถาสังขตสูตร,204,205,2,7. Saṅkhatalakkhaṇasuttavaṇṇanā,571,572,2
34,Mp-iii,อรรถกถาอสังขตสูตร,206,206,1,8. Asaṅkhatalakkhaṇasuttavaṇṇanā,573,574,2
34,Mp-iii,อรรถกถาปัพพสูตร,207,207,1,9. Pabbatarājasuttavaṇṇanā,575,576,2
34,Mp-iii,อรรถกถาอาตัปปสูตร,208,210,3,10. Ātappakaraṇīyasuttavaṇṇanā,577,579,3
34,Mp-iii,อรรถกถามหาโจรสูตร,211,214,4,11. Mahācorasuttavaṇṇanā,580,584,5
34,Mp-iii,พราหมณวรรควรรณนาที่ ๑,215,214,0,(6) 1. Brāhmaṇavaggo,585,585,1
34,Mp-iii,อรรถกถาปฐมชนสูตร,215,217,3,1. Paṭhamadvebrāhmaṇasuttavaṇṇanā,586,588,3
34,Mp-iii,อรรถกถาทุติยชนสูตร,218,219,2,2. Dutiyadvebrāhmaṇasuttavaṇṇanā,589,590,2
34,Mp-iii,อรรถกถาพราหมณสูตร,220,222,3,3. Aññatarabrāhmaṇasuttavaṇṇanā,591,592,2
34,Mp-iii,อรรถกถาปริพาชกสูตร,223,223,1,4. Paribbājakasuttavaṇṇanā,593,594,2
34,Mp-iii,อรรถกถานิพพุตสูตร,224,225,2,5. Nibbutasuttavaṇṇanā,595,596,2
34,Mp-iii,อรรถกถาปโลภสูตร,226,232,7,6. Palokasuttavaṇṇanā,597,605,9
34,Mp-iii,อรรถกถาติกัณณสูตร,233,251,19,8. Tikaṇṇasuttavaṇṇanā,606,620,15
34,Mp-iii,อรรถกถาชานุสโสณีสูตร,252,258,7,9. Jāṇussoṇisuttavaṇṇanā,621,622,2
34,Mp-iii,อรรถกถาสังคารวสูตร,259,273,15,10. Saṅgāravasuttavaṇṇanā,623,638,16
34,Mp-iii,อรรถกถามหาวรรคที่ ๒,274,273,0,(7) 2. Mahāvaggo,639,639,1
34,Mp-iii,อรรถกถาติตถายตนสูตร,274,296,23,1. Titthāyatanasuttavaṇṇanā,640,666,27
34,Mp-iii,อรรถกถาภยสูตร,297,304,8,2. Bhayasuttavaṇṇanā,667,669,3
34,Mp-iii,อรรถกถาเวนาคสูตร,305,329,25,3. Venāgapurasuttavaṇṇanā,670,695,26
34,Mp-iii,อรรถกถาสรภสูตร,330,345,16,4. Sarabhasuttavaṇṇanā,696,717,22
34,Mp-iii,อรรถกถากาลามสูตร,346,354,9,5. Kesamuttisuttavaṇṇanā,718,721,4
34,Mp-iii,อรรถกถาสาฬหสูตร,355,359,5,6. Sāḷhasuttavaṇṇanā,722,724,3
34,Mp-iii,อรรถกถาวัตถุสูตร,360,371,12,7. Kathāvatthusuttavaṇṇanā,725,739,15
34,Mp-iii,อรรถกถาติตถิยสูตร,372,381,10,8. Aññatitthiyasuttavaṇṇanā,740,747,8
34,Mp-iii,อรรถกถามูลสูตร,382,392,11,9. Akusalamūlasuttavaṇṇanā,748,754,7
34,Mp-iii,อรรถกถาอุโปสถสูตร,393,407,15,10. Uposathasuttavaṇṇanā,755,774,20
34,Mp-iii,อานันทวรรควรรณนาที่ ๓,408,407,0,(8) 3. Ānandavaggo,775,775,1
34,Mp-iii,อรรถกถาฉันนสูตร,408,411,4,1. Channasuttavaṇṇanā,776,778,3
34,Mp-iii,อรรถกถาอาชีวกสูตร,412,413,2,2. Ājīvakasuttavaṇṇanā,779,780,2
34,Mp-iii,อรรถกถาสักกสูตร,414,416,3,3. Mahānāmasakkasuttavaṇṇanā,781,782,2
34,Mp-iii,อรรถกถานิคัณฐสูตร,417,420,4,4. Nigaṇṭhasuttavaṇṇanā,783,785,3
34,Mp-iii,อรรถกถาสมาทปกสูตร,421,422,2,5. Nivesakasuttavaṇṇanā,786,787,2
34,Mp-iii,อรรถกถานวสูตร,423,424,2,6. Paṭhamabhavasuttavaṇṇanā,788,789,2
34,Mp-iii,อรรถกถาภวสูตร,425,426,2,7. Dutiyabhavasuttavaṇṇanā,790,791,2
34,Mp-iii,อรรถกถาสีลัพพตสูตร,427,428,2,8. Sīlabbatasuttavaṇṇanā,792,793,2
34,Mp-iii,อรรถกถาคันธสูตร,429,432,4,9. Gandhajātasuttavaṇṇanā,794,796,3
34,Mp-iii,อรรถกถาจูฬนีสูตร,433,446,14,10. Cūḷanikāsuttavaṇṇanā,797,815,19
34,Mp-iii,สมณวรรควรรณนาที่ ๔,447,446,0,(9) 4. Samaṇavaggo,816,816,1
34,Mp-iii,อรรถกถาสมณสูตร,447,447,1,1. Samaṇasuttavaṇṇanā,817,818,2
34,Mp-iii,อรรถกถาคัทรภสูตร,448,449,2,2. Gadrabhasuttavaṇṇanā,819,820,2
34,Mp-iii,อรรถกถาเขตตสูตร,450,450,1,3. Khettasuttavaṇṇanā,821,822,2
34,Mp-iii,อรรกถาวัชชีปุตตสูตร,451,453,3,4. Vajjiputtasuttavaṇṇanā,823,824,2
34,Mp-iii,อรรถกถาปฐมเสขสูตร,454,455,2,5. Sekkhasuttavaṇṇanā,825,826,2
34,Mp-iii,อรรถกถาทุติยเสขสูตร,456,459,4,6. Paṭhamasikkhāsuttavaṇṇanā,827,830,4
34,Mp-iii,อรรถกถาตติยเสขสูตร,460,464,5,7. Dutiyasikkhāsuttavaṇṇanā,831,834,4
34,Mp-iii,อรรถกถาจตุตถเสขสูตร,465,465,1,8. Tatiyasikkhāsuttavaṇṇanā,835,836,2
34,Mp-iii,อรรถกถาปฐมสิกขาสูตร,466,466,1,10. Dutiyasikkhattayasuttavaṇṇanā,837,840,4
34,Mp-iii,อรรถกถาทุติยสิกขาสูตร,467,474,8,11. Saṅkavāsuttavaṇṇanā,841,844,4
34,Mp-iii,โลณผลวรรควรรณนาที่ ๕,475,474,0,(10) 5. Loṇakapallavaggo,845,845,1
34,Mp-iii,อรรถกถาอัจจายิกสูตร,475,477,3,1. Accāyikasuttavaṇṇanā,846,847,2
34,Mp-iii,อรรถกถาวิวิตตสูตร,478,479,2,2. Pavivekasuttavaṇṇanā,848,852,5
34,Mp-iii,อรรถกถาสรทสูตร,480,482,3,3. Saradasuttavaṇṇanā,853,854,2
34,Mp-iii,อรรถกถาปริสาสูตร,483,485,3,4. Parisāsuttavaṇṇanā,855,859,5
34,Mp-iii,อรรถกถาปฐมอาชานียสูตร,486,490,5,5-7. Paṭhamaājānīyasuttādivaṇṇanā,860,862,3
34,Mp-iii,อรรถกถานวสูตร,491,494,4,8. Potthakasuttavaṇṇanā,863,864,2
34,Mp-iii,อรรถกถาโลณกสูตร,495,502,8,9. Loṇakapallasuttavaṇṇanā,865,869,5
34,Mp-iii,อรรถกถาสังฆสูตร,503,506,4,10. Paṃsudhovakasuttavaṇṇanā,870,874,5
34,Mp-iii,อรรถกถาสมุคคตสูตร,507,510,4,11. Nimittasuttavaṇṇanā,875,881,7
34,Mp-iii,สัมโพธิวรรควรรณนาที่ ๑,511,510,0,(11) 1. Sambodhavaggo,882,882,1
34,Mp-iii,อรรถกถาปุพพสูตร,511,512,2,1. Pubbevasambodhasuttavaṇṇanā,883,884,2
34,Mp-iii,อรรถกถามนุสสสูตร,513,514,2,2. Paṭhamaassādasuttavaṇṇanā,885,886,2
34,Mp-iii,อรรถกถาสมณสูตร,515,515,1,4. Samaṇabrāhmaṇasuttavaṇṇanā,887,888,2
34,Mp-iii,อรรถกถาโรสูตร,516,516,1,5. Ruṇṇasuttavaṇṇanā,889,890,2
34,Mp-iii,อรรถกถาอติตตสูตร,517,518,2,6. Atittisuttavaṇṇanā,891,892,2
34,Mp-iii,อรรถกถาปฐมสูตร,519,519,1,7. Arakkhitasuttavaṇṇanā,893,894,2
34,Mp-iii,อรรถกถาทุติยกูฏสูตร,520,520,1,8. Byāpannasuttavaṇṇanā,895,896,2
34,Mp-iii,อรรถกถาปฐมนิทานสูตร,521,524,4,9. Paṭhamanidānasuttavaṇṇanā,897,898,2
34,Mp-iii,อรรถกถาทุติยนิทานสูตร,525,526,2,10. Dutiyanidānasuttavaṇṇanā,899,901,3
34,Mp-iii,อาปายิกวรรควรรณนาที่ ๒,527,526,0,(12) 2. Āpāyikavaggo,902,902,1
34,Mp-iii,อรรถกถาอาปายิกสูตร,527,527,1,1. Āpāyikasuttavaṇṇanā,903,904,2
34,Mp-iii,อรรถกถาทุลลภสูตร,528,529,2,2. Dullabhasuttavaṇṇanā,905,906,2
34,Mp-iii,อรรถกถาอัปปเมยสูตร,530,532,3,3. Appameyyasuttavaṇṇanā,907,908,2
34,Mp-iii,อรรถกถาอาเนญชสูตร,533,534,2,4. Āneñjasuttavaṇṇanā,909,910,2
34,Mp-iii,อรรถกถาอยสูตร,535,537,3,5. Vipattisampadāsuttavaṇṇanā,911,912,2
34,Mp-iii,อรรถกถาอปัณณกสูตร,538,539,2,6. Apaṇṇakasuttavaṇṇanā,913,914,2
34,Mp-iii,อรรถกถาโสเจยยสูตร,540,541,2,8. Paṭhamasoceyyasuttavaṇṇanā,915,916,2
34,Mp-iii,อรรถกถาทุติยโสเจยยสูตร,542,542,1,9. Dutiyasoceyyasuttavaṇṇanā,917,918,2
34,Mp-iii,อรรถกถาโมเนยยสูตร,543,545,3,10. Moneyyasuttavaṇṇanā,919,922,4
34,Mp-iii,กุสินารวรรควรรณนาที่ ๓,546,546,1,(13) 3. Kusināravaggo,923,923,1
34,Mp-iii,อรรถกถากุสินารสูตร,547,547,1,1. Kusinārasuttavaṇṇanā,924,925,2
34,Mp-iii,อรรถกถาภัณฑนสูตร,548,549,2,2. Bhaṇḍanasuttavaṇṇanā,926,927,2
34,Mp-iii,อรรถกถาโคตมกเจติยสูตร,550,554,5,3. Gotamakacetiyasuttavaṇṇanā,928,932,5
34,Mp-iii,อรรถกถาภรัณฑุสูตร,555,556,2,4. Bharaṇḍukālāmasuttavaṇṇanā,933,934,2
34,Mp-iii,อรรถกถาหัตถกสูตร,557,562,6,5. Hatthakasuttavaṇṇanā,935,943,9
34,Mp-iii,อรรถกถากฏุวิยสูตร,563,565,3,6. Kaṭuviyasuttavaṇṇanā,944,946,3
34,Mp-iii,อรรถกถาทุติยอนุรุทธสูตร,566,566,1,8. Dutiyaanuruddhasuttavaṇṇanā,947,948,2
34,Mp-iii,อรรถกถาปฏิจฉันนสูตร,567,568,2,9. Paṭicchannasuttavaṇṇanā,949,950,2
34,Mp-iii,อรรถกถาเลขสูตร,569,571,3,10. Lekhasuttavaṇṇanā,951,953,3
34,Mp-iii,โยธาชีวรรควรรณนาที่ ๔,572,571,0,(14) 4. Yodhājīvavaggo,954,954,1
34,Mp-iii,อรรถกถาโยธสูตร,572,572,1,1. Yodhājīvasuttavaṇṇanā,955,956,2
34,Mp-iii,อรรถกถาปริสาสูตร,573,574,2,2. Parisāsuttavaṇṇanā,957,958,2
34,Mp-iii,อรรถกถาอุปปาทสูตร,575,576,2,4. Uppādāsuttavaṇṇanā,959,960,2
34,Mp-iii,อรรถกถาเกสกัมพลสูตร,577,579,3,5. Kesakambalasuttavaṇṇanā,961,962,2
34,Mp-iii,อรรถกถาปฐมอัสสสูตร,580,580,1,8. Assakhaḷuṅkasuttavaṇṇanā,963,964,2
34,Mp-iii,อรรถกถาทุติยอัสสสูตร,581,582,2,9. Assaparassasuttavaṇṇanā,965,966,2
34,Mp-iii,อรรถกถาทติยอัสสสูตร,583,583,1,10. Assājānīyasuttavaṇṇanā,967,968,2
34,Mp-iii,อรรถกถาปฐมโมรนิวาปสูตร,584,583,0,11. Paṭhamamoranivāpasuttavaṇṇanā,969,970,2
34,Mp-iii,อรรถกถาทุติยโมรนิวาปสูตร,584,584,1,12. Dutiyamoranivāpasuttavaṇṇanā,971,972,2
34,Mp-iii,อรรถกถาตติยโมรนิวาปสูตร,585,586,2,13. Tatiyamoranivāpasuttavaṇṇanā,973,975,3
34,Mp-iii,มงคลวรรควรรณนาที่ ๕,587,586,0,(15) 5. Maṅgalavaggo,976,976,1
34,Mp-iii,อรรถกถาอกุศลสูตร,587,591,5,1-9. Akusalasuttādivaṇṇanā,977,978,2
34,Mp-iii,อรรถกถาสุปุพพัณหสูตร,592,598,7,10. Pubbaṇhasuttavaṇṇanā,979,989,11
34,Mp-iii,อรรถกถาพระสูตรที่ไม่สงเคราะห์เข้าเป็นปัณณาสก์,599,,,17-18. Peyyālavaggādivaṇṇanā,990,,
35,A-iv,๑. อนุพุทธสูตร,1,3,3,Anubuddhasuttaṃ,6,13,8
35,A-iv,๒. ปปติตสูตร,4,5,2,Papatitasuttaṃ,14,18,5
35,A-iv,๓. ปฐมขตสูตร,6,7,2,Paṭhamakhatasuttaṃ,19,34,16
35,A-iv,๔. ทุติยขตสูตร,8,9,2,Dutiyakhatasuttaṃ,35,47,13
35,A-iv,๕. อนุโสตสูตร,10,13,4,Anusotasuttaṃ,48,68,21
35,A-iv,๖. อัปปสุตสูตร,14,17,4,Appassutasuttaṃ,69,84,16
35,A-iv,๗. สังฆโสภณสูตร,18,18,1,Sobhanasuttaṃ,85,93,9
35,A-iv,๘. เวสารัชชสูตร,19,25,7,Vesārajjasuttaṃ,94,106,13
35,A-iv,๙. ตัณหาสูตร,26,27,2,Taṇhuppādasuttaṃ,107,112,6
35,A-iv,๑๐. โยคสูตร,28,33,6,Yogasuttaṃ,113,132,20
35,A-iv,๑. จารสูตร,34,35,2,Carasuttaṃ,133,148,16
35,A-iv,๒. สีลสูตร,36,38,3,Sīlasuttaṃ,149,160,12
35,A-iv,๓. ปธานสูตร,39,40,2,Padhānasuttaṃ,161,166,6
35,A-iv,๔. สังวรสูตร,41,43,3,Saṃvarasuttaṃ,167,174,8
35,A-iv,๕. บัญญัตติสูตร,44,45,2,Paññattisuttaṃ,175,180,6
35,A-iv,๖. โสขุมมสูตร,46,47,2,Sokhummasuttaṃ,181,187,7
35,A-iv,๗. ปฐมอคติสูตร,48,48,1,Paṭhamaagatisuttaṃ,188,191,4
35,A-iv,๘. ทุติยอคติสูตร,49,48,0,Dutiyaagatisuttaṃ,192,195,4
35,A-iv,๙. ตติยอคติสูตร,49,49,1,Tatiyaagatisuttaṃ,196,202,7
35,A-iv,๑๐. ภัตตุเทสกสูตร,50,51,2,Bhattuddesakasuttaṃ,203,220,18
35,A-iv,๑. ปฐมอุรุเวลสูตร,52,57,6,Paṭhamauruvelasuttaṃ,221,236,16
35,A-iv,๒. ทุติยอุรุเวลสูตร,58,64,7,Dutiyauruvelasuttaṃ,237,250,14
35,A-iv,๓. โลกสูตร,65,69,5,Lokasuttaṃ,251,270,20
35,A-iv,๔. กาฬกสูตร,70,78,9,Kāḷakārāmasuttaṃ,271,286,16
35,A-iv,๕. พรหมจริยสูตร,79,80,2,Brahmacariyasuttaṃ,287,293,7
35,A-iv,๖. กุหสูตร,81,82,2,Kuhasuttaṃ,294,299,6
35,A-iv,๗. สันตุฏฐิสูตร,83,84,2,Santuṭṭhisuttaṃ,300,306,7
35,A-iv,๘. อริยวังสสูตร,85,106,22,Ariyavaṃsasuttaṃ,307,317,11
35,A-iv,๙. ธัมมปทสูตร,107,108,2,Dhammapadasuttaṃ,318,324,7
35,A-iv,๑๐. ปริพาชกสูตร,109,,,Paribbājakasuttaṃ,325,,
35,Mp-iv,ภัณฑคามวรรควรรณนาที่ ๑,3,2,0,Bhaṇḍagāmavaggo,999,999,1
35,Mp-iv,อรรถกถาอนุพุทธสูตร,3,4,2,Anubuddhasuttavaṇṇanā,1000,1002,3
35,Mp-iv,อรรถกถาปปติตสูตร,5,6,2,Papatitasuttavaṇṇanā,1003,1005,3
35,Mp-iv,อรรถกถาปฐมขตสูตร,7,9,3,Paṭhamakhatasuttavaṇṇanā,1006,1007,2
35,Mp-iv,อรรถกถาทุติยขตสูตร,10,11,2,Dutiyakhatasuttavaṇṇanā,1008,1009,2
35,Mp-iv,อรรถกถาอนุโสตสูตร,12,15,4,Anusotasuttavaṇṇanā,1010,1012,3
35,Mp-iv,อรรถกถาอัปปสุตสูตร,16,18,3,Appassutasuttavaṇṇanā,1013,1015,3
35,Mp-iv,อรรถกถาสังฆโสภณสูตร,19,20,2,Sobhanasuttavaṇṇanā,1016,1017,2
35,Mp-iv,อรรถกถาเวสารัชชสูตร,21,25,5,Vesārajjasuttavaṇṇanā,1018,1030,13
35,Mp-iv,อรรถกถาตัณหาสูตร,26,30,5,Taṇhuppādasuttavaṇṇanā,1031,1033,3
35,Mp-iv,อรรถกถาโยคสูตร,31,34,4,Yogasuttavaṇṇanā,1034,1040,7
35,Mp-iv,จรวรรควรรณนาที่ ๒,35,34,0,Caravaggo,1041,1041,1
35,Mp-iv,อรรถกถาจารสูตร,35,36,2,Carasuttavaṇṇanā,1042,1044,3
35,Mp-iv,อรรถกถาสีลสูตร,37,39,3,Sīlasuttavaṇṇanā,1045,1047,3
35,Mp-iv,อรรถกถาปธานสูตร,40,41,2,Padhānasuttavaṇṇanā,1048,1051,4
35,Mp-iv,อรรถกถาสังวรสูตร,42,44,3,Saṃvarasuttavaṇṇanā,1052,1055,4
35,Mp-iv,อรรถกถาบัญญัตติสูตร,45,46,2,Paññattisuttavaṇṇanā,1056,1058,3
35,Mp-iv,อรรถกถาโสขุมมสูตร,47,47,1,Sokhummasuttavaṇṇanā,1059,1061,3
35,Mp-iv,อรรถกาปฐมอคติสูตร,48,50,3,Paṭhamaagatisuttavaṇṇanā,1062,1063,2
35,Mp-iv,อรรถกถาภัตตุเทสกสูตร,51,53,3,Bhattuddesakasuttavaṇṇanā,1064,1066,3
35,Mp-iv,อุรุเรลวรรควรรณนาที่ ๓,54,53,0,Uruvelavaggo,1067,1067,1
35,Mp-iv,อรรถกถาอุรุเวลสูตร,54,60,7,Paṭhamauruvelasuttavaṇṇanā,1068,1079,12
35,Mp-iv,อรรถกถาทุติยอุรุเวลสูตร,61,66,6,Dutiyauruvelasuttavaṇṇanā,1080,1086,7
35,Mp-iv,อรรถกถาโลกสูตร,67,71,5,Lokasuttavaṇṇanā,1087,1092,6
35,Mp-iv,อรรถกถากาฬกสูตร,72,79,8,Kāḷakārāmasuttavaṇṇanā,1093,1114,22
35,Mp-iv,อรรถกถาพรหมจริยสูตร,80,81,2,Brahmacariyasuttavaṇṇanā,1115,1116,2
35,Mp-iv,อรรถกถากุหสูตร,82,83,2,Kuhasuttavaṇṇanā,1117,1118,2
35,Mp-iv,อรรถกถาสันตุฏฐิสูตร,84,86,3,Santuṭṭhisuttavaṇṇanā,1119,1121,3
35,Mp-iv,อรรถกถาอริยวังสสูตร,87,107,21,Ariyavaṃsasuttavaṇṇanā,1122,1172,51
35,Mp-iv,อรรถกถาธัมมปทสูตร,108,111,4,Dhammapadasuttavaṇṇanā,1173,1175,3
35,Mp-iv,อรรถกถาปริพาชกสูตร,112,115,4,Paribbājakasuttavaṇṇanā,1176,1179,4
35,Mp-iv,จักรวรรควรรณนาที่ ๔,116,115,0,Cakkavaggo,1180,1180,1
35,Mp-iv,อรรถกถาจักกสูตร,116,117,2,Cakkasuttavaṇṇanā,1181,1182,2
35,Mp-iv,อรรถกถาสังคหสูตร,118,120,3,Saṅgahasuttavaṇṇanā,1183,1184,2
35,Mp-iv,อรรถกถาสีหสูตร,121,130,10,Sīhasuttavaṇṇanā,1185,1203,19
35,Mp-iv,อรรถกถาปสาทสูตร,131,134,4,Pasādasuttavaṇṇanā,1204,1205,2
35,Mp-iv,อรรถกถาวัสสการสูตร,135,137,3,Vassakārasuttavaṇṇanā,1206,1208,3
35,Mp-iv,อรรถกถาโทณสูตร,138,143,6,Doṇasuttavaṇṇanā,1209,1215,7
35,Mp-iv,อรรถกถาอปริหานิสูตร,144,146,3,Aparihāniyasuttavaṇṇanā,1216,1217,2
35,Mp-iv,อรรถกถาปฏิลีนสูตร,147,149,3,Patilīnasuttavaṇṇanā,1218,1221,4
35,Mp-iv,อรรถกถาอุชชยสูตร,150,152,3,Ujjayasuttavaṇṇanā,1222,1223,2
35,Mp-iv,อรรถกถาอุทายิสูตร,153,156,4,Udāyisuttavaṇṇanā,1224,1227,4
35,Mp-iv,อรรถกถาสมาธิสูตร,157,159,3,Samādhibhāvanāsuttavaṇṇanā,1228,1232,5
35,Mp-iv,อรรถกาปัญหาสูตร,160,161,2,Pañhabyākaraṇasuttavaṇṇanā,1233,1234,2
35,Mp-iv,อรรถกถาปฐมโกธสูตร,162,164,3,Kodhagarusuttadvayavaṇṇanā,1235,1237,3
35,Mp-iv,อรรถกถาปฐมโรหิตัสสสูตร,165,168,4,Rohitassasuttavaṇṇanā,1238,1242,5
35,Mp-iv,อรรถกถาสุวิทูรสูตร,169,170,2,Suvidūrasuttavaṇṇanā,1243,1245,3
35,Mp-iv,อรรถกถาวิสาขสูตร,171,172,2,Visākhasuttavaṇṇanā,1246,1248,3
35,Mp-iv,อรรถกถาวิปัลลาสสูตร,173,175,3,Vipallāsasuttavaṇṇanā,1249,1251,3
35,Mp-iv,อรรถกถาอุปกิเลสสูตร,176,,,Upakkilesasuttavaṇṇanā,1252,,
36,A-v,๑. สังขิตตสูตร,1,2,2,1. Saṃkhittasuttaṃ,6,9,4
36,A-v,๒. วิตถตสูตร,3,5,3,2. Vitthatasuttaṃ,10,16,7
36,A-v,๓. ทุกขสูตร,6,6,1,3. Dukkhasuttaṃ,17,19,3
36,A-v,๔. ภตสูตร,7,6,0,4. Yathābhatasuttaṃ,20,22,3
36,A-v,๕. สิกขสูตร,7,7,1,5. Sikkhāsuttaṃ,23,25,3
36,A-v,๖. สมาปัตติสูตร,8,9,2,6. Samāpattisuttaṃ,26,31,6
36,A-v,๗. กามสูตร,10,11,2,7. Kāmasuttaṃ,32,34,3
36,A-v,๘. จวนสูตร,12,12,1,8. Cavanasuttaṃ,35,37,3
36,A-v,๙. ปฐมอคารวสูตร,13,14,2,9. Paṭhamaagāravasuttaṃ,38,40,3
36,A-v,๑๐. ทุติยอคารวสูตร,15,16,2,10. Dutiyaagāravasuttaṃ,41,48,8
36,A-v,๑. อนนุสสุตสูตร,17,17,1,1. Ananussutasuttaṃ,49,50,2
36,A-v,๒. กูฏสูตร,18,18,1,2. Kūṭasuttaṃ,51,54,4
36,A-v,๓. สังขิตตสูตร,19,19,1,3. Saṃkhittasuttaṃ,55,56,2
36,A-v,๔. วิตถตสูตร,20,21,2,4. Vitthatasuttaṃ,57,63,7
36,A-v,๕. ทัฏฐัพพสูตร,22,23,2,5. Daṭṭhabbasuttaṃ,64,65,2
36,A-v,๖. ปุนกูฏสูตร,24,24,1,6. Punakūṭasuttaṃ,66,67,2
36,A-v,๗. ปฐมหิตสูตร,25,25,1,7. Paṭhamahitasuttaṃ,68,69,2
36,A-v,๘. ทุติยหิตสูตร,26,26,1,8. Dutiyahitasuttaṃ,70,71,2
36,A-v,๙. ตติยหิตสูตร,27,26,0,9. Tatiyahitasuttaṃ,72,73,2
36,A-v,๑๐. จตุตถหิตสูตร,27,28,2,10. Catutthahitasuttaṃ,74,80,7
36,A-v,๑. ปฐมคารวสูตร,29,29,1,1. Paṭhamaagāravasuttaṃ,81,83,3
36,A-v,๒. ทุติยคารวสูตร,30,31,2,2. Dutiyaagāravasuttaṃ,84,86,3
36,A-v,๓. อุปกิเลสสูตร,32,35,4,3. Upakkilesasuttaṃ,87,95,9
36,A-v,๔. ทุสสีลสูตร,36,37,2,4. Dussīlasuttaṃ,96,98,3
36,A-v,๕. อนุคคหสูตร,38,39,2,5. Anuggahitasuttaṃ,99,101,3
36,A-v,๖. วิมุตติสูตร,40,42,3,6. Vimuttāyatanasuttaṃ,102,109,8
36,A-v,๗. สมาธิสูตร,43,45,3,7. Samādhisuttaṃ,110,112,3
36,A-v,๘. อังคิกสูตร,46,53,8,8. Pañcaṅgikasuttaṃ,113,128,16
36,A-v,๙. จังกมสูตร,54,55,2,9. Caṅkamasuttaṃ,129,130,2
36,A-v,๑๐. นาคิตสูตร,56,,,10. Nāgitasuttaṃ,131,,
36,Mp-v,อรรถกถาสังขิตตสูตร,2,3,2,Saṃkhittasuttavaṇṇanā,6,7,2
36,Mp-v,อรรถกถาวิตถตสูตร,4,8,5,Vitthatasuttavaṇṇanā,8,11,4
36,Mp-v,อรรถกถาสมาปัตติสูตร,9,10,2,Samāpattisuttavaṇṇanā,12,13,2
36,Mp-v,อรรถกถากามสูตร,11,12,2,Kāmasuttavaṇṇanā,14,15,2
36,Mp-v,อรรถกถาจวนสูตร,13,13,1,Cavanasuttavaṇṇanā,16,17,2
36,Mp-v,อรรถกถาปฐมอคารวสูตร,14,15,2,Paṭhamaagāravasuttavaṇṇanā,18,19,2
36,Mp-v,อรรถกถาทุติยอคารวสูตร,16,16,1,Dutiyaagāravasuttavaṇṇanā,20,23,4
36,Mp-v,อรรถกถาอนนุสสุตสูตร,17,18,2,Ananussutasuttavaṇṇanā,24,25,2
36,Mp-v,อรรถกถากูฏสูตร,19,19,1,Kūṭasuttavaṇṇanā,26,27,2
36,Mp-v,อรรถกถาสังขิตตสูตร,20,20,1,Saṃkhittasuttavaṇṇanā,28,29,2
36,Mp-v,อรรถกถาวิตถตสูตร,21,21,1,Vitthatasuttavaṇṇanā,30,31,2
36,Mp-v,อรรถกถาทัฏฐัพพสูตร,22,24,3,Daṭṭhabbasuttavaṇṇanā,32,33,2
36,Mp-v,อรรถกถาปฐมหิตสูตร,25,27,3,Paṭhamahitasuttavaṇṇanā,34,35,2
36,Mp-v,อรรถกถาจตุตถหิตสูตร,28,29,2,Dutiyahitasuttādivaṇṇanā,36,39,4
36,Mp-v,อรรถกถาปฐมคารวสูตร,30,30,1,Paṭhamaagāravasuttavaṇṇanā,40,41,2
36,Mp-v,อรรถกถาทุติยคารวสูตร,31,34,4,Dutiyaagāravasuttavaṇṇanā,42,43,2
36,Mp-v,อรรถกถาอุปกิเลสสูตร,35,37,3,Upakkilesasuttavaṇṇanā,44,45,2
36,Mp-v,อรรถกถาทุสสีลสูตร,38,38,1,Dussīlasuttavaṇṇanā,46,47,2
36,Mp-v,อรรถกถาอนุคคหสูตร,39,41,3,Anuggahitasuttavaṇṇanā,48,50,3
36,Mp-v,อรรถกถาวิมุตติสูตร,42,43,2,Vimuttāyatanasuttavaṇṇanā,51,52,2
36,Mp-v,อรรถกถาสมาธิสูตร,44,50,7,Samādhisuttavaṇṇanā,53,54,2
36,Mp-v,อรรถกถาอังคิกสูตร,51,54,4,Pañcaṅgikasuttavaṇṇanā,55,63,9
36,Mp-v,อรรถกถาจังกมสูตร,55,57,3,Caṅkamasuttavaṇṇanā,64,65,2
36,Mp-v,อรรถกถานาคิตสูตร,58,62,5,Nāgitasuttavaṇṇanā,66,70,5
36,Mp-v,อรรถกถาสุมนสูตร,63,71,9,Sumanasuttavaṇṇanā,71,82,12
36,Mp-v,อรรถกถาจุนทิสูตร,72,74,3,Cundīsuttavaṇṇanā,83,84,2
36,Mp-v,อรรถกถาอุคคหสูตร,75,80,6,Uggahasuttavaṇṇanā,85,92,8
36,Mp-v,อรรถกถาสีหสูตร,81,82,2,Sīhasenāpatisuttavaṇṇanā,93,95,3
36,Mp-v,อรรถกถาทานานิสังสสูตร,83,83,1,Dānānisaṃsasuttavaṇṇanā,96,97,2
36,Mp-v,อรรถกถากาลทานสูตร,84,85,2,Kāladānasuttavaṇṇanā,98,99,2
36,Mp-v,อรรถกถาโภชนทานสูตร,86,87,2,Bhojanasuttavaṇṇanā,100,101,2
36,Mp-v,อรรถกถาสัทธานิสังสสูตร,88,88,1,Saddhasuttavaṇṇanā,102,103,2
36,Mp-v,อรรถกถาปุตตสูตร,89,91,3,Puttasuttavaṇṇanā,104,106,3
36,Mp-v,อรรถกถาสาลสูตร,92,94,3,Mahāsālaputtasuttavaṇṇanā,107,110,4
36,Mp-v,อรรถกถาอาทิยสูตร,95,98,4,Ādiyasuttavaṇṇanā,111,112,2
36,Mp-v,อรรถกถาอิฏฐสูตร,99,102,4,Iṭṭhasuttavaṇṇanā,113,114,2
36,Mp-v,อรรถกถามนาปทายีสูตร,103,112,10,Manāpadāyīsuttavaṇṇanā,115,118,4
36,Mp-v,อรรถกถาฐานสูตร,113,113,1,Alabbhanīyaṭhānasuttavaṇṇanā,119,121,3
36,Mp-v,อรรถกถาโกสลสูตร,114,121,8,Kosalasuttavaṇṇanā,122,123,2
36,Mp-v,อรรถกถานาทสูตร,122,124,3,Nāradasuttavaṇṇanā,124,129,6
36,Mp-v,อรรถถถาอาวรณสูตร,125,127,3,Āvaraṇasuttavaṇṇanā,130,132,3
36,Mp-v,อรรถกถาอังคสูตร,128,130,3,Padhāniyaṅgasuttavaṇṇanā,133,135,3
36,Mp-v,อรรถกถาสมยสูตร,131,133,3,Samayasuttavaṇṇanā,136,137,2
36,Mp-v,อรรถกถามาตุปุตติกสูตร,134,137,4,Mātāputtasuttavaṇṇanā,138,140,3
36,Mp-v,อรรถกถาอุปัชฌายสูตร,138,142,5,Upajjhāyasuttavaṇṇanā,141,142,2
36,Mp-v,อรรถกถาฐานสูตร,143,147,5,Abhiṇhapaccavekkhitabbaṭhānasuttavaṇṇanā,143,145,3
36,Mp-v,อรรถกถากุมารลิจฉวีสูตร,148,149,2,Licchavikumārakasuttavaṇṇanā,146,148,3
36,Mp-v,อรรถกถาปฐมทุลลภสูตร,150,151,2,Vuḍḍhapabbajitasuttadvayavaṇṇanā,149,152,4
36,Mp-v,อรรถกถาปฐมสัญญาสูตร,152,153,2,Saññāsuttadvayavaṇṇanā,153,154,2
36,Mp-v,อรรถกถาปฐมวัฑฒิสูตร,154,155,2,Vaḍḍhasuttadvayavaṇṇanā,155,156,2
36,Mp-v,อรรถกถาสากัจฉสูตร,156,156,1,Sākacchasuttavaṇṇanā,157,158,2
36,Mp-v,อรรถกถาสาชีวสูตร,157,157,1,Sājīvasuttavaṇṇanā,159,160,2
36,Mp-v,อรรถกถาปฐมอิทธิปาทสูตร,158,163,6,Paṭhamaiddhipādasuttādivaṇṇanā,161,164,4
36,Mp-v,อรรถกถาปฐมเจโตวิมุตติสูตร,164,166,3,Paṭhamacetovimuttiphalasuttavaṇṇanā,165,167,3
36,Mp-v,อรรถกถาทุติยเจโตวิมุตติสูตร,167,168,2,Dutiyacetovimuttiphalasuttavaṇṇanā,168,169,2
36,Mp-v,อรรถกถาปฐมธรรมวิหาริกสูตร,169,171,3,Paṭhamadhammavihārīsuttavaṇṇanā,170,172,3
36,Mp-v,อรรถกถาทุติยธรรมวิหาริกสูตร,172,177,6,Dutiyadhammavihārīsuttavaṇṇanā,173,174,2
36,Mp-v,อรรถกถาปฐมโยธาชีวสูตร,178,185,8,Paṭhamayodhājīvasuttavaṇṇanā,175,177,3
36,Mp-v,อรรถกถาทุติยโยธาชีวสูตร,186,188,3,Dutiyayodhājīvasuttavaṇṇanā,178,181,4
36,Mp-v,อรรถกถาปฐมอนาคตสูตร,189,192,4,Paṭhamaanāgatabhayasuttavaṇṇanā,182,183,2
36,Mp-v,อรรถกถาทุติยอนาคตสูตร,193,195,3,Dutiyaanāgatabhayasuttavaṇṇanā,184,185,2
36,Mp-v,อรรถกถาตติยอนาคตสูตร,196,199,4,Tatiyaanāgatabhayasuttavaṇṇanā,186,188,3
36,Mp-v,อรรถกถาจตุตถอนาคตสูตร,200,201,2,Catutthaanāgatabhayasuttavaṇṇanā,189,192,4
36,Mp-v,อรรถกถารัชนียสูตร,202,202,1,Rajanīyasuttavaṇṇanā,193,194,2
36,Mp-v,อรรถกถาวีตราคสูตร,203,203,1,Vītarāgasuttavaṇṇanā,195,196,2
36,Mp-v,อรรถกากุหกสูตร,204,206,3,Kuhakasuttavaṇṇanā,197,198,2
36,Mp-v,อรรถกถาอักขมสูตร,207,207,1,Akkhamasuttavaṇṇanā,199,200,2
36,Mp-v,อรรถกถาปฏิสัมภิทา,208,208,1,Paṭisambhidāppattasuttavaṇṇanā,201,202,2
36,Mp-v,อรรถกถาสีลสูตร,209,211,3,Sīlavantasuttavaṇṇanā,203,204,2
36,Mp-v,อรรถกถาเถรสูตร,212,212,1,Therasuttavaṇṇanā,205,206,2
36,Mp-v,อรรถกถาเสขสูตร,213,215,3,Paṭhamasekhasuttavaṇṇanā,207,208,2
36,Mp-v,อรรถกถาทุติยเสขสูตร,216,217,2,Dutiyasekhasuttavaṇṇanā,209,212,4
36,Mp-v,อรรถกถาปฐมสัมปทาสูตร,218,219,2,Sampadāsuttadvayavaṇṇanā,213,214,2
36,Mp-v,อรรถกถาพยากรณสูตร,220,220,1,Byākaraṇasuttavaṇṇanā,215,216,2
36,Mp-v,อรรถกถาผาสุสูตร,221,222,2,Phāsuvihārasuttādivaṇṇanā,217,218,2
36,Mp-v,อรรถกถาสุตสูตร,223,225,3,Sutadharasuttavaṇṇanā,219,220,2
36,Mp-v,อรรถกถาสีหสูตร,226,231,6,Sīhasuttavaṇṇanā,221,222,2
36,Mp-v,อรรถกถากกุธสูตร,232,233,2,Kakudhatherasuttavaṇṇanā,223,228,6
36,Mp-v,อรรถกถาเวสารัชชกรณสูตร,234,234,1,Sārajjasuttavaṇṇanā,229,230,2
36,Mp-v,อรรถกถาสังกิตสูตร,235,237,3,Ussaṅkitasuttavaṇṇanā,231,232,2
36,Mp-v,อรรถกถาโจรสูตร,238,241,4,Mahācorasuttavaṇṇanā,233,234,2
36,Mp-v,อรรถกถาผาสุวิหารสูตร,242,243,2,Phāsuvihārasuttavaṇṇanā,235,236,2
36,Mp-v,อรรถกถาอานันทสูตร,244,244,1,Ānandasuttavaṇṇanā,237,238,2
36,Mp-v,อรรถกถาสีลสูตร,245,245,1,Sīlasuttādivaṇṇanā,239,240,2
36,Mp-v,อรรถกถาอเสขิยสูตร,246,250,5,Cātuddisasuttādivaṇṇanā,241,244,4
36,Mp-v,อรรถกถากุลุปกสูตร,251,251,1,Kulūpakasuttavaṇṇanā,245,246,2
36,Mp-v,อรรถกถาปัจฉาสมณสูตร,252,254,3,Pacchāsamaṇasuttavaṇṇanā,247,248,2
36,Mp-v,อรรถกถาอันธกวินทสูตร,255,255,1,Andhakavindasuttavaṇṇanā,249,250,2
36,Mp-v,อรรถกถามัจฉริยสูตร,256,257,2,Maccharinīsuttavaṇṇanā,251,252,2
36,Mp-v,อรรถกถาวรรณนาสูตร,258,265,8,Vaṇṇanāsuttādivaṇṇanā,253,256,4
36,Mp-v,อรรถกถาทุติยอุปัฏฐากสูตร,266,266,1,Dutiyaupaṭṭhākasuttavaṇṇanā,257,258,2
36,Mp-v,อรรถกถาปฐมอนายุสสสูตร,267,268,2,Anāyussāsuttadvayavaṇṇanā,259,260,2
36,Mp-v,อรรถกถาอวัปปกาสสูตร,269,269,1,Vapakāsasuttavaṇṇanā,261,262,2
36,Mp-v,อรรถกถาปริกุปปสูตร,270,273,4,Parikuppasuttavaṇṇanā,263,266,4
36,Mp-v,อรรถกถาจักกสูตร,274,275,2,Paṭhamacakkānuvattanasuttavaṇṇanā,267,269,3
36,Mp-v,อรรถกถาอนุวัตตนสูตร,276,277,2,Dutiyacakkānuvattanasuttavaṇṇanā,270,271,2
36,Mp-v,อรรถกถาราชสูตร,278,279,2,Dhammarājāsuttavaṇṇanā,272,273,2
36,Mp-v,อรรถกถายัสสทิสสูตร,280,284,5,Yassaṃdisaṃsuttavaṇṇanā,274,276,3
36,Mp-v,อรรถกถาปฐมปัตถนาสูตร,285,286,2,Patthanāsuttadvayavaṇṇanā,277,278,2
36,Mp-v,อรรถกถาทุติยปัตถนาสูตร,287,287,1,Appaṃsupatisuttavaṇṇanā,279,280,2
36,Mp-v,อรรถกถาอัปปสุปติสูตร,288,288,1,Bhattādakasuttavaṇṇanā,281,282,2
36,Mp-v,อรรถกถาภัตตาทกสูตร,289,293,5,Akkhamasuttavaṇṇanā,283,284,2
36,Mp-v,อรรถกถาอักขมสูตร,294,297,4,Sotasuttavaṇṇanā,285,288,4
36,Mp-v,อรรถกถาโสตวสูตร,298,299,2,Avajānātisuttavaṇṇanā,289,291,3
36,Mp-v,อรรคถกถาทัตวาอวชานาติสูตร,300,303,4,Ārabhatisuttavaṇṇanā,292,294,3
36,Mp-v,อรรถกถาอารภสูตร,304,305,2,Sārandadasuttavaṇṇanā,295,296,2
36,Mp-v,อรรถกถาสารันททสูตร,306,308,3,Tikaṇḍakīsuttavaṇṇanā,297,298,2
36,Mp-v,อรรถกถาติกัณฑกีสูตร,309,311,3,Mittasuttavaṇṇanā,299,300,2
36,Mp-v,อรรถกถามิตตสูตร,312,312,1,Asappurisadānasuttavaṇṇanā,301,303,3
36,Mp-v,อรรถกถาอสัปปุริสทานสูตร,313,314,2,Sappurisadānasuttavaṇṇanā,304,305,2
36,Mp-v,อรรถกถาสัปปุริสทานสูตร,315,319,5,Paṭhamasamayavimuttasuttavaṇṇanā,306,311,6
36,Mp-v,อรรถกถาปฐมสัทธัมมสัมโมสสูตร,320,320,1,Paṭhamasammattaniyāmasuttavaṇṇanā,312,313,2
36,Mp-v,อรรถกถาทุติยสัทธัมมนิยามสูตร,321,322,2,Dutiyasammattaniyāmasuttavaṇṇanā,314,315,2
36,Mp-v,อรรถกถาตติยสัทธัมมนิยามสูตร,323,323,1,Tatiyasammattaniyāmasuttavaṇṇanā,316,317,2
36,Mp-v,อรรถกถาปฐมสัทธัมมสัมโมสสูตร,324,327,4,Paṭhamasaddhammasammosasuttavaṇṇanā,318,321,4
36,Mp-v,อรรถกถาตติยสัทธัมมสัมโมสสูตร,328,333,6,Dukkathāsuttavaṇṇanā,322,323,2
36,Mp-v,อรรถกถาอุทายิสูตร,334,334,1,Udāyīsuttavaṇṇanā,324,325,2
36,Mp-v,อรรถกถาทุพพิโนทยสูตร,335,337,3,Duppaṭivinodayasuttavaṇṇanā,326,329,4
36,Mp-v,อรรถกถาปฐมอาฆาตวินยสูตร,338,342,5,Paṭhamaāghātapaṭivinayasuttavaṇṇanā,330,331,2
36,Mp-v,อรรถกถาทุติยอาฆาตวินยสูตร,343,347,5,Dutiyaāghātapaṭivinayasuttavaṇṇanā,332,338,7
36,Mp-v,อรรถกถาปัญหาปุจฉาสูตร,348,352,5,Pañhapucchāsuttavaṇṇanā,339,340,2
36,Mp-v,อรรถกถานิโรธสูตร,353,358,6,Nirodhasuttavaṇṇanā,341,344,4
36,Mp-v,อรรถกถาโจทนาสูตร,359,362,4,Codanāsuttavaṇṇanā,345,346,2
36,Mp-v,อรรถกถานิสันติสูตร,363,365,3,Khippanisantisuttavaṇṇanā,347,348,2
36,Mp-v,อรรถกถาภัททชิสูตร,366,369,4,Bhaddajisuttavaṇṇanā,349,353,5
36,Mp-v,อรรถกถาสารัชชสูตรที่ ๑ วิสารทสูตรที่ ๒ นิรยสูตรที่ ๓,370,371,2,Sārajjasuttādivaṇṇanā,354,355,2
36,Mp-v,อรรถกถาเวรสูตร,372,373,2,Verasuttavaṇṇanā,356,357,2
36,Mp-v,อรรถกถาจัณฑาลสูตร,374,375,2,Caṇḍālasuttavaṇṇanā,358,359,2
36,Mp-v,อรรถกถาปีติสูตร,376,376,1,Pītisuttavaṇṇanā,360,361,2
36,Mp-v,อรรถกถาวณิชชสูตร,377,380,4,Vaṇijjāsuttavaṇṇanā,362,363,2
36,Mp-v,อรรถกถาราชสูตร,381,385,5,Rājasuttavaṇṇanā,364,365,2
36,Mp-v,อรรถกถาคิหิสูตร,386,391,6,Gihisuttavaṇṇanā,366,368,3
36,Mp-v,อรรถกถาภเวสิสูตร,392,395,4,Gavesīsuttavaṇṇanā,369,375,7
36,Mp-v,อรรถกถาอารัญญกสูตร,396,402,7,Āraññikasuttavaṇṇanā,376,379,4
36,Mp-v,อรรถกถาโสณสูตร,403,410,8,Soṇasuttavaṇṇanā,380,381,2
36,Mp-v,อรรถกถาโทณสูตร,411,419,9,Doṇabrāhmaṇasuttavaṇṇanā,382,386,5
36,Mp-v,อรรถกถาสังคารวสูตร,420,423,4,Saṅgāravasuttavaṇṇanā,387,390,4
36,Mp-v,อรรถกถาการณปาลีสูตร,424,429,6,Kāraṇapālīsuttavaṇṇanā,391,397,7
36,Mp-v,อรรถกถาปิงคิยานีสูตร,430,432,3,Piṅgiyānīsuttavaṇṇanā,398,400,3
36,Mp-v,อรรถกถาสุปินสูตร,433,438,6,Mahāsupinasuttavaṇṇanā,401,409,9
36,Mp-v,อรรถกถาวัสสสูตร,439,442,4,Vassasuttavaṇṇanā,410,411,2
36,Mp-v,อรรถกถานิสสารณียสูตร,443,446,4,Nissāraṇīyasuttavaṇṇanā,412,418,7
36,Mp-v,อรรถกถากิมพิลสูตร,447,449,3,Kimilasuttavaṇṇanā,419,421,3
36,Mp-v,อรรถกถาอาชานิยสูตร,450,451,2,Assājānīyasuttavaṇṇanā,422,423,2
36,Mp-v,อรรถกถาเจโตขีลสูตร,452,454,3,Cetokhilasuttavaṇṇanā,424,426,3
36,Mp-v,อรรถกถาวินิพันธสูตร,455,455,1,Vinibandhasuttavaṇṇanā,427,428,2
36,Mp-v,อรรถกถายาคุสูตร,456,457,2,Yāgusuttādivaṇṇanā,429,430,2
36,Mp-v,อรรถกถาคีตสูตร,458,459,2,Gītassarasuttavaṇṇanā,431,432,2
36,Mp-v,อรรถกถามุฏฐัสสติสูตร,460,460,1,Muṭṭhassatisuttavaṇṇanā,433,436,4
36,Mp-v,อรรถกถาอักโกสกสูตร,461,461,1,Akkosakasuttavaṇṇanā,437,438,2
36,Mp-v,อรรถกถาภัณฑนสูตร,462,463,2,Bhaṇḍanakārakasuttavaṇṇanā,439,440,2
36,Mp-v,อรรถกถาสีลสูตร,464,465,2,Sīlasuttavaṇṇanā,441,444,4
36,Mp-v,อรรถกถาพหุภาณีสูตร,466,466,1,Bahubhāṇisuttavaṇṇanā,445,446,2
36,Mp-v,อรรถกถาปฐมอขันติสูตร,467,467,1,Paṭhamaakkhantisuttavaṇṇanā,447,448,2
36,Mp-v,อรรถกถาทุติยอขันติสูตร,468,469,2,Dutiyaakkhantisuttavaṇṇanā,449,450,2
36,Mp-v,อรรถกถาปฐมอปาสาทิกสูตร,470,471,2,Paṭhamaapāsādikasuttavaṇṇanā,451,452,2
36,Mp-v,อรรถกถามธุราสูตร,472,473,2,Madhurāsuttavaṇṇanā,453,456,4
36,Mp-v,อรรถกถาปฐมทีฆจาริกสูตร,474,475,2,Paṭhamadīghacārikasuttavaṇṇanā,457,458,2
36,Mp-v,อรรถกถาอภินิวาสสูตร,476,477,2,Atinivāsasuttādivaṇṇanā,459,460,2
36,Mp-v,อรรถกถาปฐมกุลุปกสูตร,478,480,3,Kulūpakasuttādivaṇṇanā,461,462,2
36,Mp-v,อรรถกถาภัตตสูตร,481,482,2,Ussūrabhattasuttavaṇṇanā,463,465,3
36,Mp-v,อรรถกถาปฐมสัปปสูตร,483,483,1,Paṭhamakaṇhasappasuttavaṇṇanā,466,467,2
36,Mp-v,อรรถกถาทุติยสัปปสูตร,484,485,2,Dutiyakaṇhasappasuttavaṇṇanā,468,471,4
36,Mp-v,อรรถกถาอาวาสิกสูตร,486,487,2,Āvāsikasuttavaṇṇanā,472,473,2
36,Mp-v,อรรถกถาโสภณสูตร,488,488,1,Sobhanasuttavaṇṇanā,474,475,2
36,Mp-v,อรรถกถาพหุปการสูตร,489,489,1,Bahūpakārasuttavaṇṇanā,476,477,2
36,Mp-v,อรรถกถาอนุกัมปกสูตร,490,491,2,Anukampasuttavaṇṇanā,478,479,2
36,Mp-v,อรรถกถายถาภตเคธสูตร,492,495,4,Dutiyaavaṇṇārahasuttavaṇṇanā,480,483,4
36,Mp-v,อรรถกถาทุจริตสูตร,496,500,5,Paṭhamaduccaritasuttavaṇṇanā,484,487,4
36,Mp-v,อรรถกถาสีวถิกาสูตร,501,502,2,Sivathikasuttavaṇṇanā,488,489,2
36,Mp-v,อรรถกถาปุคคลปสาทสูตร,503,,,Puggalappasādasuttavaṇṇanā,490,,
37,A-vii,ธนวรรคที่ ๑,1,3,3,1. Dhanavaggo,5,9,5
37,A-vii,๒. อัปปิยสูตร,4,4,1,2. Dutiyapiyasuttaṃ,10,12,3
37,A-vii,๓. ปฐมพลสูตร,5,6,2,3. Saṃkhittabalasuttaṃ,13,19,7
37,A-vii,๔. ทุติยพลสูตร,7,9,3,4. Vitthatabalasuttaṃ,20,33,14
37,A-vii,๕. ปฐมธนสูตร,10,10,1,5. Saṃkhittadhanasuttaṃ,34,41,8
37,A-vii,๖. ทุติยธนสูตร,11,13,3,6. Vitthatadhanasuttaṃ,42,56,15
37,A-vii,๗. อุคคสูตร,14,15,2,7. Uggasuttaṃ,57,65,9
37,A-vii,๘. สังโยชนสูตร,16,16,1,8. Saṃyojanasuttaṃ,66,67,2
37,A-vii,๙. ปหาสูตร,17,17,1,9. Pahānasuttaṃ,68,69,2
37,A-vii,๑๐. มัจฉริยสูตร,18,18,1,10. Macchariyasuttaṃ,70,75,6
37,A-vii,อนุสยวรรคที่ ๒,19,18,0,2. Anusayavaggo,76,76,1
37,A-vii,๑. ปฐมอนุสยสูตร,19,19,1,1. Paṭhamaanusayasuttaṃ,77,78,2
37,A-vii,๒. ทติยอนุสยสูตร,20,20,1,2. Dutiyaanusayasuttaṃ,79,81,3
37,A-vii,๓. กุลสูตร,21,22,2,3. Kulasuttaṃ,82,84,3
37,A-vii,๔. ปุคคสูตร,23,26,4,4. Puggalasuttaṃ,85,86,2
37,A-vii,๕. อุทกูปมสูตร,27,30,4,5. Udakūpamāsuttaṃ,87,96,10
37,A-vii,๖. อนิจจสูตร,31,35,5,6. Aniccānupassīsuttaṃ,97,100,4
37,A-vii,๗. ทุกขสูตร,36,36,1,7. Dukkhānupassīsuttaṃ,101,102,2
37,A-vii,๘. อนัตตสูตร,37,37,1,8. Anattānupassīsuttaṃ,103,104,2
37,A-vii,๙. นิพพานสูตร,38,40,3,9. Nibbānasuttaṃ,105,108,4
37,A-vii,๑๐. นิททสวัตถุสูตร,41,42,2,10. Niddasavatthusuttaṃ,109,114,6
37,A-vii,วัชชีวรรคที่ ๓,43,42,0,3. Vajjisattakavaggo,115,115,1
37,A-vii,๑. สารันททสูตร,43,52,10,1. Sārandadasuttaṃ,116,125,10
37,A-vii,๒. วัสดการสูตร,53,84,32,2. Vassakārasuttaṃ,126,208,83
37,A-vii,เทวตาวรรคที่ ๔,85,104,20,4. Devatāvaggo,209,274,66
37,A-vii,มหายัญญวรรคที่ ๕,105,156,52,5. Mahāyaññavaggo,275,367,93
37,A-vii,อัพยากตวรรคที่ ๑,157,211,55,6. Abyākatavaggo,368,553,186
37,A-vii,มหาวรรคที่ ๗,212,282,71,7. Mahāvaggo,554,705,152
37,A-vii,วินัยธรวรรคที่ ๘,283,,,8. Vinayavaggo,706,,
37,Mp-vii,๗. อุคคสูตร,14,15,2,Uggasuttavaṇṇanā,797,798,2
37,Mp-vii,๘. สังโยชนสูตร,16,20,5,Saṃyojanasuttavaṇṇanā,799,802,4
37,Mp-vii,๓. กุลสูตร,21,22,2,Kulasuttavaṇṇanā,803,804,2
37,Mp-vii,๔. ปุคคสูตร,23,26,4,Puggalasuttavaṇṇanā,805,811,7
37,Mp-vii,๕. อุทกูปมสูตร,27,30,4,Udakūpamāsuttavaṇṇanā,812,813,2
37,Mp-vii,๖. อนิจจสูตร,31,35,5,Aniccānupassīsuttavaṇṇanā,814,817,4
37,Mp-vii,๗. ทุกขสูตร,36,40,5,Dukkhānupassīsuttādivaṇṇanā,818,819,2
37,Mp-vii,๑๐. นิททสวัตถุสูตร,41,44,4,Niddasavatthusuttavaṇṇanā,820,824,5
37,Mp-vii,๑. สารันททสูตร,45,58,14,Sārandadasuttavaṇṇanā,825,833,9
37,Mp-vii,๒. วัสดการสูตร,59,76,18,Vassakārasuttavaṇṇanā,834,857,24
37,Mp-vii,๗. สัญญาสูตร,77,78,2,Saññāsuttavaṇṇanā,858,859,2
37,Mp-vii,๘. เสขสูตร,79,80,2,Paṭhamaparihānisuttavaṇṇanā,860,861,2
37,Mp-vii,๙. หานิสูตร,81,91,11,Dutiyaparihānisuttavaṇṇanā,862,865,4
37,Mp-vii,๕. ปฐมสขาสูตร,92,93,2,Paṭhamamittasuttavaṇṇanā,866,867,2
37,Mp-vii,๖. ทุติยสขาสูตร,94,95,2,Dutiyamittasuttavaṇṇanā,868,869,2
37,Mp-vii,๗. ปฐมปฏิสัมภิทาสูตร,96,110,15,Paṭhamapaṭisambhidāsuttavaṇṇanā,870,881,12
37,Mp-vii,๓. ปฐมอัคคิสูตร,111,112,2,Paṭhamaaggisuttavaṇṇanā,882,883,2
37,Mp-vii,๔. ทุติยอัคคิสูตร,113,119,7,Dutiyaaggisuttavaṇṇanā,884,886,3
37,Mp-vii,๕. ปฐมสัญญาสูตร,120,133,14,Saññāsuttadvayavaṇṇanā,887,888,2
37,Mp-vii,๗. เมถุนสูตร,134,137,4,Methunasuttavaṇṇanā,889,890,2
37,Mp-vii,๘. สังโยคสูตร,138,143,6,Saṃyogasuttavaṇṇanā,891,892,2
37,Mp-vii,๙. ทานสูตร,144,150,7,Dānamahapphalasuttavaṇṇanā,893,894,2
37,Mp-vii,๑๐. มาตาสูตร,151,158,8,Nandamātāsuttavaṇṇanā,895,904,10
37,Mp-vii,๑. อัพยากตสูตร,159,163,5,Abyākatasuttavaṇṇanā,905,906,2
37,Mp-vii,๒. ปุริสคติสูตร,164,176,13,Purisagatisuttavaṇṇanā,907,911,5
37,Mp-vii,๔. สีหสูตร,177,179,3,Sīhasenāpatisuttavaṇṇanā,912,913,2
37,Mp-vii,๕. รักขิตสูตร,180,196,17,Arakkheyyasuttavaṇṇanā,914,923,10
37,Mp-vii,๑๐. ภริยาสูตร,197,207,11,Bhariyāsuttavaṇṇanā,924,926,3
37,Mp-vii,๑๑. โกธนาสูตร,208,212,5,Kodhanasuttavaṇṇanā,927,933,7
37,Mp-vii,๑. หิริสูตร,213,218,6,Hiriottappasuttavaṇṇanā,934,935,2
37,Mp-vii,๒. สุริยสูตร,219,239,21,Sattasūriyasuttavaṇṇanā,936,947,12
37,Mp-vii,๔. ธัมมัญญูสูตร,240,243,4,Dhammaññūsuttavaṇṇanā,948,949,2
37,Mp-vii,๕. ปาริฉัตตกสูตร,244,250,7,Pāricchattakasuttavaṇṇanā,950,953,4
37,Mp-vii,๖. สักกัจจสูตร,251,253,3,Sakkaccasuttavaṇṇanā,954,955,2
37,Mp-vii,๗. ภาวนาสูตร,254,268,15,Bhāvanāsuttavaṇṇanā,956,965,10
37,Mp-vii,๘. อัคคิขันธูปมสูตร,269,275,7,Aggikkhandhopamasuttavaṇṇanā,966,967,2
37,Mp-vii,๑๐. อรกานุสาสนีสูตร,276,282,7,Arakasuttavaṇṇanā,968,971,4
37,Mp-vii,๑. ปฐมวินัยธรสูตร,283,282,0,Paṭhamavinayadharasuttavaṇṇanā,972,973,2
37,Mp-vii,๒. ทุติยวินัยธรสูตร,283,283,1,Dutiyavinayadharasuttavaṇṇanā,974,975,2
37,Mp-vii,๓. ตติยวินัยธรสูตร,284,283,0,Tatiyavinayadharasuttavaṇṇanā,976,977,2
37,Mp-vii,๙. สัตถุสาสนสูตร,284,284,1,Satthusāsanasuttavaṇṇanā,978,979,2
37,Mp-vii,๑๐. อธิการณสมถสูตร,285,,,Adhikaraṇasamathasuttavaṇṇanā,980,,
38,A-x,๑. กิมัตถิยสูตร,1,18,18,1. Kimatthiyasuttaṃ,6,46,41
38,A-x,๑๐. วิชชยสูตร,19,167,149,10. Vijjāsuttaṃ,47,386,340
38,A-x,๑. สจิตตสูตร,168,211,44,1. Sacittasuttaṃ,387,507,121
38,A-x,๘. ทุติยนฬกปานสูตร,212,252,41,8. Dutiyanaḷakapānasuttaṃ,508,630,123
38,A-x,๑๐. อาฆาตปฏิวินยสูตร,253,254,2,10. Āghātapaṭivinayasuttaṃ,631,637,7
38,A-x,๑. วาหุนสูตร,255,398,144,1. Vāhanasuttaṃ,638,1191,554
38,A-x,๓. สัทธรรมสูตร,399,,,3. Saddhammasuttaṃ,1192,,
38,Mp-x,๑. กิมัตถิยสูตร,1,3,3,Kimatthiyasuttavaṇṇanā,412,413,2
38,Mp-x,ว่าด้วยผู้มีศีลสมบูรณ์ไม่ต้องตั้งเจตนาให้เกิดอวิปปฏิสาร,4,89,86,Cetanākaraṇīyasuttavaṇṇanā,414,480,67
38,Mp-x,อรรถกถากาลีสูตรที่ ๖,90,135,46,Kāḷīsuttavaṇṇanā,481,523,43
38,Mp-x,อรรถกถาอุปาลิสังฆเภทสูตรที่ ๗,136,139,4,Saṅghabhedasuttavaṇṇanā,524,525,2
38,Mp-x,อรรถกถาอานันทสังฆสามัคคีสูตรที่ ๑๐,140,167,28,Ānandasuttadvayavaṇṇanā,526,549,24
38,Mp-x,๑. สจิตตสูตร,168,232,65,Sacittasuttādivaṇṇanā,550,582,33
38,Mp-x,อรรถกถาอิฏฐสูตรที่ ๓,233,252,20,Iṭṭhadhammasuttādivaṇṇanā,583,590,8
38,Mp-x,๑๐. อาฆาตปฏิวินยสูตร,253,254,2,Āghātavatthusuttavaṇṇanā,591,594,4
38,Mp-x,๑. วาหุนสูตร,255,309,55,Vāhanasuttādivaṇṇanā,595,622,28
38,Mp-x,อรรถกถาวัชชิยสูตรที่ ๔,310,,,Vajjiyamāhitasuttavaṇṇanā,623,,
39,Khp,ชี้แจงเรื่องสรณคมน์และผู้ถึงสรณคมน์,10,27,18,1. Saraṇattayaṃ,4,14,11
39,Khp,พรรณนา ๕ สิกขาบทข้างต้น,28,69,42,2. Dasasikkhāpadaṃ,15,26,12
39,Khp,กิโลมกํ พังผืด,70,180,111,3. Dvattiṃsākāro,27,47,21
39,Khp,พรรณนาคาถาว่า ปฏิรูปเทสวาโส จ,181,277,97,5. Maṅgalasuttaṃ,48,152,105
39,Khp,อรรถกถาติโตกุฑฑสูตร,278,304,27,7. Tirokuṭṭasuttaṃ,153,192,40
39,Khp,เหตุเกิดพระสูตร,305,327,23,8. Nidhikaṇḍasuttaṃ,193,243,51
39,Khp,เมตตสูตร,328,,,9. Mettasuttaṃ,244,,
39,Pj-i,ชี้แจงเรื่องสรณคมน์และผู้ถึงสรณคมน์,10,27,18,Saraṇagamanagamakavibhāvanā,61,120,60
39,Pj-i,พรรณนา ๕ สิกขาบทข้างต้น,28,180,153,Purimapañcasikkhāpadavaṇṇanā,121,611,491
39,Pj-i,พรรณนาคาถาว่า ปฏิรูปเทสวาโส จ,181,183,3,Patirūpadesavāsocātigāthāvaṇṇanā,612,621,10
39,Pj-i,พรรณนาคาถาว่า พาหุสจฺจญฺจ,184,186,3,Bāhusaccañcātigāthāvaṇṇanā,622,640,19
39,Pj-i,พรรณนาคาถาว่า มาตาปิตุอุปฏฺ€านํ,187,191,5,Mātāpituupaṭṭhānantigāthāvaṇṇanā,641,669,29
39,Pj-i,พรรณนาคาถาว่า ทานญฺจ,192,194,3,Dānañcātigāthāvaṇṇanā,670,684,15
39,Pj-i,พรรณนาคาถาว่า อารตี,195,196,2,Āratītigāthāvaṇṇanā,685,694,10
39,Pj-i,พรรณนาคาถาว่า คารโว จ,197,203,7,Gāravocātigāthāvaṇṇanā,695,716,22
39,Pj-i,พรรณนาคาถาว่า ขนตี จ,204,207,4,Khantīcātigāthāvaṇṇanā,717,746,30
39,Pj-i,พรรณนาคาถาว่า ตโป จ,208,209,2,Tapocātigāthāvaṇṇanā,747,754,8
39,Pj-i,พรรณนาคาถาว่า ผุฏฺ€สฺส โลกธมฺเมหิ,210,211,2,Phuṭṭhassalokadhammehītigāthāvaṇṇanā,755,765,11
39,Pj-i,พรรณนาคาถาว่า เอตาทิสานิ,212,221,10,Etādisānītigāthāvaṇṇanā,766,789,24
39,Pj-i,การนิมนต์พระผู้มีพระภาคเจ้า,222,227,6,Bhagavato nimantanaṃ,790,801,12
39,Pj-i,พรรณนาคาถาว่า ยานีธ,228,229,2,Yānīdhātigāthāvaṇṇanā,802,807,6
39,Pj-i,พรรณนาคาถาว่า ตสฺมา หิ,230,247,18,Tasmā hītigāthāvaṇṇanā,808,854,47
39,Pj-i,พรรณนาคาถาว่า ยมฺพุทฺธเสฏฺโ€,248,249,2,Yaṃ buddhaseṭṭhotigāthāvaṇṇanā,855,859,5
39,Pj-i,พรรณนาคาว่า เย ปคฺคลา,250,277,28,Ye puggalātigāthāvaṇṇanā,860,921,62
39,Pj-i,อรรถกถาติโตกุฑฑสูตร,278,277,0,Tirokuṭṭasuttavaṇṇanā,922,922,1
39,Pj-i,ประโยชน์แห่งการตั้งพระสูตร,278,277,0,Nikkhepappayojanaṃ,923,926,4
39,Pj-i,กถาอนุโมทนา,278,304,27,Anumodanākathā,927,1026,100
39,Pj-i,เหตุเกิดพระสูตร,305,305,1,Suttaṭṭhuppatti,1027,1031,5
39,Pj-i,พรรณนาคาถาที่ ๑,306,329,24,Paṭhamagāthāvaṇṇanā,1032,1129,98
39,Pj-i,อรรถกถาเมตตสูตร,330,329,0,Mettasuttavaṇṇanā,1130,1130,1
39,Pj-i,ประโยชน์ของการตั้งสูตร,330,345,16,Nikkhepappayojanaṃ,1131,1178,48
39,Pj-i,พรรณนาคาถาที่ ๔,346,350,5,Catutthagāthāvaṇṇanā,1179,1191,13
39,Pj-i,พรรณนาคาถาที่ ๗,351,,,Sattamagāthāvaṇṇanā,1192,,
4,Sp-ii,มุสาวาทสิขาบทที่ ๑,1,127,127,1. Musāvādasikkhāpadavaṇṇanā,6,17,12
4,Sp-ii,โอมลวาทสิกขาบทที่ ๒,128,152,25,2. Omasavādasikkhāpadavaṇṇanā,18,29,12
4,Sp-ii,เปสุญญาวาทสิกขาบทที่ ๓,153,157,5,3. Pesuññasikkhāpadavaṇṇanā,30,35,6
4,Sp-ii,ปทโสธัมมสิกขาบทที่ ๔,158,168,11,4. Padasodhammasikkhāpadavaṇṇanā,36,46,11
4,Sp-ii,สหเสยยสิกขาบทที่ ๕,169,183,15,5. Sahaseyyasikkhāpadavaṇṇanā,47,63,17
4,Sp-ii,ทุติยสหเสยยสิกขาบทที่ ๖,184,191,8,6. Dutiyasahaseyyasikkhāpadavaṇṇanā,64,66,3
4,Sp-ii,ธรรมเทศนาสิกขาบทที่ ๗,192,243,52,7. Dhammadesanāsikkhāpadavaṇṇanā,67,71,5
4,Sp-ii,ภูตาโรจนสิกขาบทที่ ๘,244,250,7,8. Bhūtārocanasikkhāpadavaṇṇanā,72,77,6
4,Sp-ii,ทุฏฐุลลาโรจนสิขาบทที่ ๙,251,257,7,9. Duṭṭhullārocanasikkhāpadavaṇṇanā,78,85,8
4,Sp-ii,ปฐวีขนนสิกขาบทที่ ๑๐,258,268,11,10. Pathavīkhaṇanasikkhāpadavaṇṇanā,86,101,16
4,Sp-ii,ภูตคามสิกขาบทที่ ๑,269,291,23,1. Bhūtagāmasikkhāpadavaṇṇanā,102,129,28
4,Sp-ii,อัญญวาทสิกขาบทที่ ๒,292,299,8,2. Aññavādakasikkhāpadavaṇṇanā,130,138,9
4,Sp-ii,อุปฌาปนสิกขาบทที่ ๓,300,307,8,3. Ujjhāpanakasikkhāpadavaṇṇanā,139,145,7
4,Sp-ii,ปฐมเสนาสนสิกขาบทที่ ๔,308,320,13,4. Paṭhamasenāsanasikkhāpadavaṇṇanā,146,160,15
4,Sp-ii,ทุติยเสนาสนสิกขาบทที่ ๕,321,328,8,5. Dutiyasenāsanasikkhāpadavaṇṇanā,161,168,8
4,Sp-ii,อนูปขัชชสิกขาบทที่ ๖,329,335,7,6. Anupakhajjasikkhāpadavaṇṇanā,169,176,8
4,Sp-ii,นิกัฑฒนสิกขาบทที่ ๗,336,340,5,7. Nikkaḍḍhanasikkhāpadavaṇṇanā,177,184,8
4,Sp-ii,เวหาสกุฎีสิกขาบทที่ ๘,341,345,5,8. Vehāsakuṭisikkhāpadavaṇṇanā,185,189,5
4,Sp-ii,มหัลลกวิหารสิกขาบทที่ ๙,346,352,7,9. Mahallakavihārasikkhāpadavaṇṇanā,190,198,9
4,Sp-ii,สัปปาณกสิกขาบทที่ ๑๐,353,368,16,10. Sappāṇakasikkhāpadavaṇṇanā,199,205,7
4,Sp-ii,โอวาทสิกขาบทที่ ๑,369,397,29,1. Ovādasikkhāpadavaṇṇanā,206,265,60
4,Sp-ii,อัตถังคตสิกขาบทที่ ๒,398,405,8,2. Atthaṅgatasikkhāpadavaṇṇanā,266,274,9
4,Sp-ii,ภิกขุนีอุปสสยสิกขาบทที่ ๓,406,410,5,3. Bhikkhunupassayasikkhāpadavaṇṇanā,275,280,6
4,Sp-ii,อามิสสิกขาบทที่ ๔,411,415,5,4. Āmisasikkhāpadavaṇṇanā,281,285,5
4,Sp-ii,จีวรทานสิกขาบทที่ ๕,416,419,4,5. Cīvaradānasikkhāpadavaṇṇanā,286,288,3
4,Sp-ii,จีวรสิพพนสิกขาบทที่ ๖,420,426,7,6. Cīvarasibbanasikkhāpadavaṇṇanā,289,294,6
4,Sp-ii,สังวิธานสิกขาบทที่ ๗,427,434,8,7. Saṃvidhānasikkhāpadavaṇṇanā,295,303,9
4,Sp-ii,นาวาภิรุหนสิกขาบทที่ ๘,435,441,7,8. Nāvābhiruhanasikkhāpadavaṇṇanā,304,308,5
4,Sp-ii,ปริปาจนสิกขาบทที่ ๙,442,446,5,9. Paripācitasikkhāpadavaṇṇanā,309,314,6
4,Sp-ii,รโหนิสัชชสิกขาบทที่ ๑๐,447,452,6,10. Rahonisajjasikkhāpadavaṇṇanā,315,319,5
4,Sp-ii,อาวสถปิณฑสิกขาบทที่ ๑,453,466,14,1. Āvasathapiṇḍasikkhāpadavaṇṇanā,320,325,6
4,Sp-ii,คณโภชนสิกขาบทที่ ๒,467,484,18,2. Gaṇabhojanasikkhāpadavaṇṇanā,326,346,21
4,Sp-ii,ปรัมปรโภชนสิกขาบทที่ ๓,485,493,9,3. Paramparabhojanasikkhāpadavaṇṇanā,347,356,10
4,Sp-ii,กาณมาตาสิกขาบทที่ ๔,494,502,9,4. Kāṇamātāsikkhāpadavaṇṇanā,357,365,9
4,Sp-ii,ปฐมปวารณาสิกขาบทที่ ๕,503,524,22,5. Paṭhamapavāraṇasikkhāpadavaṇṇanā,366,394,29
4,Sp-ii,ทุติยปวารณาสิกขาบทที่ ๖,525,529,5,6. Dutiyapavāraṇasikkhāpadavaṇṇanā,395,400,6
4,Sp-ii,วิกาลโภชนาสิกขาบทที่ ๗,530,542,13,7. Vikālabhojanasikkhāpadavaṇṇanā,401,430,30
4,Sp-ii,สันนิธิการสิกขาบทที่ ๘,543,550,8,8. Sannidhikārakasikkhāpadavaṇṇanā,431,440,10
4,Sp-ii,ปณีตโภชนสิกขาบทที่ ๙,551,558,8,9. Paṇītabhojanasikkhāpadavaṇṇanā,441,456,16
4,Sp-ii,ทันตโปณสิกขาบทที่ ๑๐,559,582,24,10. Dantaponasikkhāpadavaṇṇanā,457,512,56
4,Sp-ii,อเจลกสิกขาบทที่ ๑,583,586,4,1. Acelakasikkhāpadavaṇṇanā,513,517,5
4,Sp-ii,อุยโยชนสิกขาบทที่ ๒,587,591,5,2. Uyyojanasikkhāpadavaṇṇanā,518,523,6
4,Sp-ii,สโภชนสิกขาบทที่ ๓,592,606,15,3. Sabhojanasikkhāpadavaṇṇanā,524,530,7
4,Sp-ii,จาริตสิกขาบทที่ ๖,607,614,8,6. Cārittasikkhāpadavaṇṇanā,531,537,7
4,Sp-ii,มหานามสิกขาบทที่ ๗,615,619,5,7. Mahānāmasikkhāpadavaṇṇanā,538,543,6
4,Sp-ii,อุยยุตตสิกขาบทที่ ๘,620,623,4,8. Uyyuttasenāsikkhāpadavaṇṇanā,544,549,6
4,Sp-ii,เสนาวาสสิกขาบทที่ ๙,624,627,4,9. Senāvāsasikkhāpadavaṇṇanā,550,552,3
4,Sp-ii,อุยโยธิกสิกขาบทที่ ๑๐,628,634,7,10. Uyyodhikasikkhāpadavaṇṇanā,553,557,5
4,Sp-ii,สุราปานสิกขาบทที่ ๑,635,639,5,1. Surāpānasikkhāpadavaṇṇanā,558,562,5
4,Sp-ii,อังคุลีปโฏทกสิกขาบทที่ ๒,640,643,4,2. Aṅgulipatodakasikkhāpadavaṇṇanā,563,566,4
4,Sp-ii,หัสสธรรมสิกขาบทที่ ๓,644,648,5,3. Hasadhammasikkhāpadavaṇṇanā,567,572,6
4,Sp-ii,อนาทริยสิกขาบทที่ ๔,649,651,3,4. Anādariyasikkhāpadavaṇṇanā,573,577,5
4,Sp-ii,ภิงสาปนสิกขาบทที่ ๕,652,656,5,5. Bhiṃsāpanasikkhāpadavaṇṇanā,578,580,3
4,Sp-ii,โชตสมาทหนสิกขาบทที่ ๖,657,665,9,6. Jotisikkhāpadavaṇṇanā,581,586,6
4,Sp-ii,นหานสิกขาบทที่ ๗,666,669,4,7. Nahānasikkhāpadavaṇṇanā,587,590,4
4,Sp-ii,ทุพพัณณกรณสิกขาบทที่ ๘,670,674,5,8. Dubbaṇṇakaraṇasikkhāpadavaṇṇanā,591,594,4
4,Sp-ii,วิกัปปนสิกขาบทที่ ๙,675,679,5,9. Vikappanasikkhāpadavaṇṇanā,595,597,3
4,Sp-ii,จีวราปนิธานสิกขาบทที่ ๑๐,680,682,3,10. Cīvarāpanidhānasikkhāpadavaṇṇanā,598,602,5
4,Sp-ii,สัญจิจจปานสิกขาบทที่ ๑,683,684,2,1. Sañciccapāṇasikkhāpadavaṇṇanā,603,606,4
4,Sp-ii,สัปปาณกสิกขาบทที่ ๒,685,690,6,2. Sappāṇakasikkhāpadavaṇṇanā,607,611,5
4,Sp-ii,อุกโกฏนสิกขาบทที่ ๓,691,695,5,3. Ukkoṭanasikkhāpadavaṇṇanā,612,616,5
4,Sp-ii,ทุฏฐุลลสิกขาบทที่ ๔,696,701,6,4. Duṭṭhullasikkhāpadavaṇṇanā,617,620,4
4,Sp-ii,อูนวีสติวัสสสิกขาบทที่ ๕,702,708,7,5. Ūnavīsativassasikkhāpadavaṇṇanā,621,630,10
4,Sp-ii,เถยยสัตตถสิกขาบทที่ ๖,709,712,4,6. Theyyasatthasikkhāpadavaṇṇanā,631,635,5
4,Sp-ii,สังวิธานสิกขาบทที่ ๗,713,720,8,7. Saṃvidhānasikkhāpadavaṇṇanā,636,638,3
4,Sp-ii,อริฏฐสิกขาบทที่ ๘,721,726,6,8. Ariṭṭhasikkhāpadavaṇṇanā,639,645,7
4,Sp-ii,อุกขิตตสัมโภคสิกขาบทที่ ๙,727,736,10,9. Ukkhittasambhogasikkhāpadavaṇṇanā,646,649,4
4,Sp-ii,กัณฑกสิกขาบทที่ ๑๐,737,742,6,10. Kaṇṭakasikkhāpadavaṇṇanā,650,655,6
4,Sp-ii,สหธรรมิกสิกขาบทที่ ๑,743,764,22,1. Sahadhammikasikkhāpadavaṇṇanā,656,698,43
4,Sp-ii,ปหารสิกขาบทที่ ๔,765,768,4,4. Pahārasikkhāpadavaṇṇanā,699,704,6
4,Sp-ii,ตลสัตติกสิกขาบทที่ ๕,769,780,12,5. Talasattikasikkhāpadavaṇṇanā,705,716,12
4,Sp-ii,อุปัสสุติกสิกขาบทที่ ๘,781,784,4,8. Upassutisikkhāpadavaṇṇanā,717,721,5
4,Sp-ii,กัมมปฏิพาหนสิกขาบทที่ ๙,785,789,5,9. Kammapaṭibāhanasikkhāpadavaṇṇanā,722,724,3
4,Sp-ii,ฉันทังอทัตวาคมนสิกขาบทที่ ๑๐,790,798,9,10. Chandaṃadatvāgamanasikkhāpadavaṇṇanā,725,732,8
4,Sp-ii,ปริณามนสิกขาบทที่ ๑๒,799,807,9,12. Pariṇāmanasikkhāpadavaṇṇanā,733,738,6
4,Sp-ii,อันเตปุรสิกขาบทที่ ๑,808,815,8,1. Antepurasikkhāpadavaṇṇanā,739,744,6
4,Sp-ii,รัตนสิกขาบทที่ ๒,816,824,9,2. Ratanasikkhāpadavaṇṇanā,745,754,10
4,Sp-ii,วิกาเลคามัปปเวสนสิกขาบทที่ ๓,825,829,5,3. Vikālagāmappavisanasikkhāpadavaṇṇanā,755,761,7
4,Sp-ii,สูจิฆรสิกขาบทที่ ๔,830,839,10,4. Sūcigharasikkhāpadavaṇṇanā,762,771,10
4,Sp-ii,นิสีทนสิกขาบทที่ ๗,840,847,8,7. Nisīdanasikkhāpadavaṇṇanā,772,778,7
4,Sp-ii,วัสสิกสาฏิกสิกขาบทที่ ๙,848,851,4,9. Vassikasāṭikasikkhāpadavaṇṇanā,779,781,3
4,Sp-ii,นันทเถรสิกขาบทที่ ๑๐,852,852,1,10. Nandattherasikkhāpadavaṇṇanā,782,790,9
4,Sp-ii,ปาฏิเทสนียะ สิกขาบทที่ ๑,853,862,10,1. Paṭhamapāṭidesanīyasikkhāpadavaṇṇanā,791,799,9
4,Sp-ii,ปาฏิเทสนียะ สิกขาบทที่ ๒,863,870,8,2. Dutiyapāṭidesanīyasikkhāpadavaṇṇanā,800,803,4
4,Sp-ii,ปาฏิเทสนียสิกขาบทที่ ๓,871,877,7,3. Tatiyapāṭidesanīyasikkhāpadavaṇṇanā,804,807,4
4,Sp-ii,ปาฏิเทสนียสิกขาบทที่ ๔,878,,,4. Catutthapāṭidesanīyasikkhāpadavaṇṇanā,808,,
4,Vin-ii,๑. มุสาวาทวรรค สิกขาบทที่ ๑,1,127,127,1. Musāvādasikkhāpadaṃ,6,34,29
4,Vin-ii,๒. โอมลวาทสิกขาบทที่ ๒,128,152,25,2. Omasavādasikkhāpadaṃ,35,119,85
4,Vin-ii,๓. เปสุญญาวาทสิกขาบทที่ ๓,153,157,5,3. Pesuññasikkhāpadaṃ,120,158,39
4,Vin-ii,๔. ปทโสธัมมสิกขาบทที่ ๔,158,168,11,4. Padasodhammasikkhāpadaṃ,159,172,14
4,Vin-ii,๕. สหเสยยสิกขาบทที่ ๕,169,183,15,5. Sahaseyyasikkhāpadaṃ,173,188,16
4,Vin-ii,๖. ทุติยสหเสยยสิกขาบทที่ ๖,184,191,8,6. Dutiyasahaseyyasikkhāpadaṃ,189,202,14
4,Vin-ii,๗. ธรรมเทศนาสิกขาบทที่ ๗,192,243,52,7. Dhammadesanāsikkhāpadaṃ,203,224,22
4,Vin-ii,๘. ภูตาโรจนสิกขาบทที่ ๘,244,250,7,8. Bhūtārocanasikkhāpadaṃ,225,300,76
4,Vin-ii,๙. ทุฏฐุลลาโรจนสิขาบทที่ ๙,251,257,7,9. Duṭṭhullārocanasikkhāpadaṃ,301,326,26
4,Vin-ii,๑๐. ปฐวีขนนสิกขาบทที่ ๑๐,258,265,8,10. Pathavīkhaṇanasikkhāpadaṃ,327,346,20
4,Vin-ii,ภูตคามวรรค สิกขาบทที่ ๑,266,291,26,1. Bhūtagāmasikkhāpadaṃ,347,359,13
4,Vin-ii,อัญญวาทสิกขาบทที่ ๒,292,299,8,2. Aññavādakasikkhāpadaṃ,360,379,20
4,Vin-ii,อุปฌาปนสิกขาบทที่ ๓,300,307,8,3. Ujjhāpanakasikkhāpadaṃ,380,389,10
4,Vin-ii,ปฐมเสนาสนสิกขาบทที่ ๔,308,320,13,4. Paṭhamasenāsanasikkhāpadaṃ,390,409,20
4,Vin-ii,ทุติยเสนาสนสิกขาบทที่ ๕,321,328,8,5. Dutiyasenāsanasikkhāpadaṃ,410,424,15
4,Vin-ii,อนูปขัชชสิกขาบทที่ ๖,329,335,7,6. Anupakhajjasikkhāpadaṃ,425,437,13
4,Vin-ii,นิกัฑฒนสิกขาบทที่ ๗,336,340,5,7. Nikkaḍḍhanasikkhāpadaṃ,438,452,15
4,Vin-ii,เวหาสกุฎีสิกขาบทที่ ๘,341,345,5,8. Vehāsakuṭisikkhāpadaṃ,453,465,13
4,Vin-ii,มหัลลกวิหารสิกขาบทที่ ๙,346,352,7,9. Mahallakavihārasikkhāpadaṃ,466,480,15
4,Vin-ii,สัปปาณกสิกขาบทที่ ๑๐,353,368,16,10. Sappāṇakasikkhāpadaṃ,481,495,15
4,Vin-ii,โอวาทสิกขาบทที่ ๑,369,397,29,1. Ovādasikkhāpadaṃ,496,529,34
4,Vin-ii,อัตถังคตสิกขาบทที่ ๒,398,405,8,2. Atthaṅgatasikkhāpadaṃ,530,544,15
4,Vin-ii,ภิกขุนีอุปสสยสิกขาบทที่ ๓,406,410,5,3. Bhikkhunupassayasikkhāpadaṃ,545,561,17
4,Vin-ii,อามิสสิกขาบทที่ ๔,411,415,5,4. Āmisasikkhāpadaṃ,562,571,10
4,Vin-ii,จีวรทานสิกขาบทที่ ๕,416,419,4,5. Cīvaradānasikkhāpadaṃ,572,587,16
4,Vin-ii,จีวรสิพพนสิกขาบทที่ ๖,420,426,7,6. Cīvarasibbanasikkhāpadaṃ,588,601,14
4,Vin-ii,สังวิธานสิกขาบทที่ ๗,427,434,8,7. Saṃvidhānasikkhāpadaṃ,602,620,19
4,Vin-ii,นาวาภิรุหนสิกขาบทที่ ๘,435,441,7,8. Nāvābhiruhanasikkhāpadaṃ,621,639,19
4,Vin-ii,ปริปาจนสิกขาบทที่ ๙,442,446,5,9. Paripācitasikkhāpadaṃ,640,657,18
4,Vin-ii,รโหนิสัชชสิกขาบทที่ ๑๐,447,452,6,10. Rahonisajjasikkhāpadaṃ,658,676,19
4,Vin-ii,อาวสถปิณฑสิกขาบทที่ ๑,453,466,14,1. Āvasathapiṇḍasikkhāpadaṃ,677,690,14
4,Vin-ii,คณโภชนสิกขาบทที่ ๒,467,484,18,2. Gaṇabhojanasikkhāpadaṃ,691,728,38
4,Vin-ii,ปรัมปรโภชนสิกขาบทที่ ๓,485,493,9,3. Paramparabhojanasikkhāpadaṃ,729,756,28
4,Vin-ii,กาณมาตาสิกขาบทที่ ๔,494,502,9,4. Kāṇamātusikkhāpadaṃ,757,776,20
4,Vin-ii,ปฐมปวารณาสิกขาบทที่ ๕,503,524,22,5. Paṭhamapavāraṇāsikkhāpadaṃ,777,795,19
4,Vin-ii,ทุติยปวารณาสิกขาบทที่ ๖,525,529,5,6. Dutiyapavāraṇāsikkhāpadaṃ,796,812,17
4,Vin-ii,วิกาลโภชนาสิกขาบทที่ ๗,530,542,13,7. Vikālabhojanasikkhāpadaṃ,813,824,12
4,Vin-ii,สันนิธิการสิกขาบทที่ ๘,543,550,8,8. Sannidhikārakasikkhāpadaṃ,825,836,12
4,Vin-ii,ปณีตโภชนสิกขาบทที่ ๙,551,558,8,9. Paṇītabhojanasikkhāpadaṃ,837,860,24
4,Vin-ii,ทันตโปณสิกขาบทที่ ๑๐,559,582,24,10. Dantaponasikkhāpadaṃ,861,881,21
4,Vin-ii,อเจลกสิกขาบทที่ ๑,583,586,4,1. Acelakasikkhāpadaṃ,882,896,15
4,Vin-ii,อุยโยชนสิกขาบทที่ ๒,587,591,5,2. Uyyojanasikkhāpadaṃ,897,910,14
4,Vin-ii,สโภชนสิกขาบทที่ ๓,592,606,15,3. Sabhojanasikkhāpadaṃ,911,948,38
4,Vin-ii,จาริตสิกขาบทที่ ๖,607,614,8,6. Cārittasikkhāpadaṃ,949,981,33
4,Vin-ii,มหานามสิกขาบทที่ ๗,615,619,5,7. Mahānāmasikkhāpadaṃ,982,998,17
4,Vin-ii,อุยยุตตสิกขาบทที่ ๘,620,623,4,8. Uyyuttasenāsikkhāpadaṃ,999,1012,14
4,Vin-ii,เสนาวาสสิกขาบทที่ ๙,624,627,4,9. Senāvāsasikkhāpadaṃ,1013,1022,10
4,Vin-ii,อุยโยธิกสิกขาบทที่ ๑๐,628,634,7,10. Uyyodhikasikkhāpadaṃ,1023,1038,16
4,Vin-ii,สุราปานสิกขาบทที่ ๑,635,639,5,1. Surāpānasikkhāpadaṃ,1039,1051,13
4,Vin-ii,อังคุลีปโฏทกสิกขาบทที่ ๒,640,643,4,2. Aṅgulipatodakasikkhāpadaṃ,1052,1059,8
4,Vin-ii,หัสสธรรมสิกขาบทที่ ๓,644,648,5,3. Hasadhammasikkhāpadaṃ,1060,1068,9
4,Vin-ii,อนาทริยสิกขาบทที่ ๔,649,651,3,4. Anādariyasikkhāpadaṃ,1069,1079,11
4,Vin-ii,ภิงสาปนสิกขาบทที่ ๕,652,656,5,5. Bhiṃsāpanasikkhāpadaṃ,1080,1089,10
4,Vin-ii,โชตสมาทหนสิกขาบทที่ ๖,657,665,9,6. Jotikasikkhāpadaṃ,1090,1110,21
4,Vin-ii,นหานสิกขาบทที่ ๗,666,669,4,7. Nahānasikkhāpadaṃ,1111,1141,31
4,Vin-ii,ทุพพัณณกรณสิกขาบทที่ ๘,670,674,5,8. Dubbaṇṇakaraṇasikkhāpadaṃ,1142,1155,14
4,Vin-ii,วิกัปปนสิกขาบทที่ ๙,675,679,5,9. Vikappanasikkhāpadaṃ,1156,1174,19
4,Vin-ii,จีวราปนิธานสิกขาบทที่ ๑๐,680,682,3,10. Cīvaraapanidhānasikkhāpadaṃ,1175,1196,22
4,Vin-ii,สัญจิจจปานสิกขาบทที่ ๑,683,690,8,1. Sañciccasikkhāpadaṃ,1197,1214,18
4,Vin-ii,อุกโกฏนสิกขาบทที่ ๓,691,695,5,3. Ukkoṭanasikkhāpadaṃ,1215,1225,11
4,Vin-ii,ทุฏฐุลลสิกขาบทที่ ๔,696,701,6,4. Duṭṭhullasikkhāpadaṃ,1226,1237,12
4,Vin-ii,อูนวีสติวัสสสิกขาบทที่ ๕,702,708,7,5. Ūnavīsativassasikkhāpadaṃ,1238,1249,12
4,Vin-ii,เถยยสัตตถสิกขาบทที่ ๖,709,712,4,6. Theyyasatthasikkhāpadaṃ,1250,1261,12
4,Vin-ii,สังวิธานสิกขาบทที่ ๗,713,720,8,7. Saṃvidhānasikkhāpadaṃ,1262,1273,12
4,Vin-ii,อริฏฐสิกขาบทที่ ๘,721,726,6,8. Ariṭṭhasikkhāpadaṃ,1274,1292,19
4,Vin-ii,อุกขิตตสัมโภคสิกขาบทที่ ๙,727,736,10,9. Ukkhittasambhogasikkhāpadaṃ,1293,1306,14
4,Vin-ii,กัณฑกสิกขาบทที่ ๑๐,737,742,6,10. Kaṇṭakasikkhāpadaṃ,1307,1334,28
4,Vin-ii,สหธรรมิกสิกขาบทที่ ๑,743,764,22,1. Sahadhammikasikkhāpadaṃ,1335,1377,43
4,Vin-ii,ปหารสิกขาบทที่ ๔,765,768,4,4. Pahārasikkhāpadaṃ,1378,1388,11
4,Vin-ii,ตลสัตติกสิกขาบทที่ ๕,769,780,12,5. Talasattikasikkhāpadaṃ,1389,1423,35
4,Vin-ii,อุปัสสุติกสิกขาบทที่ ๘,781,784,4,8. Upassutisikkhāpadaṃ,1424,1435,12
4,Vin-ii,กัมมปฏิพาหนสิกขาบทที่ ๙,785,789,5,9. Kammapaṭibāhanasikkhāpadaṃ,1436,1443,8
4,Vin-ii,ฉันทังอทัตวาคมนสิกขาบทที่ ๑๐,790,798,9,10. Chandaṃadatvāgamanasikkhāpadaṃ,1444,1467,24
4,Vin-ii,ปริณามนสิกขาบทที่ ๑๒,799,807,9,12. Pariṇāmanasikkhāpadaṃ,1468,1484,17
4,Vin-ii,อันเตปุรสิกขาบทที่ ๑,808,815,8,1. Antepurasikkhāpadaṃ,1485,1512,28
4,Vin-ii,รัตนสิกขาบทที่ ๒,816,824,9,2. Ratanasikkhāpadaṃ,1513,1533,21
4,Vin-ii,วิกาเลคามัปปเวสนสิกขาบทที่ ๓,825,829,5,3. Vikālagāmappavisanasikkhāpadaṃ,1534,1556,23
4,Vin-ii,สูจิฆรสิกขาบทที่ ๔,830,839,10,4. Sūcigharasikkhāpadaṃ,1557,1592,36
4,Vin-ii,นิสีทนสิกขาบทที่ ๗,840,847,8,7. Nisīdanasikkhāpadaṃ,1593,1613,21
4,Vin-ii,วัสสิกสาฏิกสิกขาบทที่ ๙,848,851,4,9. Vassikasāṭikāsikkhāpadaṃ,1614,1622,9
4,Vin-ii,นันทเถรสิกขาบทที่ ๑๐,852,852,1,10. Nandasikkhāpadaṃ,1623,1640,18
4,Vin-ii,ปาฏิเทสนียะ สิกขาบทที่ ๑,853,859,7,1. Paṭhamapāṭidesanīyasikkhāpadaṃ,1641,1656,16
4,Vin-ii,ปาฏิเทสนียะ สิกขาบทที่ ๒,860,863,4,2. Dutiyapāṭidesanīyasikkhāpadaṃ,1657,1670,14
4,Vin-ii,ปาฏิเทสนียะ สิกขาบทที่ ๓,864,871,8,3. Tatiyapāṭidesanīyasikkhāpadaṃ,1671,1697,27
4,Vin-ii,ปาฏิเทสนียะ สิกขาบทที่ ๔,872,,,4. Catutthapāṭidesanīyasikkhāpadaṃ,1698,,
40,Dhp,ข้อความเบื้องต้น (Yamakavaggo),170,386,217,1. Yamakavaggo,4,109,106
40,Dhp,ว่าด้วยการฝึกจิต (Cittavaggo),387,,,3. Cittavaggo,110,144,35
40,Dhp-a,๕. เรื่องภิกษุชาวเมืองโกสัมพี,78,107,30,5. Kosambakavatthu,258,310,53
40,Dhp-a,๗. เรื่องพระเทวทัต,108,180,73,7. Devadattavatthu,311,458,148
40,Dhp-a,๑๒. เรื่องพระเทวทัต,181,202,22,12. Devadattavatthu,459,531,73
40,Dhp-a,๑๓. เรื่องนางสุมนาเทวี,203,208,6,13. Sumanādevīvatthu,532,540,9
40,Dhp-a,๑๔. เรื่องภิกษุ ๒ สหาย,209,219,11,14. Dvesahāyakabhikkhuvatthu,541,564,24
40,Dhp-a,๑. เรื่องพระนางสามาวดี,220,417,198,1. Sāmāvatīvatthu,565,902,338
40,Dhp-a,๕. เรื่องพระจิตตหัตถเถระ,418,444,27,5. Cittahatthattheravatthu,903,960,58
40,Dhp-a,๙. เรื่องพระโสไรยเถระ,445,,,9. Soreyyattheravatthu,961,977,17
41,Dhp,ปุปผวรรคที่ ๔,1,149,149,4. Pupphavaggo,145,194,50
41,Dhp,พาลวรรคที่ ๕,150,282,133,5. Bālavaggo,195,246,52
41,Dhp,บัณฑิตวรรคที่ ๖,283,362,80,6. Paṇḍitavaggo,247,292,46
41,Dhp,อรหันตวรรคที่ ๗,363,414,52,7. Arahantavaggo,293,326,34
41,Dhp,สหัสสวรรคที่ ๘,415,,,8. Sahassavaggo,327,378,52
41,Dhp-a,ปุปผวรรคที่ ๔,1,3,3,4. Pupphavaggo,978,978,1
41,Dhp-a,๑. เรื่องภิกษุ ๕๐๐ รูปผู้ขวนขวายในปฐวีกถา,4,7,4,1. Pathavikathāpasutapañcasatabhikkhuvatthu,979,994,16
41,Dhp-a,๒. เรื่องพระเถระผู้เจริญมรีจิกัมมัฏฐาน,8,10,3,2. Marīcikammaṭṭhānikattheravatthu,995,1005,11
41,Dhp-a,๓. เรื่องพระเจ้าวิฑูฑภะ,11,42,32,3. Viṭaṭūbhavatthu,1006,1048,43
41,Dhp-a,๔. เรื่องนางปติปูชิกา,43,48,6,4. Patipūjikakumārivatthu,1049,1059,11
41,Dhp-a,๕. เรื่องโกสิยเศรษฐผู้มีความตระหนี่,49,59,11,5. Macchariyakosiyaseṭṭhivatthu,1060,1079,20
41,Dhp-a,๖. เรื่องปาฏิกาชีวก,60,65,6,6. Pāveyyakājīvakavatthu,1080,1089,10
41,Dhp-a,๗. เรื่องฉัตตปาณิอุบาสก,66,72,7,7. Chattapāṇiupāsakavatthu,1090,1103,14
41,Dhp-a,๘. เรื่องนางวิสาขา,73,115,43,8. Visākhāvatthu,1104,1171,68
41,Dhp-a,๙. เรื่องปัญหาของพระอานนทเถระ,116,120,5,9. Ānandattherapañhāvatthu,1172,1192,21
41,Dhp-a,๑๐. เรื่องถวายบิณฑบาตแก่พระมหากัสสปเถระ,121,129,9,10. Mahākassapattherapiṇḍapātadinnavatthu,1193,1216,24
41,Dhp-a,๑๑. เรื่องปรินิพพานของพระโคธิกเถระ,130,134,5,11. Godhikattheraparinibbānavatthu,1217,1246,30
41,Dhp-a,๑๒. เครื่องครหทินน์,135,149,15,12. Garahadinnavatthu,1247,1271,25
41,Dhp-a,พาลวรรคที่ ๕,150,152,3,5. Bālavaggo,1272,1272,1
41,Dhp-a,๑. เรื่องบุรุษคนใดคนหนึ่ง,153,173,21,1. Aññatarapurisavatthu,1273,1314,42
41,Dhp-a,๒. เรื่องสัทธิวิหาริกของพระมหากัสสปเถระ,174,181,8,2. Mahākassapattherasaddhivihārikavatthu,1315,1339,25
41,Dhp-a,๓. เรื่องอานนทเศรษฐี,182,186,5,3. Ānandaseṭṭhivatthu,1340,1352,13
41,Dhp-a,๔. เรื่องโจรผู้ทำลายปม,187,189,3,4. Gaṇṭhibhedakacoravatthu,1353,1361,9
41,Dhp-a,๕. เรื่องพระอุทายีเถระ,190,191,2,5. Udāyittheravatthu,1362,1370,9
41,Dhp-a,๖. เรื่องภิกษุชาวเมืองปาฐา,192,193,2,6. Tiṃsamattapāveyyakabhikkhuvatthu,1371,1379,9
41,Dhp-a,๗. เรื่องสุปปพุทธกุฏฐิ,194,198,5,7. Suppabuddhakuṭṭhivatthu,1380,1394,15
41,Dhp-a,๘. เรื่องชาวนา,199,203,5,8. Kassakavatthu,1395,1404,10
41,Dhp-a,๙. เรื่องนายสุมนมาลาการ,204,212,9,9. Sumanamālākāravatthu,1405,1422,18
41,Dhp-a,๑๐. เรื่องพระอุบลวรรณาเถรี,213,217,5,10. Uppalavaṇṇattherīvatthu,1423,1436,14
41,Dhp-a,๑๑. เรื่องชัมพุกาชีวก,218,231,14,11. Jambukattheravatthu,1437,1454,18
41,Dhp-a,๑๒. เรื่องอหิเปรต,232,238,7,12. Ahipetavatthu,1455,1472,18
41,Dhp-a,๑๓. เรื่องสัฏฐิกูฏเปรต,239,245,7,13. Saṭṭhikūṭapetavatthu,1473,1489,17
41,Dhp-a,๑๔. เรื่องพระสุธรรมเถระ,246,258,13,14. Cittagahapativatthu,1490,1513,24
41,Dhp-a,๑๕. เรื่องพระวนวาสีติสสเถระ,259,282,24,15. Vanavāsītissasāmaṇeravatthu,1514,1557,44
41,Dhp-a,บัณฑิตวรรคที่ ๖,283,285,3,6. Paṇḍitavaggo,1558,1558,1
41,Dhp-a,๑. เรื่องพระราธเถระ,286,292,7,1. Rādhattheravatthu,1559,1575,17
41,Dhp-a,๒. เรื่องภิกษุอัสสชิและปุนัพพสุกะ,293,295,3,2. Assajipunabbasukavatthu,1576,1584,9
41,Dhp-a,๓. เรื่องพระฉันนเถระ,296,298,3,3. Channattheravatthu,1585,1594,10
41,Dhp-a,๔. เรื่องพระมหากัปปินเถระ,299,317,19,4. Mahākappinattheravatthu,1595,1613,19
41,Dhp-a,๕. เรื่องบัณฑิตสมเณร,318,340,23,5. Paṇḍitasāmaṇeravatthu,1614,1641,28
41,Dhp-a,๖. เรืองพระลกุณฏกภัททิยเถระ,341,342,2,6. Lakuṇḍakabhaddiyattheravatthu,1642,1650,9
41,Dhp-a,๗. เรื่องมารดาของนางกาณา,343,348,6,7. Kāṇamātuvatthu,1651,1663,13
41,Dhp-a,๙. เรื่องภิกษุ ๕๐๐ รูป,349,353,5,8. Pañcasatabhikkhuvatthu,1664,1683,20
41,Dhp-a,๙. เรื่องพระเถระผู้ตั้งอยู่ในธรรม,354,356,3,9. Dhammikattheravatthu,1684,1694,11
41,Dhp-a,๑๐. เรื่องการฟังธรรม,357,359,3,10. Dhammassavanavatthu,1695,1706,12
41,Dhp-a,๑๑. เรื่องภิกษุอาคันตุกะ,360,362,3,11. Pañcasataāgantukabhikkhuvatthu,1707,1724,18
41,Dhp-a,อรหันตวรรคที่ ๗,363,364,2,7. Arahantavaggo,1725,1725,1
41,Dhp-a,๑. เรื่องหมอชีวก,365,368,4,1. Jīvakapañhavatthu,1726,1734,9
41,Dhp-a,๒. เรื่องพระมหากัสสปเถระ,369,373,5,2. Mahākassapattheravatthu,1735,1745,11
41,Dhp-a,๓. เรื่องพระเพฬัฏฐสีสเถระ,374,376,3,3. Belaṭṭhasīsattheravatthu,1746,1755,10
41,Dhp-a,๔. เรื่องพระอนุรุทธเถระ,377,380,4,4. Anuruddhattheravatthu,1756,1766,11
41,Dhp-a,๕. เรื่องพระมหากัจจายนเถระ,381,383,3,5. Mahākaccāyanattheravatthu,1767,1777,11
41,Dhp-a,๖. เรื่องพระสารีบุตรเถระ,384,388,5,6. Sāriputtattheravatthu,1778,1790,13
41,Dhp-a,๗. เรื่องพระติสสเถระชาวกรุงโกสัมพี,389,394,6,7. Kosambivāsītissattherasāmaṇeravatthu,1791,1801,11
41,Dhp-a,๘. เรื่องพระสารีบุตรเถระ,395,397,3,8. Sāriputtattheravatthu,1802,1810,9
41,Dhp-a,๙. เรื่องพระขทิรวนิยเรวตเถระ,398,411,14,9. Khadiravaniyarevatattheravatthu,1811,1830,20
41,Dhp-a,๑๐. เรื่องหญิงคนใดคนหนึ่ง,412,414,3,10. Aññataraitthivatthu,1831,1841,11
41,Dhp-a,สหัสสวรรคที่ ๘,415,417,3,8. Sahassavaggo,1842,1842,1
41,Dhp-a,๑. เรื่องบุรุษผู้ฆ่าโจรมีเคราแดง,418,424,7,1. Tambadāṭhikacoraghātakavatthu,1843,1857,15
41,Dhp-a,๒. เรื่องพระทารุจีริยเถระ,425,433,9,2. Bāhiyadārucīriyattheravatthu,1858,1871,14
41,Dhp-a,๓. เรื่องพระกุณฑลเกสีเถรี,434,445,12,3. Kuṇḍalakesittherīvatthu,1872,1897,26
41,Dhp-a,๔. เรื่องอนันถปุจฉกพราหมณ์,446,449,4,4. Anatthapucchakabrāhmaṇavatthu,1898,1913,16
41,Dhp-a,๕. เรื่องพราหมณ์ผู้เป็นลุงของพระสารีบุตรเถระ,450,452,3,5. Sāriputtattherassa mātulabrāhmaṇavatthu,1914,1923,10
41,Dhp-a,๖. เรื่องพราหมณ์ผู้เป็นหลานของพระสารีบุตรเถระ,453,455,3,6. Sāriputtattherassa bhāgineyyavatthu,1924,1933,10
41,Dhp-a,๗. เรื่องพราหมณ์ผู้เป็นสหายของพระสารีบุตรเถระ,456,458,3,7. Sāriputtattherassa sahāyakabrāhmaṇavatthu,1934,1944,11
41,Dhp-a,๘. เรื่องอายุวัฒนกุมาร,459,464,6,8. Āyuvaḍḍhanakumāravatthu,1945,1955,11
41,Dhp-a,๙. เรื่องสังกิจจสามเณร,465,479,15,9. Saṃkiccasāmaṇeravatthu,1956,1984,29
41,Dhp-a,๑๐. เรื่องพระขานุโกณฑัญญเถระ,480,482,3,10. Khāṇukoṇḍaññattheravatthu,1985,1993,9
41,Dhp-a,๑๑. เรื่องพระสัปปทาสเถระ,483,488,6,11. Sappadāsattheravatthu,1994,2005,12
41,Dhp-a,๑๒. เรื่องนางปฏาจารา,489,498,10,12. Paṭācārātherīvatthu,2006,2032,27
41,Dhp-a,๑๓. เรื่องนางกิสาโคตมี,499,504,6,13. Kisāgotamīvatthu,2033,2047,15
41,Dhp-a,๑๔. เรื่องพระพหุปุตติกาเถรี,505,,,14. Bahuputtikattherīvatthu,2048,2062,15
42,Dhp,ปาปวรรคที่ ๙,1,65,65,9. Pāpavaggo,379,421,43
42,Dhp,ทัณฑวรรคที่ ๑๐,66,140,75,10. Daṇḍavaggo,422,475,54
42,Dhp,ชราวรรคที่ ๑๑,141,185,45,11. Jarāvaggo,476,511,36
42,Dhp,อัตวรรคที่ ๑๒,186,226,41,12. Attavaggo,512,545,34
42,Dhp,โลกวรรคที่ ๑๓,227,274,48,13. Lokavaggo,546,583,38
42,Dhp,พุทธวรรคที่ ๑๔,275,359,85,14. Buddhavaggo,584,640,57
42,Dhp,สุขวรรคที่ ๑๕,360,388,29,15. Sukhavaggo,641,680,40
42,Dhp,ปิยวรรคที่ ๑๖,389,423,35,16. Piyavaggo,681,718,38
42,Dhp,โกธวรรคที่ ๑๗,424,,,17. Kodhavaggo,719,763,45
42,Dhp-a,ปาปวรรคที่ ๙,1,3,3,9. Pāpavaggo,2063,2063,1
42,Dhp-a,๑. เรื่องพราหมณ์ชื่อจูเฬกสาฎก,4,8,5,1. Cūḷekasāṭakabrāhmaṇavatthu,2064,2074,11
42,Dhp-a,๒. เรื่องพระเสยยสกัตเถระ,9,10,2,2. Seyyasakattheravatthu,2075,2083,9
42,Dhp-a,๓. เรื่องนางลาชเทวธิดา,11,15,5,3. Lājadevadhītāvatthu,2084,2094,11
42,Dhp-a,๔. เรื่องอนาถบิณฑิกเศรษฐี,16,23,8,4. Anāthapiṇḍikaseṭṭhivatthu,2095,2108,14
42,Dhp-a,๕. เรื่องภิกษุไม่ถนอมบริขาร,24,26,3,5. Asaññataparikkhārabhikkhuvatthu,2109,2118,10
42,Dhp-a,๖. เรื่องเศรษฐีชื่อพิฬาลปทกะ,27,31,5,6. Biḷālapādakaseṭṭhivatthu,2119,2131,13
42,Dhp-a,๗. เรื่องมหาธนวาณิช,32,35,4,7. Mahādhanavāṇijavatthu,2132,2140,9
42,Dhp-a,๘. เรื่องนายพรานกุกุกฏมิตร,36,44,9,8. Kukkuṭamittanesādavatthu,2141,2156,16
42,Dhp-a,๙. เรื่องนายพรานสุนัขชื่อโกกะ,45,49,5,9. Kokasunakhaluddakavatthu,2157,2168,12
42,Dhp-a,๑๐. เรื่องพระติสสเถระผู้เข้าถึงสกุลนายช่างแก้ว,50,53,4,10. Maṇikārakulūpakatissattheravatthu,2169,2181,13
42,Dhp-a,๑๑. เรื่องชน ๓ คน,54,60,7,11. Tayojanavatthu,2182,2196,15
42,Dhp-a,๑๒. เรื่องเจ้าสุปปพุทธศากยะ,61,65,5,12. Suppabuddhasakyavatthu,2197,2208,12
42,Dhp-a,ทัณฑวรรคที่ ๑๐,66,68,3,10. Daṇḍavaggo,2209,2209,1
42,Dhp-a,๑. เรื่องภิกษุฉัพพัคคีย์,69,71,3,1. Chabbaggiyabhikkhuvatthu,2210,2218,9
42,Dhp-a,๒. เรื่องภิกษุฉัพพัคคีย์,72,73,2,2. Chabbaggiyabhikkhuvatthu,2219,2227,9
42,Dhp-a,๓. เรื่องเด็กหลายคน,74,75,2,3. Sabbahulakumārakavatthu,2228,2239,12
42,Dhp-a,๔. เรื่องพระโกณฑธานเถระ,76,85,10,4. Koṇḍadhānattheravatthu,2240,2255,16
42,Dhp-a,๕. เรื่องอุโบสถกรรม,86,88,3,5. Uposathikaitthīnaṃ vatthu,2256,2264,9
42,Dhp-a,๖. เรื่องอชครเปรต,89,94,6,6. Ajagarapetavatthu,2265,2276,12
42,Dhp-a,๗. เรื่องพระมหาโมคคัลลานเถระ,95,103,9,7. Mahāmoggallānattheravatthu,2277,2298,22
42,Dhp-a,๘. เรื่องภิกษุมีภัณฑะมาก,104,112,9,8. Bahubhaṇḍikabhikkhuvatthu,2299,2313,15
42,Dhp-a,๙. เรื่องสันตติมหาอำมาตย์,113,120,8,9. Santatimahāmattavatthu,2314,2330,17
42,Dhp-a,๑๐. เรื่องพระปิโลติกเถระ,121,125,5,10. Pilotikatissattheravatthu,2331,2347,17
42,Dhp-a,๑๑. เรื่องสุขสามเณร,126,140,15,11. Sukhasāmaṇeravatthu,2348,2371,24
42,Dhp-a,ชราวรรคที่ ๑๑,141,142,2,11. Jarāvaggo,2372,2372,1
42,Dhp-a,๑. เรื่องหญิงสหายของนางวิสาขา,143,147,5,1. Visākhāya sahāyikānaṃ vatthu,2373,2383,11
42,Dhp-a,๒. เรื่องนางสิริมา,148,153,6,2. Sirimāvatthu,2384,2398,15
42,Dhp-a,๓. เรื่องพระอุตตราเถรี,154,155,2,3. Uttarātherīvatthu,2399,2407,9
42,Dhp-a,๔. เรื่องพระอธิมานิกภิกษุ,156,157,2,4. Sambahulaadhimānikabhikkhuvatthu,2408,2416,9
42,Dhp-a,๕. เรื่องพระนางรูปนันทาเถรี,158,165,8,5. Janapadakalyāṇī rūpanandātherīvatthu,2417,2434,18
42,Dhp-a,๖. เรื่องของพระนางมัลลิกาเทวี,166,171,6,6. Mallikādevīvatthu,2435,2447,13
42,Dhp-a,๗. เรื่องพระโลฬุทายีเถระ,172,177,6,7. Lāḷudāyittheravatthu,2448,2464,17
42,Dhp-a,๘. เรื่องปฐมโพธิกาล,178,180,3,8. Udānavatthu,2465,2476,12
42,Dhp-a,๙. เรื่องบุตรเศรษฐีมีทรัพย์มาก,181,185,5,9. Mahādhanaseṭṭhiputtavatthu,2477,2491,15
42,Dhp-a,อัตตวรรคที่ ๑๒,186,187,2,12. Attavaggo,2492,2492,1
42,Dhp-a,๑. เรื่องโพธิราชกุมาร,188,194,7,1. Bodhirājakumāravatthu,2493,2504,12
42,Dhp-a,๒. เรื่องพระอุปนันทศากยบุตร,195,199,5,2. Upanandasakyaputtattheravatthu,2505,2519,15
42,Dhp-a,๓. เรื่องพระปธานิกติสสเถระ,200,202,3,3. Padhānikatissattheravatthu,2520,2531,12
42,Dhp-a,๔. เรื่องมารดาของพระกุมารกัสสปเถระ,203,208,6,4. Kumārakassapamātutherīvatthu,2532,2546,15
42,Dhp-a,๕. เรื่องอุบาสกชื่อมหากาล,209,212,4,5. Mahākālaupāsakavatthu,2547,2557,11
42,Dhp-a,๖. เรื่องพระเทวทัต,213,215,3,6. Devadattavatthu,2558,2566,9
42,Dhp-a,๗. เรื่องกระเสือกกระสนเพื่อจะทำลายสงฆ์,216,217,2,7. Saṅghabhedaparisakkanavatthu,2567,2578,12
42,Dhp-a,๘. เรื่องพระกาลเถระ,218,220,3,8. Kālattheravatthu,2579,2590,12
42,Dhp-a,๙. เรื่องอุบาสิกาชื่อจุลกาล,221,223,3,9. Cūḷakālaupāsakavatthu,2591,2600,10
42,Dhp-a,๑๐. เรื่องพระอัตตทัตถเถระ,224,226,3,10. Attadatthattheravatthu,2601,2611,11
42,Dhp-a,โลกวรรคที่ ๑๓,227,228,2,13. Lokavaggo,2612,2612,1
42,Dhp-a,๑. เรื่องภิกษุหนุ่ม,229,231,3,1. Daharabhikkhuvatthu,2613,2621,9
42,Dhp-a,๒. เรื่องพระเจ้าสุทโธทนะ,232,235,4,2. Suddhodanavatthu,2622,2633,12
42,Dhp-a,๓. เรื่องภิกษุผู้เจริญวิปัสสนา,236,237,2,3. Pañcasatavipassakabhikkhuvatthu,2634,2642,9
42,Dhp-a,๔. เรื่องอภัยราชกุมาร,238,239,2,4. Abhayarājakumāravatthu,2643,2651,9
42,Dhp-a,๕. เรื่องพระสัมมัชชนเถระ,240,242,3,5. Sammajjanattheravatthu,2652,2660,9
42,Dhp-a,๖. เรื่องพระอังคุลิมาลเถระ,243,244,2,6. Aṅgulimālattheravatthu,2661,2672,12
42,Dhp-a,๗. เรื่องธิดานายช่างหูก,245,252,8,7. Pesakāradhītāvatthu,2673,2685,13
42,Dhp-a,๘. เรื่องภิกษุ ๓๐ รูป,253,254,2,8. Tiṃsabhikkhuvatthu,2686,2694,9
42,Dhp-a,๙. เรื่องนางจิญจมาณวิกา,255,261,7,9. Ciñcamāṇavikāvatthu,2695,2711,17
42,Dhp-a,๑๐. เรื่องอสทิสทาน,262,269,8,10. Asadisadānavatthu,2712,2726,15
42,Dhp-a,๑๑. เรื่องนายกาละบุตรของอนาถบิณฑิกเศรษฐี,270,274,5,11. Anāthapiṇḍakaputtakālavatthu,2727,2739,13
42,Dhp-a,พุทธวรรคที่ ๑๔,275,278,4,14. Buddhavaggo,2740,2740,1
42,Dhp-a,๑. เรื่องมารธิดา,279,286,8,1. Māradhītaravatthu,2741,2772,32
42,Dhp-a,๒. เรื่องยมกปาฏิหาริย์,287,322,36,2. Devorohaṇavatthu,2773,2874,102
42,Dhp-a,๓. เรื่องนาคราชชื่อเอรกปัตตะ,323,330,8,3. Erakapattanāgarājavatthu,2875,2900,26
42,Dhp-a,๔. เรื่องปัญหาของพระอานนทเถระ,331,334,4,4. Ānandattherapañhavatthu,2901,2920,20
42,Dhp-a,๕. เรื่องภิกษุผู้ไม่ยินดี,335,339,5,5. Anabhiratabhikkhuvatthu,2921,2935,15
42,Dhp-a,๖. เรื่องปุโรหิตชื่ออัคคิทัต,340,349,10,6. Aggidattabrāhmaṇavatthu,2936,2960,25
42,Dhp-a,๗. เรื่องปัญหาพระอานนทเถระ,350,351,2,7. Ānandattherapañhavatthu,2961,2969,9
42,Dhp-a,๘. เรื่องสัมพหุลภิกขุ,352,354,3,8. Sambahulabhikkhuvatthu,2970,2978,9
42,Dhp-a,๙. เรื่องพระเจดีย์ทองของพระกัสสปทสพล,355,359,5,9. Kassapadasabalassa suvaṇṇacetiyavatthu,2979,2996,18
42,Dhp-a,สุขวรรคที่ ๑๕,360,361,2,15. Sukhavaggo,2997,2997,1
42,Dhp-a,๑. เรื่องระงับความทะเลาะแห่งหมู่พระญาติ,362,366,5,1. Ñāātikalahavūpasamanavatthu,2998,3014,17
42,Dhp-a,๒. เรื่องมาร,367,368,2,2. Māravatthu,3015,3023,9
42,Dhp-a,๓. เรื่องปราชัยของพระเจ้าโกศล,369,370,2,3. Kosalarañño parājayavatthu,3024,3032,9
42,Dhp-a,๔. เรื่องเด็กหญิงแห่งตระกูลคนใดคนหนึ่ง,371,372,2,4. Aññatarakuladārikāvatthu,3033,3041,9
42,Dhp-a,๕. เรื่องอุบาสกคนใดคนหนึ่ง,373,376,4,5. Ekaupāsakavatthu,3042,3052,11
42,Dhp-a,๖. เรื่องพระเจ้าปเสนทิโกศล,377,380,4,6. Pasenadikosalavatthu,3053,3072,20
42,Dhp-a,๗. เรื่องพระติสสเถระ,381,383,3,7. Tissattheravatthu,3073,3081,9
42,Dhp-a,๘. เรื่องท้าวสักกะ,384,388,5,8. Sakkavatthu,3082,3105,24
42,Dhp-a,ปิยวรรคที่ ๑๖,389,390,2,16. Piyavaggo,3106,3106,1
42,Dhp-a,๑. เรื่องบรรพชิต ๓ รูป,391,396,6,1. Tayojanapabbajitavatthu,3107,3124,18
42,Dhp-a,๒. เรื่องกุฎุมพีคนใดคนหนึ่ง,397,399,3,2. Aññatarakuṭumbikavatthu,3125,3138,14
42,Dhp-a,๓. เรื่องนางวิสาขาอุบาสิกา,400,401,2,3. Visākhāvatthu,3139,3147,9
42,Dhp-a,๔. เรื่องเจ้าลิจฉวี,402,403,2,4. Licchavīvatthu,3148,3156,9
42,Dhp-a,๕. เรื่องอนิตถิคันธกุมาร,404,408,5,5. Anitthigandhakumāravatthu,3157,3167,11
42,Dhp-a,๖. เรื่องพราหมณ์คนใดคนหนึ่ง,409,412,4,6. Aññatarabrāhmaṇavatthu,3168,3177,10
42,Dhp-a,๗. เรื่องเด็ก ๕๐๐ คน,413,415,3,7. Pañcasatadārakavatthu,3178,3186,9
42,Dhp-a,๘. เรื่องพระอนาคามิเถระ,416,418,3,8. Ekaanāgāmittheravatthu,3187,3195,9
42,Dhp-a,๙. เรื่องนายนันทิยะ,419,425,7,9. Nandiyavatthu,3196,3212,17
42,Dhp-a,๑๗. โกธวรรควรรณนา,426,425,0,17. Kodhavaggo,3213,3213,1
42,Dhp-a,๑. เรื่องเจ้าหญิงโรหิณี,426,431,6,1. Rohinīkhattiyakaññāvatthu,3214,3227,14
42,Dhp-a,๒. เรื่องภิกษุรูปใดรูปหนึ่ง,432,434,3,2. Aññatarabhikkhuvatthu,3228,3238,11
42,Dhp-a,๓. เรื่องอุตตราอุบาสิกา,435,447,13,3. Uttarāupāsikāvatthu,3239,3259,21
42,Dhp-a,๔. เรื่องปัญหาของพระโมคคัลลานเถระ,448,450,3,4. Mahāmoggallānattherapañhavatthu,3260,3269,10
42,Dhp-a,๕. เรื่องปัญหาที่ภิกษุทูลถาม,451,456,6,5. Buddhapitubrāhmaṇavatthu,3270,3290,21
42,Dhp-a,๖. เรื่องนางปุณณทาสี,457,461,5,6. Puṇṇadāsīvatthu,3291,3309,19
42,Dhp-a,๗. เรื่องอตุลอุบาสก,462,467,6,7. Atulaupāsakavatthu,3310,3331,22
42,Dhp-a,๘. เรื่องภิกษุฉัพพัคคีย์,468,,,8. Chabbaggiyavatthu,3332,3351,20
43,Dhp,๑๘. มลวรรคที่ ๑๘,1,64,64,18. Malavaggo,764,830,67
43,Dhp,๑๙. ธัมมัฏฐวรรคที่ ๑๙,65,94,30,19. Dhammaṭṭhavaggo,831,884,54
43,Dhp,๒๐. มรรควรรคที่ ๒๐,95,141,47,20. Maggavaggo,885,938,54
43,Dhp,๒๑. ปกิณณกวรรคที่ ๒๑,142,191,50,21. Pakiṇṇakavaggo,939,990,52
43,Dhp,๒๒. นิรยวรรคที่ ๒๒,192,222,31,22. Nirayavaggo,991,1035,45
43,Dhp,๒๓. นาควรรคที่ ๒๓,223,265,43,23. Nāgavaggo,1036,1079,44
43,Dhp,๒๔. ตัณหาวรรคที่ ๒๔,266,336,71,24. Taṇhāvaggo,1080,1163,84
43,Dhp,๒๕. ภิกขุวรรคที่ ๒๕,337,415,79,25. Bhikkhuvaggo,1164,1237,74
43,Dhp,๒๖. พราหมณวรรคที่ ๒๖,416,,,26. Brāhmaṇavaggo,1238,,
43,Dhp-a,๑๘. มลวรรควรรณนา,5,4,0,18. Malavaggo,3352,3352,1
43,Dhp-a,๑. เรื่องบุตรของนายโคฆาตก์,5,12,8,1. Goghātakaputtavatthu,3353,3383,31
43,Dhp-a,๒. เรื่องพราหมณ์คนใดคนหนึ่ง,13,15,3,2. Aññatarabrāhmaṇavatthu,3384,3393,10
43,Dhp-a,๓. เรื่องพระติสสเถระ,16,20,5,3. Tissattheravatthu,3394,3406,13
43,Dhp-a,๔. เรื่องพระโลฬุทายีเถระ,21,25,5,4. Lāludāyittheravatthu,3407,3422,16
43,Dhp-a,๕. เรื่องกุลบุตรคนใดคนหนึ่ง,26,29,4,5. Aññatarakulaputtavatthu,3423,3438,16
43,Dhp-a,๖. เรื่องภิกษุชื่อจูฬสารี,30,34,5,6. Cūḷasārivatthu,3439,3454,16
43,Dhp-a,๗. เรื่องอุบาสก ๕ คน,35,37,3,7. Pañcaupāsakavatthu,3455,3469,15
43,Dhp-a,๘. เรื่องภิกษุหนุ่มชื่อติสสะ,38,41,4,8. Tissadaharavatthu,3470,3486,17
43,Dhp-a,๙. เรื่องอุบาสก ๕ คน,42,46,5,9. Pañcaupāsakavatthu,3487,3498,12
43,Dhp-a,๑๐. เรื่องเมณฑกเศรษฐี,47,59,13,10. Meṇḍakaseṭṭhivatthu,3499,3524,26
43,Dhp-a,๑๑. เรื่องพระอุชฌานสัญญีเถระ,60,61,2,11. Ujjhānasaññittheravatthu,3525,3533,9
43,Dhp-a,๑๒. เรื่องสุภัททปริพาชก,62,64,3,12. Subhaddaparibbājakavatthu,3534,3547,14
43,Dhp-a,ธัมมัฏฐวรรคที่ ๑๙,65,67,3,19. Dhammaṭṭhavaggo,3548,3547,0
43,Dhp-a,๑๙. ธัมมัฏฐวรรควรรณนา,68,67,0,19. Dhammaṭṭhavaggo,3548,3548,1
43,Dhp-a,๑. เรื่องมหาอำมาตย์ผู้วินิจฉัย,68,70,3,1. Vinicchayamahāmattavatthu,3549,3560,12
43,Dhp-a,๒. เรื่องภิกษุฉัพพัคคีย์,71,72,2,2. Chabbaggiyavatthu,3561,3569,9
43,Dhp-a,๓. เรื่องพระเอกุทานเถระ,73,75,3,3. Ekudānakhīṇāsavattheravatthu,3570,3585,16
43,Dhp-a,๔. เรื่องพระลกุณฏกภัททิยเถระ,76,78,3,4. Lakuṇḍakabhaddiyattheravatthu,3586,3597,12
43,Dhp-a,๕. เรื่องภิกษุมากรูป,79,81,3,5. Sambahulabhikkhuvatthu,3598,3610,13
43,Dhp-a,๖. เรื่องภิกษุชื่อหัตถกะ,82,83,2,6. Hatthakavatthu,3611,3622,12
43,Dhp-a,๗. เรื่องพราหมณ์คนใดคนหนึ่ง,84,85,2,7. Aññatarabrāhmaṇavatthu,3623,3634,12
43,Dhp-a,๘. เรื่องเดียรถีย์,86,89,4,8. Titthiyavatthu,3635,3647,13
43,Dhp-a,๙. เรื่องพรานเบ็ดชื่ออริยะ,90,91,2,9. Bālisikavatthu,3648,3656,9
43,Dhp-a,๑๐. เรื่องภิกษุมากรูป,92,94,3,10. Sambahulasīlādisampannabhikkhuvatthu,3657,3671,15
43,Dhp-a,มรรควรรคที่ ๒๐,95,97,3,20. Maggavaggo,3672,3671,0
43,Dhp-a,๒๐. มรรควรรควรรณนา,98,97,0,20. Maggavaggo,3672,3672,1
43,Dhp-a,๑. เรื่องภิกษุ ๕๐๐ รูป,98,102,5,1. Pañcasatabhikkhuvatthu,3673,3691,19
43,Dhp-a,๒. เรื่องภิกษุ ๕๐๐ รูปอื่นอีก,103,105,3,2. Aniccalakkhaṇavatthu,3692,3714,23
43,Dhp-a,๓. เรื่องพระปธานกัมมิกติสสเถระ,106,109,4,5. Padhānakammikatissattheravatthu,3715,3730,16
43,Dhp-a,๔. เรื่องสูกรเปรต,110,117,8,6. Sūkarapetavatthu,3731,3747,17
43,Dhp-a,๕. เรื่องพระโปฐิลเถระ,118,122,5,7. Poṭṭhilattheravatthu,3748,3759,12
43,Dhp-a,๖. เรื่องพระเถระแก่,123,126,4,8. Pañcamahallakattheravatthu,3760,3777,18
43,Dhp-a,๙. เรื่องสัทธิวิหาริกของพระสารีบุตรเถระ,127,131,5,9. Suvaṇṇakārattheravatthu,3778,3788,11
43,Dhp-a,๘. เรื่องพ่อค้ามีทรัพย์มาก,132,135,4,10. Mahādhanavāṇijavatthu,3789,3802,14
43,Dhp-a,๙. เรื่องนางกิสาโคตมี,136,138,3,11. Kisāgotamīvatthu,3803,3813,11
43,Dhp-a,๑๐. เรื่องนางปฏาจารา,139,141,3,12. Paṭācārāvatthu,3814,3829,16
43,Dhp-a,ปกิณณกวรรคที่ ๒๑,142,144,3,21. Pakiṇṇakavaggo,3830,3829,0
43,Dhp-a,๒๑. ปกิณณกวรรควรรณนา,145,144,0,21. Pakiṇṇakavaggo,3830,3830,1
43,Dhp-a,๑. เรื่องบุรพกรรมของพระองค์,145,158,14,1. Attanopubbakammavatthu,3831,3852,22
43,Dhp-a,๒. เรื่องกุมาริกากินไข่ไก่,159,161,3,2. Kukkuṭaaṇḍakhādikāvatthu,3853,3861,9
43,Dhp-a,๓. เรื่องภิกษุชาวนครภัททิยะ,162,164,3,3. Bhaddiyabhikkhuvatthu,3862,3874,13
43,Dhp-a,๔. เรื่องพระลกุณฏกภัททิยเถระ,165,168,4,4. Lakuṇḍakabhaddiyattheravatthu,3875,3888,14
43,Dhp-a,๕. เรื่องนายทารุสากฏิกะ,169,175,7,5. Dārusākaṭikaputtavatthu,3889,3914,26
43,Dhp-a,๖. เรื่องภิกษุวัชชีบุตร,176,179,4,6. Vajjiputtakabhikkhuvatthu,3915,3931,17
43,Dhp-a,๗. เรื่องจิตตคฤหบดี,180,181,2,7. Cittagahapativatthu,3932,3940,9
43,Dhp-a,๘. เรื่องนางจูฬสุภัททา,182,189,8,8. Cūḷasubhaddāvatthu,3941,3971,31
43,Dhp-a,๙. เรื่องพระเถระชื่อเอกวิหารี,190,191,2,9. Ekavihārittheravatthu,3972,3982,11
43,Dhp-a,นิรยวรรคที่ ๒๒,192,194,3,22. Nirayavaggo,3983,3982,0
43,Dhp-a,๒๒. นิรยวรรควรรณนา,195,194,0,22. Nirayavaggo,3983,3983,1
43,Dhp-a,๑. เรื่องนางปริยาชิกาชื่อสุนทรี,195,200,6,1. Sundarīparibbājikāvatthu,3984,3995,12
43,Dhp-a,๒. เรื่องสัตว์ผู้ถูกทุกข์เบียดเบียน,201,202,2,2. Duccaritaphalapīḷitavatthu,3996,4004,9
43,Dhp-a,๓. เรื่องภิกษุผู้อยู่ที่ฝั่งแม่น้ำชื่อวัคคุมุทา,203,204,2,3. Vaggumudātīriyabhikkhuvatthu,4005,4013,9
43,Dhp-a,๔. เรื่องบุตรเศรษฐีชื่อเขมกะ,205,208,4,4. Khemakaseṭṭhiputtavatthu,4014,4029,16
43,Dhp-a,๕. เรื่องภิกษุว่ายาก,209,211,3,5. Dubbacabhikkhuvatthu,4030,4044,15
43,Dhp-a,๖. เรื่องหญิงขี้หึง,212,213,2,6. Issāpakatitthivatthu,4045,4053,9
43,Dhp-a,๗. เรื่องอาคันตุกภิกษุ,214,216,3,7. Sambahulabhikkhuvatthu,4054,4063,10
43,Dhp-a,๘. เรื่องนิครนถ์,217,219,3,8. Nigaṇṭhavatthu,4064,4075,12
43,Dhp-a,๙. เรื่องสาวกเดียรถีย์,220,222,3,9. Titthiyasāvakavatthu,4076,4089,14
43,Dhp-a,นาควรรคที่ ๒๓,223,225,3,23. Nāgavaggo,4090,4089,0
43,Dhp-a,๒๓. นาควรรควรรณนา,226,225,0,23. Nāgavaggo,4090,4090,1
43,Dhp-a,เรื่องของพระองค์,226,230,5,1. Attadantavatthu,4091,4106,16
43,Dhp-a,๒. เรื่องภิกษุผู้เคยเป็นควาญช้าง,231,232,2,2. Hatthācariyapubbakabhikkhuvatthu,4107,4115,9
43,Dhp-a,๓. เรื่องบุตรของพราหมณ์เฒ่า,233,241,9,3. Parijiṇṇabrāhmaṇaputtavatthu,4116,4141,26
43,Dhp-a,๔. เรื่องพระเจ้าปเสนทิโกศล,242,244,3,4. Pasenadikosalavatthu,4142,4154,13
43,Dhp-a,๕. เรื่องสานุสามเณร,245,251,7,5. Sānusāmaṇeravatthu,4155,4195,41
43,Dhp-a,๖. เรื่องช้างชื่อปาเวรกะ,252,253,2,6. Pāveyyakahatthivatthu,4196,4204,9
43,Dhp-a,๓. เรื่องสัมพหุลภิกษุ,254,259,6,7. Sambahulabhikkhuvatthu,4205,4228,24
43,Dhp-a,๘. เรื่องมาร,260,265,6,8. Māravatthu,4229,4258,30
43,Dhp-a,ตัณหาวรรคที่ ๒๔,266,270,5,24. Taṇhāvaggo,4259,4258,0
43,Dhp-a,๒๔. ตัณหาวรรควรรณนา,271,270,0,24. Taṇhāvaggo,4259,4259,1
43,Dhp-a,๑. เรื่องปลาชื่อกปิละ,271,280,10,1. Kapilamacchavatthu,4260,4287,28
43,Dhp-a,๒. เรื่องนางลูกสุกร,281,289,9,2. Sūkarapotikāvatthu,4288,4325,38
43,Dhp-a,๓. เรื่องวิพภันตกภิกษุ,290,292,3,3. Vibbhantabhikkhuvatthu,4326,4336,11
43,Dhp-a,๔. เรื่องเรือนจำ,293,297,5,4. Bandhanāgāravatthu,4337,4354,18
43,Dhp-a,๕. เรื่องพระนางเขมา,298,301,4,5. Khemātherīvatthu,4355,4368,14
43,Dhp-a,๖. เรื่องบุตรเศรษฐีชื่ออุคคเสน,302,310,9,6. Uggasenavatthu,4369,4392,24
43,Dhp-a,๗. เรื่องจุฬธนุคคหบัณฑิต,311,316,6,7. Cūḷadhanuggahapaṇḍitavatthu,4393,4427,35
43,Dhp-a,๘. เรื่องมาร,317,320,4,8. Māravatthu,4428,4442,15
43,Dhp-a,๙. เรื่องอุปกาชีวก,321,322,2,9. Upakājīvakavatthu,4443,4453,11
43,Dhp-a,๑๐. เรื่องท้าวสักกเทวราช,323,328,6,10. Sakkapañhavatthu,4454,4466,13
43,Dhp-a,๑๑. เรื่องเศรษฐีผู้ไม่มีบุตร,329,333,5,11. Aputtakaseṭṭhivatthu,4467,4479,13
43,Dhp-a,๑๒. เรื่องอังกุรเทพบุตร,334,336,3,12. Aṅkuravatthu,4480,4507,28
43,Dhp-a,ภิกขุวรรคที่ ๒๕,337,340,4,25. Bhikkhuvaggo,4508,4507,0
43,Dhp-a,๒๕. ภิกขุวรรควรรณนา,341,340,0,25. Bhikkhuvaggo,4508,4508,1
43,Dhp-a,๑. เรื่องภิกษุ ๕ รูป,341,346,6,1. Pañcabhikkhuvatthu,4509,4527,19
43,Dhp-a,๒. เรื่องภิกษุฆ่าหงส์,347,352,6,2. Haṃsaghātakabhikkhuvatthu,4528,4550,23
43,Dhp-a,๓. เรื่องภิกษุชื่อโกกาลิกะ,353,356,4,3. Kokālikavatthu,4551,4566,16
43,Dhp-a,๔. เรื่องพระธรรมารามเถระ,357,359,3,4. Dhammārāmattheravatthu,4567,4576,10
43,Dhp-a,๕. เรื่องภิกษุคบภิกษุผู้เป็นฝักฝ่ายผิดรูปใดรูปหนึ่ง,360,363,4,5. Vipakkhasevakabhikkhuvatthu,4577,4593,17
43,Dhp-a,๖. เรื่องปัญจัคคทายกพราหมณ์,364,368,5,6. Pañcaggadāyakabrāhmaṇavatthu,4594,4607,14
43,Dhp-a,๗. เรื่องสัมพหุลภิกษุ,369,383,15,7. Sambahulabhikkhuvatthu,4608,4663,56
43,Dhp-a,๘. เรื่องภิกษุประมาณ ๕๐๐ รูป,384,385,2,8. Pañcasatabhikkhuvatthu,4664,4672,9
43,Dhp-a,๙. เรื่องพระสันตกายเถระ,386,387,2,9. Santakāyattheravatthu,4673,4681,9
43,Dhp-a,๑๐. เรื่องพระนังคลกูฏเถระ,388,391,4,10. Naṅgalakulattheravatthu,4682,4696,15
43,Dhp-a,๑๑. เรื่องพระวักกลิเถระ,392,394,3,11. Vakkalittheravatthu,4697,4712,16
43,Dhp-a,๑๒. เรื่องสุมนสามเณร,395,415,21,12. Sumanasāmaṇeravatthu,4713,4763,51
43,Dhp-a,พราหมณวรรคที่ ๒๖,416,422,7,26. Brāhmaṇavaggo,4764,4763,0
43,Dhp-a,๒๖. พราหมณวรรควรรณนา,423,422,0,26. Brāhmaṇavaggo,4764,4764,1
43,Dhp-a,๑. เรื่องพราหมณ์ผู้มีความเลื่อมใสมาก,423,425,3,1. Pasādabahulabrāhmaṇavatthu,4765,4773,9
43,Dhp-a,๒. เรื่องภิกษุมากรูป,426,427,2,2. Sambahulabhikkhuvatthu,4774,4782,9
43,Dhp-a,๓. เรื่องมาร,428,429,2,3. Māravatthu,4783,4791,9
43,Dhp-a,๔. เรื่องพราหมณ์คนใดคนหนึ่ง,430,431,2,4. Aññatarabrāhmaṇavatthu,4792,4800,9
43,Dhp-a,๕. เรื่องพระอานนทเถระ,432,434,3,5. Ānandattheravatthu,4801,4810,10
43,Dhp-a,๖. เรื่องบรรพชิตรูปใดรูปหนึ่ง,435,436,2,6. Aññatarabrāhmaṇapabbajitavatthu,4811,4819,9
43,Dhp-a,๗. เรื่องพระสารีบุตรเถระ,437,441,5,7. Sāriputtattheravatthu,4820,4833,14
43,Dhp-a,๘. เรื่องพระนางมหาปชาบดีโคตมี,442,443,2,8. Mahāpajāpatigotamīvatthu,4834,4842,9
43,Dhp-a,๙. เรื่องพระสารีบุตรเถระ,444,445,2,9. Sāriputtattheravatthu,4843,4851,9
43,Dhp-a,๑๐. เรื่องชฎิลพราหมณ์,446,447,2,10. Jaṭilabrāhmaṇavatthu,4852,4860,9
43,Dhp-a,๑๑. เรื่องกุหกพราหมณ์,448,452,5,11. Kuhakabrāhmaṇavatthu,4861,4881,21
43,Dhp-a,๑๒. เรื่องนางกิสาโคตมี,453,454,2,12. Kisāgotamīvatthu,4882,4890,9
43,Dhp-a,๑๓. เรื่องพราหมณ์คนใดคนหนึ่ง,455,456,2,13. Ekabrāhmaṇavatthu,4891,4900,10
43,Dhp-a,๑๔. เรื่องอุคคเสน,457,458,2,14. Uggasenaseṭṭhiputtavatthu,4901,4909,9
43,Dhp-a,๑๕. เรื่องพราหมณ์ ๒ คน,459,460,2,15. Dvebrāhmaṇavatthu,4910,4918,9
43,Dhp-a,๑๖. เรื่องอักโกสกภารทวาชพราหมณ์,461,464,4,16. Akkosakabhāradvājavatthu,4919,4935,17
43,Dhp-a,๑๗. เรื่องพระสารีบุตรเถระ,465,467,3,17. Sāriputtattheravatthu,4936,4944,9
43,Dhp-a,๑๘. เรื่องพระอุบลวรรณาเถรี,468,469,2,18. Uppalavaṇṇātherīvatthu,4945,4953,9
43,Dhp-a,๑๙. เรื่องพราหมณ์คนใดคนหนึ่ง,470,471,2,19. Aññatarabrāhmaṇavatthu,4954,4961,8
43,Dhp-a,๒๐. เรื่องพระเขมาภิกษุณี,472,473,2,20. Khemābhikkhunīvatthu,4962,4970,9
43,Dhp-a,๒๑. เรื่องพระติสสเถระอยู่ในเงื้อมเขา,474,479,6,21. Pabbhāravāsītissattheravatthu,4971,4984,14
43,Dhp-a,๒๒. เรื่องภิกษุรูปใดรูปหนึ่ง,480,482,3,22. Aññatarabhikkhuvatthu,4985,4993,9
43,Dhp-a,๒๓. เรื่องสามเณร,483,488,6,23. Sāmaṇerānaṃ vatthu,4994,5004,11
43,Dhp-a,๒๔. เรื่องพระมหาปันถกเถระ,489,490,2,24. Mahāpanthakattheravatthu,5005,5013,9
43,Dhp-a,๒๕. เรื่องพระปิลินทวัจฉเถระ,491,492,2,25. Pilindavacchattheravatthu,5014,5022,9
43,Dhp-a,๒๖. เรื่องภิกษุรูปใดรูปหนึ่ง,493,495,3,26. Aññatarattheravatthu,5023,5031,9
43,Dhp-a,๒๗. เรื่องพระสารีบุตรเถระ,496,497,2,27. Sāriputtattheravatthu,5032,5040,9
43,Dhp-a,๒๘. เรื่องพระมหาโมคคัลลานเถระ,498,499,2,28. Mahāmoggallānattheravatthu,5041,5048,8
43,Dhp-a,๒๙. เรื่องพระเรวตเถระ,500,501,2,29. Revatattheravatthu,5049,5057,9
43,Dhp-a,๓๐. เรื่องพระจันทาภเถระ,502,508,7,30. Candābhattheravatthu,5058,5070,13
43,Dhp-a,๓๑. เรื่องพระสีวลีเถระ,509,511,3,31. Sīvalittheravatthu,5071,5081,11
43,Dhp-a,๓๒. เรื่องพระสุนทรสมุทรเถระ,512,518,7,32. Sundarasamuddattheravatthu,5082,5102,21
43,Dhp-a,๓๓. เรื่องพระโชติกเถระ,519,552,34,33. Jaṭilattheravatthu,5103,5134,32
43,Dhp-a,๓๔. เรื่องภิกษุผู้เคยเป็นนักฟ้อนรูปที่ ๑,553,554,2,34. Jotikattheravatthu,5135,5145,11
43,Dhp-a,๓๕. เรื่องภิกษุผู้เคยเป็นนักฟ้อนรูปที่ ๒,555,556,2,35. Naṭaputtakattheravatthu,5146,5162,17
43,Dhp-a,๓๖. เรื่องพระวังคีสเถระ,557,561,5,37. Vaṅgīsattheravatthu,5163,5175,13
43,Dhp-a,๓๗. เรื่องพระธรรมทินนาเถรี,562,564,3,38. Dhammadinnattherīvatthu,5176,5185,10
43,Dhp-a,๓๘. เรื่องพระอังคุลิมาลเถระ,565,566,2,39. Aṅgulimālattheravatthu,5186,5194,9
43,Dhp-a,๓๙. เรื่องเทวหิตพราหมณ์,567,,,40. Devahitabrāhmaṇavatthu,5195,,
44,Ud,๒. ทุติยโพธิสูตร,72,76,5,2. Dutiyabodhisuttaṃ,13,20,8
44,Ud,๓. ตติยโพธิสูตร,77,94,18,3. Tatiyabodhisuttaṃ,21,44,24
44,Ud,๖. มหากัสสปสูตร,95,111,17,6. Mahākassapasuttaṃ,45,55,11
44,Ud,๘. สังคามชิสูตร,112,118,7,8. Saṅgāmajisuttaṃ,56,65,10
44,Ud,๙. ชฏิลสูตร,119,123,5,9. Jaṭilasuttaṃ,66,71,6
44,Ud,๑๐. พาหิยสูตร,124,160,37,10. Bāhiyasuttaṃ,72,95,24
44,Ud,มุจจลินทวรรคที่ ๒,161,160,0,2. Mucalindavaggo,96,96,1
44,Ud,๑. มุจจลินทสูตร,161,165,5,1. Mucalindasuttaṃ,97,105,9
44,Ud,๒. ราชสูตร,166,176,11,2. Rājasuttaṃ,106,113,8
44,Ud,๓. ทัณฑสูตร,177,180,4,3. Daṇḍasuttaṃ,114,120,7
44,Ud,๔. สักการสูตร,181,186,6,4. Sakkārasuttaṃ,121,128,8
44,Ud,๕. อุปาสกสูตร,187,191,5,5. Upāsakasuttaṃ,129,136,8
44,Ud,๖. คัพภินิสูตร,192,196,5,6. Gabbhinīsuttaṃ,137,148,12
44,Ud,๗. เอกปุตตสูตร,197,201,5,7. Ekaputtakasuttaṃ,149,161,13
44,Ud,๘. สุปปวาสาสูตร,202,260,59,8. Suppavāsāsuttaṃ,162,181,20
44,Ud,๙. วิสาขาสูตร,261,276,16,9. Visākhāsuttaṃ,182,205,24
44,Ud,นันทวรรคที่ ๓,277,281,5,3. Nandavaggo,206,214,9
44,Ud,๒. นันทสูตร,282,303,22,2. Nandasuttaṃ,215,236,22
44,Ud,๓. ยโสชสูตร,304,321,18,3. Yasojasuttaṃ,237,257,21
44,Ud,๔. สารีปุตตสูตร,322,329,8,4. Sāriputtasuttaṃ,258,269,12
44,Ud,๖. ปิลินทวัจฉสูตร,330,347,18,6. Pilindavacchasuttaṃ,270,289,20
44,Ud,๘. ปิณฑปาตสูตร,348,352,5,8. Piṇḍapātikasuttaṃ,290,301,12
44,Ud,๙. สิปปสูตร,353,358,6,9. Sippasuttaṃ,302,313,12
44,Ud,๑๐. โลกสูตร,359,376,18,10. Lokasuttaṃ,314,340,27
44,Ud,เมฆิยวรรคที่ ๔,377,376,0,4. Meghiyavaggo,341,341,1
44,Ud,๑. เมฆิยสูตร,377,412,36,1. Meghiyasuttaṃ,342,372,31
44,Ud,๒. อุทธตสูตร,413,417,5,2. Uddhatasuttaṃ,373,381,9
44,Ud,๓. โคปาลสูตร,418,431,14,3. Gopālakasuttaṃ,382,403,22
44,Ud,๕. นาคสูตร,432,445,14,5. Nāgasuttaṃ,404,420,17
44,Ud,๗. สารีปุตตสูตร,446,448,3,7. Sāriputtasuttaṃ,421,428,8
44,Ud,๘. สุนทรีสูตร,449,479,31,8. Sundarīsuttaṃ,429,475,47
44,Ud,โสณเถรวรรคที่ ๕,480,490,11,5. Soṇavaggo,476,494,19
44,Ud,๓. สุปปพุทธกุฏฐิสูตร,491,517,27,3. Suppabuddhakuṭṭhisuttaṃ,495,509,15
44,Ud,๔. กุมารกสูตร,518,520,3,4. Kumārakasuttaṃ,510,517,8
44,Ud,๕. อุโปสถสูตร,521,545,25,5. Uposathasuttaṃ,518,547,30
44,Ud,๖. โสณสูตร,546,562,17,6. Soṇasuttaṃ,548,569,22
44,Ud,๗. กังขาเรวตสูตร,563,572,10,7. Kaṅkhārevatasuttaṃ,570,590,21
44,Ud,๑๐. จูฬปันถกสูตร,573,578,6,10. Cūḷapanthakasuttaṃ,591,604,14
44,Ud,ชัจจันธวรรคที่ ๖,579,636,58,6. Jaccandhavaggo,605,696,92
44,Ud,๗. สุภูติสูตร,637,639,3,7. Subhūtisuttaṃ,697,704,8
44,Ud,๘. คณิกาสูตร,640,659,20,8. Gaṇikāsuttaṃ,705,735,31
44,Ud,จูฬวรรคที่ ๗,660,679,20,7. Cūḷavaggo,736,772,37
44,Ud,๖. ตัณหักขยสูตร,680,683,4,6. Taṇhāsaṅkhayasuttaṃ,773,779,7
44,Ud,๗. ปปัญจชยสูตร,684,686,3,7. Papañcakhayasuttaṃ,780,786,7
44,Ud,๘. มหากัจจานสูตร,687,691,5,8. Kaccānasuttaṃ,787,796,10
44,Ud,๙. อุทปานสูตร,692,701,10,9. Udapānasuttaṃ,797,807,11
44,Ud,๑๐. อุเทนสูตร,702,710,9,10. Utenasuttaṃ,808,819,12
44,Ud,ปาฏลิคามิยวรรคที่ ๘,711,730,20,8. Pāṭaligāmiyavaggo,820,837,18
44,Ud,๕. จุนทสูตร,731,748,18,5. Cundasuttaṃ,838,875,38
44,Ud,๖. ปาฏลิคามิยสูตร,749,779,31,6. Pāṭaligāmiyasuttaṃ,876,912,37
44,Ud,๗. ทวิธาปถสูตร,780,784,5,7. Dvidhāpathasuttaṃ,913,921,9
44,Ud,๘. วิสาขาสูตร,785,791,7,8. Visākhāsuttaṃ,922,936,15
44,Ud,๙. ปฐมทัพพสูตร,792,798,7,9. Paṭhamadabbasuttaṃ,937,945,9
44,Ud,๑๐. ทุติยทัพพสูตร,799,,,10. Dutiyadabbasuttaṃ,946,,
44,Ud-a,อรรถกถาทุติยโพธิสูตร,73,77,5,2. Dutiyabodhisuttavaṇṇanā,191,197,7
44,Ud-a,อรรถกถาตติยโพธิสูตร,78,81,4,3. Tatiyabodhisuttavaṇṇanā,198,205,8
44,Ud-a,อรรถกถาอชปาลนิโครธสูตร,82,88,7,4. Huṃhuṅkasuttavaṇṇanā,206,217,12
44,Ud-a,อรรถกถาเถระสูตร,89,95,7,5. Brāhmaṇasuttavaṇṇanā,218,230,13
44,Ud-a,อรรถกถามหากัสสปสูตร,96,103,8,6. Mahākassapasuttavaṇṇanā,231,243,13
44,Ud-a,อรรถกถาปาวาสูตร,104,113,10,7. Ajakalāpakasuttavaṇṇanā,244,259,16
44,Ud-a,อรรถกถาสังคามชิสูตร,114,118,5,8. Saṅgāmajisuttavaṇṇanā,260,270,11
44,Ud-a,อรรถกถาชฏิลสูตร,119,128,10,9. Jaṭilasuttavaṇṇanā,271,280,10
44,Ud-a,อรรถกถาพาหิยสูตร,129,161,33,10. Bāhiyasuttavaṇṇanā,281,344,64
44,Ud-a,อรรถกถามุจลินทสูตร,162,166,5,1. Mucalindasuttavaṇṇanā,345,353,9
44,Ud-a,อรรถกถาราชสูตร,167,177,11,2. Rājasuttavaṇṇanā,354,381,28
44,Ud-a,อรรถกถาทัณฑสูตร,178,182,5,3. Daṇḍasuttavaṇṇanā,382,388,7
44,Ud-a,อรรถกถาสักการสูตร,183,187,5,4. Sakkārasuttavaṇṇanā,389,401,13
44,Ud-a,อรรถกถาอุปาสกสูตร,188,193,6,5. Upāsakasuttavaṇṇanā,402,411,10
44,Ud-a,อรรถกถาคัพภินีสูตร,194,197,4,6. Gabbhinīsuttavaṇṇanā,412,417,6
44,Ud-a,อรรถกถาเอกปุตตสูตร,198,207,10,7. Ekaputtakasuttavaṇṇanā,418,431,14
44,Ud-a,อรรถกถาสุปปวาสาสูตร,208,261,54,8. Suppavāsāsuttavaṇṇanā,432,610,179
44,Ud-a,อรรถกถาวิสาขาสูตร,262,268,7,9. Visākhāsuttavaṇṇanā,611,620,10
44,Ud-a,อรรถกถากาฬิโคธาภัททิยสูตร,269,277,9,10. Bhaddiyasuttavaṇṇanā,621,638,18
44,Ud-a,อรรถกถากรรมสูตร,278,286,9,1. Kammavipākajasuttavaṇṇanā,639,649,11
44,Ud-a,อรรถกถานันทสูตร,287,308,22,2. Nandasuttavaṇṇanā,650,692,43
44,Ud-a,อรรถกถายโสชสูตร,309,322,14,3. Yasojasuttavaṇṇanā,693,718,26
44,Ud-a,อรรถกถาสารีปุตตสูตร,323,325,3,4. Sāriputtasuttavaṇṇanā,719,725,7
44,Ud-a,อรรถกถาโกลิตสูตร,326,331,6,5. Mahāmoggallānasuttavaṇṇanā,726,733,8
44,Ud-a,อรรถกถาปิลินทวัจฉสูตร,332,337,6,6. Pilindavacchasuttavaṇṇanā,734,741,8
44,Ud-a,อรรถกถามหากัสสปสูตร,338,349,12,7. Sakkudānasuttavaṇṇanā,742,760,19
44,Ud-a,อรรถกถาปิณฑปาตสูตร,350,354,5,8. Piṇḍapātikasuttavaṇṇanā,761,768,8
44,Ud-a,อรรถกถาสิปปสูตร,355,360,6,9. Sippasuttavaṇṇanā,769,776,8
44,Ud-a,อรรถกถาโลกสูตร,361,381,21,10. Lokasuttavaṇṇanā,777,814,38
44,Ud-a,อรรถกถาเมฆิยสูตร,382,413,32,1. Meghiyasuttavaṇṇanā,815,902,88
44,Ud-a,อรรถกถาอุทธตสูตร,414,419,6,2. Uddhatasuttavaṇṇanā,903,910,8
44,Ud-a,อรรถกถาโคปาลสูตร,420,426,7,3. Gopālakasuttavaṇṇanā,911,919,9
44,Ud-a,อรรถกถาชุณหสูตร,427,434,8,4. Yakkhapahārasuttavaṇṇanā,920,932,13
44,Ud-a,อรรถกถานาคสูตร,435,441,7,5. Nāgasuttavaṇṇanā,933,944,12
44,Ud-a,อรรถกถาปิณโฑลภารทวารสูตร,442,446,5,6. Piṇḍolasuttavaṇṇanā,945,956,12
44,Ud-a,อรรถกถาสารีปุตตสูตร,447,452,6,7. Sāriputtasuttavaṇṇanā,957,961,5
44,Ud-a,อรรถกถาสุนทรีสูตร,453,467,15,8. Sundarīsuttavaṇṇanā,962,1062,101
44,Ud-a,อรรถกถาอุปเสนวังคันตปุตตสูตร,468,475,8,9. Upasenasuttavaṇṇanā,1063,1078,16
44,Ud-a,อรรถกถาสารีปุตตสูตร,476,480,5,10. Sāriputtaupasamasuttavaṇṇanā,1079,1089,11
44,Ud-a,อรรถกถาราชสูตร,481,485,5,1. Piyatarasuttavaṇṇanā,1090,1098,9
44,Ud-a,อรรถกถาอัปปายุกาสูตร,486,494,9,2. Appāyukasuttavaṇṇanā,1099,1110,12
44,Ud-a,อรรถกถาสุปปพุทธกุฏฐิสูตร,495,518,24,3. Suppabuddhakuṭṭhisuttavaṇṇanā,1111,1166,56
44,Ud-a,อรรถกถากุมารกสูตร,519,528,10,4. Kumārakasuttavaṇṇanā,1167,1171,5
44,Ud-a,อรรถกถาอุโปสถสูตร,529,550,22,5. Uposathasuttavaṇṇanā,1172,1213,42
44,Ud-a,อรรถกถาโสณสูตร,551,563,13,6. Soṇasuttavaṇṇanā,1214,1238,25
44,Ud-a,อรรถกถากังขาเรวตสูตร,564,567,4,7. Kaṅkhārevatasuttavaṇṇanā,1239,1244,6
44,Ud-a,อรรถกถาอานันทสูตร,568,570,3,8. Saṅghabhedasuttavaṇṇanā,1245,1252,8
44,Ud-a,อรรถกถาสัททายมานสูตร,571,573,3,9. Sadhāyamānasuttavaṇṇanā,1253,1258,6
44,Ud-a,อรรถกถาจูฬปันถกสูตร,574,583,10,10. Cūḷapanthakasuttavaṇṇanā,1259,1269,11
44,Ud-a,อรรถกถาอายุสมโอสัชชนสูตร,584,599,16,1. Āyusaṅkhārossajjanasuttavaṇṇanā,1270,1288,19
44,Ud-a,อรรถกถาปฏิสัลลานสูตร,600,606,7,2. Sattajaṭilasuttavaṇṇanā,1289,1301,13
44,Ud-a,อรรถกถาอาหุสูตร,607,616,10,3. Paccavekkhaṇasuttavaṇṇanā,1302,1319,18
44,Ud-a,อรรถกถาปฐมกิรสูตร,617,627,11,4. Paṭhamanānātitthiyasuttavaṇṇanā,1320,1336,17
44,Ud-a,อรรถกถาทุติยกิรสูตร,628,632,5,5. Dutiyanānātitthiyasuttavaṇṇanā,1337,1345,9
44,Ud-a,อรรถกถาติตถสูตร,633,636,4,6. Tatiyanānātitthiyasuttavaṇṇanā,1346,1351,6
44,Ud-a,อรรถกถาสุภูติสูตร,637,641,5,7. Subhūtisuttavaṇṇanā,1352,1357,6
44,Ud-a,อรรถกถาคณิกาสูตร,642,648,7,8. Gaṇikāsuttavaṇṇanā,1358,1368,11
44,Ud-a,อรรถกถาอุปาติสูตร,649,654,6,9. Upātidhāvantisuttavaṇṇanā,1369,1376,8
44,Ud-a,อรรถกถาอุปปัชชันติสูตร,655,660,6,10. Uppajjantisuttavaṇṇanā,1377,1386,10
44,Ud-a,จูฬวรรควรรณนาที่ ๗,661,664,4,1. Paṭhamalakuṇḍakabhaddiyasuttavaṇṇanā,1387,1393,7
44,Ud-a,อรรถกถาทุติยภัททิยสูตร,665,668,4,2. Dutiyalakuṇḍakabhaddiyasuttavaṇṇanā,1394,1397,4
44,Ud-a,อรรถกถาปฐมกามสูตร,669,671,3,3. Paṭhamasattasuttavaṇṇanā,1398,1403,6
44,Ud-a,อรรถกถาทุติยกามสูตร,672,675,4,4. Dutiyasattasuttavaṇṇanā,1404,1415,12
44,Ud-a,อรรถกถาลกุณฐกภัททิยสูตร,676,680,5,5. Aparalakuṇḍakabhaddiyasuttavaṇṇanā,1416,1425,10
44,Ud-a,อรรถกถาตัณหักขยสูตร,681,683,3,6. Taṇhāsaṅkhayasuttavaṇṇanā,1426,1431,6
44,Ud-a,อรรถกถาปปัญจขยสูตร,684,687,4,7. Papañcakhayasuttavaṇṇanā,1432,1439,8
44,Ud-a,อรรถกถามหากัจจานสูตร,688,693,6,8. Kaccānasuttavaṇṇanā,1440,1450,11
44,Ud-a,อรรถกถาอุทปานสูตร,694,702,9,9. Udapānasuttavaṇṇanā,1451,1461,11
44,Ud-a,อรรถกถาอุเทนสูตร,703,711,9,10. Utenasuttavaṇṇanā,1462,1484,23
44,Ud-a,ปาฏลิคามิยวรรควรรณนาที่ ๘,712,719,8,1. Paṭhamanibbānapaṭisaṃyuttasuttavaṇṇanā,1485,1503,19
44,Ud-a,อรรถกถาทุติยนิพพานสูตร,720,722,3,2. Dutiyanibbānapaṭisaṃyuttasuttavaṇṇanā,1504,1507,4
44,Ud-a,อรรถกถาตติยนิพพานสูตร,723,727,5,3. Tatiyanibbānapaṭisaṃyuttasuttavaṇṇanā,1508,1513,6
44,Ud-a,อรรถกถาจตุตถนิพพานสูตร,728,736,9,4. Catutthanibbānapaṭisaṃyuttasuttavaṇṇanā,1514,1520,7
44,Ud-a,อรรถกถาจุนทสูตร,737,755,19,5. Cundasuttavaṇṇanā,1521,1544,24
44,Ud-a,อรรถกถาปาฏลิคามิยสูตร,756,781,26,6. Pāṭaligāmiyasuttavaṇṇanā,1545,1626,82
44,Ud-a,อรรถกถาทวิธาปถสูตร,782,786,5,7. Dvidhāpathasuttavaṇṇanā,1627,1634,8
44,Ud-a,อรรถกถาวิสาขาสูตร,787,792,6,8. Visākhāsuttavaṇṇanā,1635,1643,9
44,Ud-a,อรรถกถาปฐมทัพพสูตร,793,799,7,9. Paṭhamadabbasuttavaṇṇanā,1644,1657,14
44,Ud-a,อรรถกถาทุติยทัพพสูตร,800,,,10. Dutiyadabbasuttavaṇṇanā,1658,,
45,It,เอกนิบาตวรรณนา,61,60,0,1. Ekakanipāto,4,5,2
45,It,๑. โลภสูตร,61,77,17,1. Lobhasuttaṃ,6,12,7
45,It,๒. โทสสูตร,78,82,5,2. Dosasuttaṃ,13,19,7
45,It,๓. โมหสูตร,83,84,2,3. Mohasuttaṃ,20,26,7
45,It,๔. โกธสูตร,85,85,1,4. Kodhasuttaṃ,27,33,7
45,It,๕. มักขสูตร,86,87,2,5. Makkhasuttaṃ,34,40,7
45,It,๖. มานสูตร,88,91,4,6. Mānasuttaṃ,41,47,7
45,It,๗. สัพพสูตร,92,99,8,7. Sabbapariññāsuttaṃ,48,61,14
45,It,๙. โลภสูตร,100,100,1,9. Lobhapariññāsuttaṃ,62,68,7
45,It,๑๐. โทสสูตร,101,102,2,10. Dosapariññāsuttaṃ,69,80,12
45,It,๑. โมหสูตร,103,103,1,1. Mohapariññāsuttaṃ,81,87,7
45,It,๒. โกธสูตร,104,104,1,2. Kodhapariññāsuttaṃ,88,94,7
45,It,๓. มักขสูตร,105,114,10,3.Makkhapariññāsuttaṃ,95,117,23
45,It,๖. ปฐมเสขสูตร,115,120,6,6. Paṭhamasekhasuttaṃ,118,124,7
45,It,๗. ทุติยเสขสูตร,121,125,5,7. Dutiyasekhasuttaṃ,125,131,7
45,It,๘. เภทสูตร,126,131,6,8. Saṅghabhedasuttaṃ,132,138,7
45,It,๙. โมทสูตร,132,139,8,9. Saṅghasāmaggīsuttaṃ,139,160,22
45,It,๑. จิตตฌายีสูตร,140,151,12,1. Pasannacittasuttaṃ,161,180,20
45,It,๓. อุโภอัตถสูตร,152,164,13,3. Ubhayatthasuttaṃ,181,201,21
45,It,๕. สัมปชานมุสาวาทสูตร,165,171,7,5. Musāvādasuttaṃ,202,219,18
45,It,๗. เมตตาภาวสูตร,172,183,12,7. Mettābhāvanāsuttaṃ,220,245,26
45,It,๑. ปฐมภิกขุสูตร,184,191,8,1. Dukkhavihārasuttaṃ,246,255,10
45,It,๒. ทุติยภิกขุสูตร,192,193,2,2. Sukhavihārasuttaṃ,256,265,10
45,It,๓. ตปนียสูตร,194,196,3,3. Tapanīyasuttaṃ,266,273,8
45,It,๔. อตปนียสูตร,197,198,2,4. Atapanīyasuttaṃ,274,281,8
45,It,๕. ปฐมสีลสูตร,199,200,2,5. Paṭhamasīlasuttaṃ,282,288,7
45,It,๖. ทุติยสีลสูตร,201,201,1,6. Dutiyasīlasuttaṃ,289,295,7
45,It,๗. อาตาปีสูตร,202,206,5,7. Ātāpīsuttaṃ,296,304,9
45,It,๘. ปฐมนกุหนาสูตร,207,217,11,8. Paṭhamanakuhanasuttaṃ,305,313,9
45,It,๙. ทุติยนกุหนาสูตร,218,219,2,9. Dutiyanakuhanasuttaṃ,314,322,9
45,It,๑๐. โสมนัสสสูตร,220,226,7,10. Somanassasuttaṃ,323,335,13
45,It,๑. วิตักกสูตร,227,279,53,1. Vitakkasuttaṃ,336,350,15
45,It,๒. เทศนาสูตร,280,283,4,2. Desanāsuttaṃ,351,358,8
45,It,๓. วิชชาสูตร,284,286,3,3. Vijjāsuttaṃ,359,368,10
45,It,๔. ปัญญาสูตร,287,303,17,4. Paññāparihīnasuttaṃ,369,396,28
45,It,๗. นิพพานธาตุสูตร,304,314,11,7. Nibbānadhātusuttaṃ,397,415,19
45,It,๙. สิกขาสูตร,315,337,23,9. Sikkhānisaṃsasuttaṃ,416,464,49
45,It,๑. อกุศลมูลสูตร,338,341,4,1. Mūlasuttaṃ,465,470,6
45,It,๒. ธาตุสูตร,342,345,4,2. Dhātusuttaṃ,471,479,9
45,It,๓. ปฐมเวทนาสูตร,346,361,16,3. Paṭhamavedanāsuttaṃ,480,488,9
45,It,๔. ทุติยเวทนาสูตร,362,366,5,4. Dutiyavedanāsuttaṃ,489,496,8
45,It,๕. ปฐมเอสนาสูตร,367,370,4,5. Paṭhamaesanāsuttaṃ,497,504,8
45,It,๖. ทุติยเอสนาสูตร,371,372,2,6. Dutiyaesanāsuttaṃ,505,513,9
45,It,๗. ปฐมอาสวสูตร,373,379,7,7. Paṭhamaāsavasuttaṃ,514,537,24
45,It,๑๐. มารเธยยสูตร,380,385,6,10. Māradheyyasuttaṃ,538,548,11
45,It,๑. ปุญญกิริยาวัตถุสูตร,386,390,5,1. Puññakiriyavatthusuttaṃ,549,556,8
45,It,๒. จักขุสูตร,391,394,4,2. Cakkhusuttaṃ,557,565,9
45,It,๓. อินทริยสูตร,395,405,11,3. Indriyasuttaṃ,566,585,20
45,It,๕. ทุจริตสูตร,406,407,2,5. Duccaritasuttaṃ,586,593,8
45,It,๖. สุจริตสูตร,408,413,6,6. Sucaritasuttaṃ,594,613,20
45,It,๙. ปฐมราคสูตร,414,416,3,9. Paṭhamarāgasuttaṃ,614,620,7
45,It,๑๐. ทุติยราคสูตร,417,420,4,10. Dutiyarāgasuttaṃ,621,633,13
45,It,๑. มิจฉาทิฏฐิสูตร,421,423,3,1. Micchādiṭṭhikasuttaṃ,634,643,10
45,It,๒. สัมมาทิฏฐิสูตร,424,482,59,2. Sammādiṭṭhikasuttaṃ,644,743,100
45,It,๑๐. ปริหานสูตร,483,487,5,10. Parihānasuttaṃ,744,757,14
45,It,๑. วิตักกสูตร,488,547,60,1. Vitakkasuttaṃ,758,869,112
45,It,๑๐. เทวทัตตสูตร,548,584,37,10. Devadattasuttaṃ,870,928,59
45,It,๔. อัคคิสูตร,585,601,17,4. Aggisuttaṃ,929,975,47
45,It,๘. กัลยาณสูตร,602,633,32,8. Kalyāṇasīlasuttaṃ,976,1018,43
45,It,๑. พราหมณสูตร,634,657,24,1. Brāhmaṇadhammayāgasuttaṃ,1019,1062,44
45,It,๕. สีลสูตร,658,676,19,5. Sīlasampannasuttaṃ,1063,1092,30
45,It,๘. พหุการสูตร,677,,,8. Bahukārasuttaṃ,1093,,
45,It-a,เอกนิบาตวรรณนา,61,78,18,1. Ekakanipāto,161,210,50
45,It-a,อรรถกถาโทสสูตร,79,82,4,2. Dosasuttavaṇṇanā,211,232,22
45,It-a,อรรถกถาโมหสูตร,83,85,3,3. Mohasuttavaṇṇanā,233,243,11
45,It-a,อรรถกถาโกธสูตร,86,86,1,4. Kodhasuttavaṇṇanā,244,246,3
45,It-a,อรรถกถามักขสูตร,87,88,2,5. Makkhasuttavaṇṇanā,247,249,3
45,It-a,อรรถกถามานสูตร,89,92,4,6. Mānasuttavaṇṇanā,250,255,6
45,It-a,อรรถกถาสัพพสูตร,93,98,6,7. Sabbapariññāsuttavaṇṇanā,256,263,8
45,It-a,อรรถกถามานสูตร,99,115,17,8. Mānapariññāsuttavaṇṇanā,264,290,27
45,It-a,อรรถกถาปฐมเสขสูตร,116,121,6,6. Paṭhamasekhasuttavaṇṇanā,291,306,16
45,It-a,อรรถกถาทุติยเสขสูตร,122,126,5,7. Dutiyasekhasuttavaṇṇanā,307,320,14
45,It-a,อรรถกถาเภทสูตร,127,132,6,8. Saṅghabhedasuttavaṇṇanā,321,328,8
45,It-a,อรรถกถาโมทสูตร,133,135,3,9. Saṅghasāmaggīsuttavaṇṇanā,329,332,4
45,It-a,อรรถกถาปุคคลสูตร,136,140,5,10. Paduṭṭhacittasuttavaṇṇanā,333,341,9
45,It-a,อรรถกถาจิตตฌายีสูตร,141,152,12,1. Pasannacittasuttavaṇṇanā,342,356,15
45,It-a,อรรถกถาอุโภอัตถสูตร,153,165,13,3. Ubhayatthasuttavaṇṇanā,357,394,38
45,It-a,อรรถกถาสัมปชานมุสาวาทสูตร,166,173,8,5. Musāvādasuttavaṇṇanā,395,405,11
45,It-a,อรรถกถาเมตตาภาวสูตร,174,184,11,7. Mettābhāvanāsuttavaṇṇanā,406,431,26
45,It-a,อรรถกถาปฐมภิกขุสูตร,185,194,10,1. Dukkhavihārasuttavaṇṇanā,432,451,20
45,It-a,อรรถกถาตปนียสูตร,195,199,5,3. Tapanīyasuttavaṇṇanā,452,459,8
45,It-a,อรรถกถาปฐมสีลสูตร,200,201,2,5. Paṭhamasīlasuttavaṇṇanā,460,462,3
45,It-a,อรรถกถาทุติยสีลสูตร,202,203,2,6. Dutiyasīlasuttavaṇṇanā,463,465,3
45,It-a,อรรถกถาอาตาปีสูตร,204,208,5,7. Ātāpīsuttavaṇṇanā,466,471,6
45,It-a,อรรถกถาปฐมนกุหนาสูตร,209,218,10,8. Paṭhamanakuhanasuttavaṇṇanā,472,516,45
45,It-a,อรรถกถาทุติยนกุหนาสูตร,219,220,2,9. Dutiyanakuhanasuttavaṇṇanā,517,519,3
45,It-a,อรรถกถาโสมนัสสสูตร,221,228,8,10. Somanassasuttavaṇṇanā,520,543,24
45,It-a,อรรถกถาวิตักกสูตร,229,280,52,1. Vitakkasuttavaṇṇanā,544,753,210
45,It-a,อรรถกถาเทศนาสูตร,281,284,4,2. Desanāsuttavaṇṇanā,754,758,5
45,It-a,อรรถกถาวิชชาสูตร,285,287,3,3. Vijjāsuttavaṇṇanā,759,765,7
45,It-a,อรรถกถาปัญญาสูตร,288,291,4,4. Paññāparihīnasuttavaṇṇanā,766,772,7
45,It-a,อรรถกถาธรรมสูตร,292,298,7,5. Sukkadhammasuttavaṇṇanā,773,791,19
45,It-a,อรรถกถาอชาตสูตร,299,305,7,6. Ajātasuttavaṇṇanā,792,800,9
45,It-a,อรรถกถาธาตุสูตร,306,311,6,7. Nibbānadhātusuttavaṇṇanā,801,814,14
45,It-a,อรรถกถาสัลลานสูตร,312,321,10,8. Paṭisallānasuttavaṇṇanā,815,841,27
45,It-a,อรรถกถาชาคริยสูตร,322,327,6,10. Jāgariyasuttavaṇṇanā,842,855,14
45,It-a,อรรถกถาอปายสูตร,328,331,4,11. Āpāyikasuttavaṇṇanā,856,861,6
45,It-a,อรรถกถาทิฏฐิสูตร,332,,,12. Diṭṭhigatasuttavaṇṇanā,862,,
46,Pj-ii,อรรถกถาอุรควรรค สุตตนิบาต,6,5,0,1. Uragavaggo,22,22,1
46,Pj-ii,อรรถกถาอุรคสูตร,6,51,46,1. Uragasuttavaṇṇanā,23,135,113
46,Pj-ii,ว่าด้วยคาถาโต้ตอบระหว่างนายธนิยะกับพระพุทธเจ้า,52,93,42,2. Dhaniyasuttavaṇṇanā,136,198,63
46,Pj-ii,ว่าด้วยผู้เที่ยวไปคนเดียวเหมือนนอแรด,94,245,152,3. Khaggavisāṇasuttavaṇṇanā,199,505,307
46,Pj-ii,กสิภารทวาชสูตรที่ ๔,246,292,47,4. Kasibhāradvājasuttavaṇṇanā,506,572,67
46,Pj-ii,จุนทสูตรที่ ๕,293,308,16,5. Cundasuttavaṇṇanā,573,595,23
46,Pj-ii,ว่าด้วยความเสื่อม ๑๒ อย่าง,309,361,53,6. Parābhavasuttavaṇṇanā,596,695,100
46,Pj-ii,เมตตสูตรที่ ๘,362,393,32,8. Mettasuttavaṇṇanā,696,765,70
46,Pj-ii,ว่าด้วยยักษ์ชมเชยพระผู้มีพระภาคเจ้า,394,437,44,9. Hemavatasuttavaṇṇanā,766,827,62
46,Pj-ii,ว่าด้วยเรื่องอาฬวกยักษ์ทูลถามปัญหา,438,478,41,10. Āḷavakasuttavaṇṇanā,828,898,71
46,Pj-ii,ว่าด้วยเรื่องร่างกาย,479,500,22,11. Vijayasuttavaṇṇanā,899,947,49
46,Pj-ii,ว่าด้วยคนที่เป็นมุนี,501,,,12. Munisuttavaṇṇanā,948,1001,54
46,Sn,อุรคสูตรที่ ๑,1,51,51,1. Uragasuttaṃ,5,57,53
46,Sn,ว่าด้วยคาถาโต้ตอบระหว่างนายธนิยะกับพระพุทธเจ้า,52,93,42,2. Dhaniyasuttaṃ,58,57,0
46,Sn,ว่าด้วยผู้เที่ยวไปคนเดียวเหมือนนอแรด,94,245,152,3. Khaggavisāṇasuttaṃ,125,249,125
46,Sn,กสิภารทวาชสูตรที่ ๔,246,292,47,4. Kasibhāradvājasuttaṃ,250,281,32
46,Sn,จุนทสูตรที่ ๕,293,308,16,5. Cundasuttaṃ,282,311,30
46,Sn,ว่าด้วยความเสื่อม ๑๒ อย่าง,309,325,17,6. Parābhavasuttaṃ,312,389,78
46,Sn,ว่าด้วยคนถ่อย ๒๐ จำพวก,326,361,36,7. Vasalasuttaṃ,390,478,89
46,Sn,เมตตสูตรที่ ๘,362,393,32,8. Mettasuttaṃ,479,510,32
46,Sn,ว่าด้วยยักษ์ชมเชยพระผู้มีพระภาคเจ้า,394,437,44,9. Hemavatasuttaṃ,511,615,105
46,Sn,ว่าด้วยเรื่องอาฬวกยักษ์ทูลถามปัญหา,438,478,41,10. Āḷavakasuttaṃ,616,659,44
46,Sn,ว่าด้วยเรื่องร่างกาย,479,500,22,11. Vijayasuttaṃ,660,703,44
46,Sn,ว่าด้วยคนที่เป็นมุนี,501,,,12. Munisuttaṃ,704,871,168
47,Pj-ii,อรรถกถารตนสูตรที่ ๑,7,84,78,1. Ratanasuttavaṇṇanā,1002,1114,113
47,Pj-ii,อรรถกถาอามคันธสูตรที่ ๒,85,113,29,2. Āmagandhasuttavaṇṇanā,1115,1140,26
47,Pj-ii,อรรถกถาหิริสูตรที่ ๓,114,125,12,3. Hirisuttavaṇṇanā,1141,1161,21
47,Pj-ii,อรรถกถามงคลสูตรที่ ๔,126,200,75,4. Maṅgalasuttavaṇṇanā,1162,1402,241
47,Pj-ii,อรรถกถาสูจิโลมสูตรที่ ๕,201,211,11,5. Sūcilomasuttavaṇṇanā,1403,1416,14
47,Pj-ii,อรรถกถาปิลสูตรที่ ๖,212,232,21,6. Kapilasutta-(dhammacariyasutta)-vaṇṇanā,1417,1439,23
47,Pj-ii,อรรถกถาพราหมณธัมมิกสูตรที่ ๗,233,261,29,7. Brāhmaṇadhammikasuttavaṇṇanā,1440,1483,44
47,Pj-ii,อรรถกถาธรรมสูตรที่ ๘,262,274,13,8. Dhammasutta-(nāvāsutta)-vaṇṇanā,1484,1498,15
47,Pj-ii,อรรถกถากิงสีลสูตรที่ ๙,275,285,11,9. Kiṃsīlasuttavaṇṇanā,1499,1512,14
47,Pj-ii,อรรถกถาอุฏฐานสูตรที่ ๑๐,286,294,9,10. Uṭṭhānasuttavaṇṇanā,1513,1523,11
47,Pj-ii,อรรถกถาราหุลสูตรที่ ๑๑,295,310,16,11. Rāhulasuttavaṇṇanā,1524,1539,16
47,Pj-ii,อรรถกถานิโครธกัปปสูตรที่ ๑๒,311,331,21,12. Nigrodhakappasutta-(vaṅgīsasutta)-vaṇṇanā,1540,1575,36
47,Pj-ii,อรรถกถาสัมมาปริพพาชนิยสูตรที่ ๑๓,332,362,31,13. Sammāparibbājanīyasutta-(mahāsamayasutta)-vaṇṇanā,1576,1630,55
47,Pj-ii,อรรถกถาธรรมิกสูตรที่ ๑๔,363,383,21,14. Dhammikasuttavaṇṇanā,1631,1676,46
47,Pj-ii,อรรถกถาปัพพชาสูตรที่ ๑,384,397,14,1. Pabbajjāsuttavaṇṇanā,1677,1692,16
47,Pj-ii,อรรถกถาปธานสูตรที่ ๒,398,412,15,2. Padhānasuttavaṇṇanā,1693,1722,30
47,Pj-ii,อรรถกถาสุภาษิตสูตรที่ ๓,413,460,48,3. Subhāsitasuttavaṇṇanā,1723,1786,64
47,Pj-ii,อรรถกถามาฆสูตรที่ ๕,461,485,25,5. Māghasuttavaṇṇanā,1787,1812,26
47,Pj-ii,อรรถกถาสภิยสูตรที่ ๖,486,523,38,6. Sabhiyasuttavaṇṇanā,1813,1862,50
47,Pj-ii,อรรถกถาเสลสูตรที่ ๗,524,559,36,7. Selasuttavaṇṇanā,1863,1947,85
47,Pj-ii,อรรถกถาสัลลสูตรที่ ๘,560,581,22,8. Sallasuttavaṇṇanā,1948,1986,39
47,Pj-ii,อรรถกถาวาเสฏฐสูตรที่ ๙,582,606,25,9. Vāseṭṭhasuttavaṇṇanā,1987,2043,57
47,Pj-ii,อรรถกถาโกกาลิกสูตรที่ ๑๐,607,630,24,10. Kokālikasuttavaṇṇanā,2044,2076,33
47,Pj-ii,อรรถกถานาลกสูตรที่ ๑๑,631,676,46,11. Nālakasuttavaṇṇanā,2077,2135,59
47,Pj-ii,อรรถกถาทวยตานุปัสสนาสูตรที่ ๑๒,677,693,17,12. Dvayatānupassanāsuttavaṇṇanā,2136,2184,49
47,Pj-ii,อรรถกถากามสูตรที่ ๑,694,701,8,1. Kāmasuttavaṇṇanā,2185,2193,9
47,Pj-ii,อรรถกถาคุหัฏฐกสูตรที่ ๒,702,712,11,2. Guhaṭṭhakasuttavaṇṇanā,2194,2206,13
47,Pj-ii,อรรถกถาทุฏฐัฏฐกสูตรที่ ๓,713,723,11,3. Duṭṭhaṭṭhakasuttavaṇṇanā,2207,2221,15
47,Pj-ii,อรรถกถาสุทธัฏฐกสูตรที่ ๔,724,733,10,4. Suddhaṭṭhakasuttavaṇṇanā,2222,2235,14
47,Pj-ii,อรรถกถาปรมัฏฐกสูตรที่ ๕,734,739,6,5. Paramaṭṭhakasuttavaṇṇanā,2236,2245,10
47,Pj-ii,อรรถกถาชราสูตรที่ ๖,740,747,8,6. Jarāsuttavaṇṇanā,2246,2262,17
47,Pj-ii,อรรถกถาติสสเมตเตยยสูตรที่ ๗,748,755,8,7. Tissametteyyasuttavaṇṇanā,2263,2274,12
47,Pj-ii,อรรถกถาปสูรสูตรที่ ๘,756,768,13,8. Pasūrasuttavaṇṇanā,2275,2303,29
47,Pj-ii,อรรถกถามาคันทิยสูตรที่ ๙,769,781,13,9. Māgaṇḍiyasuttavaṇṇanā,2304,2326,23
47,Pj-ii,อรรถกถาปุราเภทสูตรที่ ๑๐,782,792,11,10. Purābhedasuttavaṇṇanā,2327,2345,19
47,Pj-ii,อรรถกถากลหวิวาทสูตรที่ ๑๑,793,804,12,11. Kalahavivādasuttavaṇṇanā,2346,2363,18
47,Pj-ii,อรรถกถาจูฬวิยูหสูตรที่ ๑๒,805,818,14,12. Cūḷabyūhasuttavaṇṇanā,2364,2380,17
47,Pj-ii,อรรถกถามหาพยูหสูตรที่ ๑๓,819,831,13,13. Mahābyūhasuttavaṇṇanā,2381,2402,22
47,Pj-ii,อรรถกถาตุวฏกสูตรที่ ๑๔,832,842,11,14. Tuvaṭakasuttavaṇṇanā,2403,2423,21
47,Pj-ii,อรรถกถาอัตตทัณฑสูตรที่ ๑๕,843,874,32,15. Attadaṇḍasuttavaṇṇanā,2424,2482,59
47,Pj-ii,อรรถกถาวัตถุคาถา แห่งปารายนวรรค,875,892,18,Vatthugāthāvaṇṇanā,2483,2521,39
47,Pj-ii,อรรถกถาอชิตสูตรที่ ๑,893,897,5,1. Ajitasuttavaṇṇanā,2522,2533,12
47,Pj-ii,อรรถกถาติสสเมตเตยยสูตรที่ ๒,898,901,4,2. Tissametteyyasuttavaṇṇanā,2534,2540,7
47,Pj-ii,อรรถกถาปุณณกสูตรที่ ๓,902,907,6,3. Puṇṇakasuttavaṇṇanā,2541,2549,9
47,Pj-ii,อรรถกถาเมตตคูสูตรที่ ๔,908,913,6,4. Mettagūsuttavaṇṇanā,2550,2563,14
47,Pj-ii,อรรถกถาโธตกสูตรที่ ๕,914,919,6,5. Dhotakasuttavaṇṇanā,2564,2571,8
47,Pj-ii,อรรถกถาอุปสีวสูตรที่ ๖,920,926,7,6. Upasīvasuttavaṇṇanā,2572,2582,11
47,Pj-ii,อรรถกถานันทสูตรที่ ๗,927,930,4,7. Nandasuttavaṇṇanā,2583,2589,7
47,Pj-ii,อรรถกถาเหมกสูตรที่ ๘,931,933,3,8. Hemakasuttavaṇṇanā,2590,2594,5
47,Pj-ii,อรรถกถาโตเทยยสูตรที่ ๙,934,936,3,9. Todeyyasuttavaṇṇanā,2595,2600,6
47,Pj-ii,อรรถกถากัปปสูตรที่ ๑๐,937,939,3,10. Kappasuttavaṇṇanā,2601,2606,6
47,Pj-ii,อรรถกถาชตุกัณณิสูตรที่ ๑๑,940,942,3,11. Jatukaṇṇisuttavaṇṇanā,2607,2612,6
47,Pj-ii,อรรถกถาภัทราวุธสูตรที่ ๑๒,943,946,4,12. Bhadrāvudhasuttavaṇṇanā,2613,2619,7
47,Pj-ii,อรรถกถาอุทยสูตรที่ ๑๓,947,950,4,13. Udayasuttavaṇṇanā,2620,2627,8
47,Pj-ii,อรรถกถาโปสาลสูตรที่ ๑๔,951,954,4,14. Posālasuttavaṇṇanā,2628,2634,7
47,Pj-ii,อรรถกถาโมฆราชสูตรที่ ๑๕,955,957,3,15. Mogharājasuttavaṇṇanā,2635,2642,8
47,Pj-ii,อรรถกถาปิงคิยสูตรที่ ๑๖,958,967,10,16. Piṅgiyasuttavaṇṇanā,2643,2652,10
47,Pj-ii,อรรถกถาปารายนานุสังคีติคาถา,968,980,13,Pārāyanānugītigāthāvaṇṇanā,2653,2671,19
47,Pj-ii,นิคมกถา,981,,,Nigamanakathā,2672,,
47,Sn,อามคันธสูตรที่ ๒,80,112,33,Dhaniyasuttaṃ,58,124,67
47,Sn,หิริสูตรที่ ๓,113,123,11,Hirisuttaṃ,872,888,17
47,Sn,มงคลสูตรที่ ๔,124,198,75,Maṅgalasuttaṃ,889,927,39
47,Sn,สูจิโลมสูตรที่ ๕,199,209,11,Sūcilomasuttaṃ,928,945,18
47,Sn,ธรรมจริยสูตรที่ ๖,210,224,15,Dhammacariyasuttaṃ,946,977,32
47,Sn,พราหมณธัมมิกสูตรที่ ๗,225,259,35,Brāhmaṇadhammikasuttaṃ,978,1084,107
47,Sn,นาวาสูตรที่ ๘,260,272,13,Nāvāsuttaṃ,1085,1110,26
47,Sn,กิงสีลสูตรที่ ๙,273,284,12,Kiṃsīlasuttaṃ,1111,1135,25
47,Sn,อุฏฐานสูตรที่ ๑๐,285,293,9,Uṭṭhānasuttaṃ,1136,1150,15
47,Sn,ราหุลสูตรที่ ๑๑,294,327,34,Rāhulasuttaṃ,1151,1230,80
47,Sn,สัมมาปริพพาชนิยสูตรที่ ๑๓,328,354,27,Sammāparibbājanīyasuttaṃ,1231,1287,57
47,Sn,ธรรมิกสูตรที่ ๑๔,355,380,26,Dhammikasuttaṃ,1288,1383,96
47,Sn,มหาวรรคที่ ๓,381,380,0,Mahāvaggo,1384,1384,1
47,Sn,ปัพพชาสูตรที่ ๑,381,392,12,Pabbajjāsuttaṃ,1385,1446,62
47,Sn,ปธานสูตรที่ ๒,393,410,18,Padhānasuttaṃ,1447,1524,78
47,Sn,สุภาษิตสูตรที่ ๓,411,453,43,Subhāsitasuttaṃ,1525,1654,130
47,Sn,มาฆสูตรที่ ๕,454,470,17,Māghasuttaṃ,1655,1741,87
47,Sn,สภิยสูตรที่ ๖,471,512,42,Sabhiyasuttaṃ,1742,1899,158
47,Sn,เสลสูตรที่ ๗,513,555,43,Selasuttaṃ,1900,1995,96
47,Sn,สัลลสูตรที่ ๘,556,569,14,Sallasuttaṃ,1996,2058,63
47,Sn,วาเสฏฐสูตรที่ ๙,570,598,29,Vāseṭṭhasuttaṃ,2059,2260,202
47,Sn,โกกาลิกสูตรที่ ๑๐,599,620,22,Kokālikasuttaṃ,2261,2337,77
47,Sn,นาลกสูตรที่ ๑๑,621,661,41,Nālakasuttaṃ,2338,2477,140
47,Sn,ทวยตานุปัสสนาสูตรที่ ๑๒,662,692,31,Dvayatānupassanāsuttaṃ,2478,2644,167
47,Sn,อัฏฐกวรรคที่ ๔,693,692,0,Aṭṭhakavaggo,2645,2645,1
47,Sn,กามสูตรที่ ๑,693,698,6,Kāmasuttaṃ,2646,2665,20
47,Sn,คุหัฏฐกสูตรที่ ๒,699,709,11,Guhaṭṭhakasuttaṃ,2666,2691,26
47,Sn,ทุฏฐัฏฐกสูตรที่ ๓,710,720,11,Duṭṭhaṭṭhakasuttaṃ,2692,2717,26
47,Sn,สุทธัฏฐกสูตรที่ ๔,721,731,11,Suddhaṭṭhakasuttaṃ,2718,2743,26
47,Sn,ปรมัฏฐกสูตรที่ ๕,732,737,6,Paramaṭṭhakasuttaṃ,2744,2769,26
47,Sn,ชราสูตรที่ ๖,738,745,8,Jarāsuttaṃ,2770,2801,32
47,Sn,ติสสเมตเตยยสูตรที่ ๗,746,752,7,Tissametteyyasuttaṃ,2802,2833,32
47,Sn,ปสูรสูตรที่ ๘,753,764,12,Pasūrasuttaṃ,2834,2868,35
47,Sn,มาคันทิยสูตรที่ ๙,765,778,14,Māgaṇḍiyasuttaṃ,2869,2924,56
47,Sn,ปุราเภทสูตรที่ ๑๐,779,786,8,Purābhedasuttaṃ,2925,2968,44
47,Sn,กลหวิวาทสูตรที่ ๑๑,787,799,13,Kalahavivādasuttaṃ,2969,3024,56
47,Sn,จูฬวิยูหสูตร ๑๒,800,811,12,Cūḷabyūhasuttaṃ,3025,3077,53
47,Sn,มหาวิยูหสูตรที่ ๑๓,812,826,15,Mahābyūhasuttaṃ,3078,3139,62
47,Sn,ตุวฏกสูตรที่ ๑๔,827,838,12,Tuvaṭakasuttaṃ,3140,3203,64
47,Sn,อัตตทัณฑสูตรที่ ๑๕,839,849,11,Attadaṇḍasuttaṃ,3204,3266,63
47,Sn,สารีปุตตสูตรที่ ๑๖,850,863,14,Sāriputtasuttaṃ,3267,3344,78
47,Sn,ปารายนวรรคที่ ๕,864,863,0,Pārāyanavaggo,3345,3345,1
47,Sn,วัตถุกถา,864,890,27,Vatthugāthā,3346,3518,173
47,Sn,อชิตปัญหาที่ ๑,891,896,6,Ajitamāṇavapucchā,3519,3550,32
47,Sn,ติสสเมตเตยยปัญหาที่ ๒,897,899,3,Tissametteyyamāṇavapucchā,3551,3564,14
47,Sn,ปุณณกปัญหาที่ ๓,900,904,5,Puṇṇakamāṇavapucchā,3565,3594,30
47,Sn,เมตตคูปัญหาที่ ๔,905,911,7,Mettagūmāṇavapucchā,3595,3637,43
47,Sn,โธตกปัญหาที่ ๕,912,916,5,Dhotakamāṇavapucchā,3638,3665,28
47,Sn,อุปสีวปัญหาที่ ๖,917,923,7,Upasīvamāṇavapucchā,3666,3697,32
47,Sn,นันทปัญหาที่ ๗,924,929,6,Nandamāṇavapucchā,3698,3735,38
47,Sn,เหมกปัญหาที่ ๘,930,932,3,Hemakamāṇavapucchā,3736,3751,16
47,Sn,โตเทยยปัญหาที่ ๙,933,935,3,Todeyyamāṇavapucchā,3752,3767,16
47,Sn,กัปปปัญหาที่ ๑๐,936,937,2,Kappamāṇavapucchā,3768,3784,17
47,Sn,ชตุกัณณีปัญหาที่ ๑๑,938,941,4,Jatukaṇṇimāṇavapucchā,3785,3803,19
47,Sn,ภัทราวุธปัญหาที่ ๑๒,942,945,4,Bhadrāvudhamāṇavapucchā,3804,3819,16
47,Sn,อุทยปัญหาที่ ๑๓,946,949,4,Udayamāṇavapucchā,3820,3843,24
47,Sn,โปสาลปัญหาที่ ๑๔,950,953,4,Posālamāṇavapucchā,3844,3859,16
47,Sn,โมฆราชปัญหาที่ ๑๕,954,956,3,Mogharājamāṇavapucchā,3860,3875,16
47,Sn,ปิงคิยปัญหาที่ ๑๖,957,959,3,Piṅgiyamāṇavapucchā,3876,3896,21
47,Sn,ปารายนานุสังคีติคาถา,960,,,Pārāyanatthutigāthā,3897,,
48,Vv,๑. ปฐมปีฐวิมาน,1,37,37,Paṭhamapīṭhavimānavatthu,6,28,23
48,Vv,๒. ทุติยปีฐวิมาน,38,41,4,Dutiyapīṭhavimānavatthu,29,51,23
48,Vv,๓. ตติยปีฐวิมาน,42,47,6,Tatiyapīṭhavimānavatthu,52,77,26
48,Vv,๔. จตุตถปีฐวิมาน,48,50,3,Catutthapīṭhavimānavatthu,78,103,26
48,Vv,๕. กุญชรวิมาน,51,62,12,Kuñjaravimānavatthu,104,141,38
48,Vv,๖. ปฐมนาวาวิมาน,63,68,6,Paṭhamanāvāvimānavatthu,142,173,32
48,Vv,๗. ทุติยนาวาวิมาน,69,73,5,Dutiyanāvāvimānavatthu,174,205,32
48,Vv,๘. ตตินาวาวิมาน,74,81,8,Tatiyanāvāvimānavatthu,206,244,39
48,Vv,๙. ปทีปวิมาน,82,86,5,Dīpavimānavatthu,245,276,32
48,Vv,๑๐. ติลทักขิณวิมาน,87,91,5,Tiladakkhiṇavimānavatthu,277,302,26
48,Vv,๑๑. ปฐมปติพพตาวิมาน,92,96,5,Paṭhamapatibbatāvimānavatthu,303,328,26
48,Vv,๑๒. ทุติยปติพพตาวิมาน,97,100,4,Dutiyapatibbatāvimānavatthu,329,352,24
48,Vv,๑๓. ปฐมสุณิสาวิมาน,101,103,3,Paṭhamasuṇisāvimānavatthu,353,378,26
48,Vv,๑๔. ทุติยสุณิสาวิมาน,104,106,3,Dutiyasuṇisāvimānavatthu,379,404,26
48,Vv,๑๕. อุตตราวิมาน,107,124,18,Uttarāvimānavatthu,405,443,39
48,Vv,๑๖. สิริมาวิมาน,125,144,20,Sirimāvimānavatthu,444,488,45
48,Vv,๑๗. เปสการิยวิมาน,145,153,9,Kesakārīvimānavatthu,489,518,30
48,Vv,๑. ทาสีวิมาน,154,164,11,Dāsivimānavatthu,519,568,50
48,Vv,๒. ลขุมาวิมาน,165,168,4,Lakhumāvimānavatthu,569,603,35
48,Vv,๓. อาจามทายิกาวิมาน,169,176,8,Ācāmadāyikāvimānavatthu,604,638,35
48,Vv,๔. จัณฑาลิวิมาน,177,184,8,Caṇḍālivimānavatthu,639,673,35
48,Vv,๕. ภัททิตถิกาวิมาน,185,194,10,Bhadditthivimānavatthu,674,710,37
48,Vv,๖. โสณทินนาวิมาน,195,198,4,Soṇadinnāvimānavatthu,711,745,35
48,Vv,๗. อุโบสถาวิมาน,199,204,6,Uposathāvimānavatthu,746,792,47
48,Vv,๘. สุนิททาวิมาน,205,207,3,Niddāvimānavatthu,793,822,30
48,Vv,๙. สุทินนาวิมาน,208,209,2,Suniddāvimānavatthu,823,840,18
48,Vv,๑๐. ปฐมภิกษาทายิกาวิมาน,210,212,3,Paṭhamabhikkhādāyikāvimānavatthu,841,857,17
48,Vv,๑๑. ทุติยภิกษาทายิกาวิมาน,213,215,3,Dutiyabhikkhādāyikāvimānavatthu,858,881,24
48,Vv,๑. อุฬารวิมาน,216,222,7,Uḷāravimānavatthu,882,913,32
48,Vv,๒. อุจฉุทายิกาวิมาน,223,229,7,Ucchudāyikāvimānavatthu,914,949,36
48,Vv,๓. ปัลลังกวิมาน,230,235,6,Pallaṅkavimānavatthu,950,980,31
48,Vv,๔. ลตาวิมาน,236,246,11,Latāvimānavatthu,981,1015,35
48,Vv,๕. คุตติลวิมาน,247,278,32,Guttilavimānaṃ,1016,1300,285
48,Vv,๖. ทัททัลลวิมาน,279,293,15,Daddallavimānavatthu,1301,1382,82
48,Vv,๗. เสสวดีวิมาน,294,308,15,Pesavatīvimānavatthu,1383,1420,38
48,Vv,๘. มัลลิกาวิมาน,309,316,8,Mallikāvimānavatthu,1421,1446,26
48,Vv,๙. วิสาลักขิวิมาน,317,323,7,Visālakkhivimānavatthu,1447,1491,45
48,Vv,๑๐. ปริฉัตตกวิมาน,324,330,7,Pāricchattakavimānavatthu,1492,1526,35
48,Vv,๑. มัญชิฏฐกวิมาน,331,335,5,Mañjiṭṭhakavimānavatthu,1527,1552,26
48,Vv,๒. ปภัสสรวิมาน,336,340,5,Pabhassaravimānavatthu,1553,1579,27
48,Vv,๓. นาควิมาน,341,345,5,Nāgavimānavatthu,1580,1599,20
48,Vv,๔. อโลมวิมาน,346,349,4,Alomavimānavatthu,1600,1617,18
48,Vv,๕. กัญชิกทายิกาวิมาน,350,353,4,Kañjikadāyikāvimānavatthu,1618,1646,29
48,Vv,๖. วิหารวิมาน,354,369,16,Vihāravimānavatthu,1647,1727,81
48,Vv,๗. จตุริตถีวิมาน,370,376,7,Caturitthivimānavatthu,1728,1767,40
48,Vv,๘. อัมพวิมาน,377,381,5,Ambavimānavatthu,1768,1796,29
48,Vv,๙. ปีตวิมาน,382,389,8,Pītavimānavatthu,1797,1837,41
48,Vv,๑๐. อุจฉุวิมาน,390,393,4,Ucchuvimānavatthu,1838,1873,36
48,Vv,๑๑. วันทนวิมาน,394,397,4,Vandanavimānavatthu,1874,1888,15
48,Vv,๑๒. รัชชุมาลาวิมาน,398,417,20,Rajjumālāvimānavatthu,1889,1993,105
48,Vv,๑. มัณฑูกเทวปุตตวิมาน,418,423,6,Maṇḍūkadevaputtavimānavatthu,1994,2007,14
48,Vv,๒. เรวตีวิมาน,424,440,17,Revatīvimānavatthu,2008,2087,80
48,Vv,๓. ฉัตตมาณวกวิมาน,441,463,23,Chattamāṇavakavimānavatthu,2088,2164,77
48,Vv,๔. กักกฏกรสทายกวิมาน,464,468,5,Kakkaṭakarasadāyakavimānavatthu,2165,2191,27
48,Vv,๕. ทวารปาลกวิมาน,469,472,4,Dvārapālavimānavatthu,2192,2209,18
48,Vv,๖. ปฐมกรณียวิมาน,473,475,3,Paṭhamakaraṇīyavimānavatthu,2210,2230,21
48,Vv,๗. ทุติยกรณียวิมาน,476,477,2,Dutiyakaraṇīyavimānavatthu,2231,2251,21
48,Vv,๘. ปฐมสูจิวิมาน,478,480,3,Paṭhamasūcivimānavatthu,2252,2269,18
48,Vv,๙. ทุติยสูจิวิมาน,481,483,3,Dutiyasūcivimānavatthu,2270,2288,19
48,Vv,๑๐. ปฐมนาควิมาน,484,487,4,Paṭhamanāgavimānavatthu,2289,2307,19
48,Vv,๑๑. ทุติยนาควิมาน,488,491,4,Dutiyanāgavimānavatthu,2308,2326,19
48,Vv,๑๒. ตติยนาควิมาน,492,497,6,Tatiyanāgavimānavatthu,2327,2343,17
48,Vv,๑๓. จูฬรถวิมาน,498,517,20,Cūḷarathavimānavatthu,2344,2447,104
48,Vv,๑๔. มหารถวิมาน,518,544,27,Mahārathavimānavatthu,2448,2556,109
48,Vv,๑. ปฐมอคาริยวิมาน,545,547,3,Paṭhamaagāriyavimānavatthu,2557,2572,16
48,Vv,๒. ทุติยอคาริยวิมาน,548,549,2,Dutiyaagāriyavimānavatthu,2573,2587,15
48,Vv,๓. ผลทายกวิมาน,550,555,6,Phaladāyakavimānavatthu,2588,2612,25
48,Vv,๔. ปฐมอุปัสสยทายกวิมาน,556,558,3,Paṭhamaupassayadāyakavimānavatthu,2613,2627,15
48,Vv,๕. ทุติยอุปัสสยทายกวิมาน,559,559,1,Dutiyaupassayadāyakavimānavatthu,2628,2634,7
48,Vv,๖. ภิกขาทายกวิมาน,560,562,3,Bhikkhādāyakavimānavatthu,2635,2649,15
48,Vv,๗. ยวปาลกวิมาน,563,565,3,Yavapālakavimānavatthu,2650,2663,14
48,Vv,๘. ปฐมกุณฑลีวิมาน,566,568,3,Paṭhamakuṇḍalīvimānavatthu,2664,2682,19
48,Vv,๙. ทุติยกุณฑลีวิมาน,569,571,3,Dutiyakuṇḍalīvimānavatthu,2683,2701,19
48,Vv,๑๐. อุตตรวิมาน,572,576,5,(Uttara) pāyāsivimānavatthu,2702,2723,22
48,Vv,๑. จิตตลดาวิมาน,577,580,4,Cittalatāvimānavatthu,2724,2739,16
48,Vv,๒. นันทนวิมาน,581,583,3,Nandanavimānavatthu,2740,2755,16
48,Vv,๓. มณิถูณวิมาน,584,587,4,Maṇithūṇavimānavatthu,2756,2773,18
48,Vv,๔. สุวรรณวิมาน,588,593,6,Suvaṇṇavimānavatthu,2774,2811,38
48,Vv,๕. อัมพวิมาน,594,599,6,Ambavimānavatthu,2812,2847,36
48,Vv,๖. โคปาลวิมาน,600,606,7,Gopālavimānavatthu,2848,2884,37
48,Vv,๗. กัณฐกวิมาน,607,618,12,Kaṇḍakavimānavatthu,2885,2969,85
48,Vv,๘. อเนกวัณณวิมาน,619,626,8,Anekavaṇṇavimānavatthu,2970,2995,26
48,Vv,๙. มัฏฐกุณฑลีวิมาน,627,641,15,Maṭṭhakuṇḍalīvimānavatthu,2996,3060,65
48,Vv,๑๐. เสริสสกวิมาน,642,680,39,Serīsakavimānavatthu,3061,3242,182
48,Vv,๑๑. สุนิกขิตตวิมาน,681,,,Sunikkhittavimānavatthu,3243,,
48,Vv-a,คันถารัมภกถา,3,8,6,Ganthārambhakathā,4,35,32
48,Vv-a,อรรถกถาปฐมปีฐวิมาน,9,38,30,Paṭhamapīṭhavimānavaṇṇanā,36,110,75
48,Vv-a,อรรถกถาทุติยปีฐวิมาน,39,42,4,Dutiyapīṭhavimānavaṇṇanā,111,135,25
48,Vv-a,อรรถกถาตติยปีฐวิมาน,43,48,6,Tatiyapīṭhavimānavaṇṇanā,136,165,30
48,Vv-a,อรรถกถาจตุตถปีฐวิมาน,49,52,4,Catutthapīṭhavimānavaṇṇanā,166,193,28
48,Vv-a,อรรถกถากุญชรวิมาน,53,63,11,Kuñjaravimānavaṇṇanā,194,249,56
48,Vv-a,อรรถกถาปฐมนาวาวิมาน,64,70,7,Paṭhamanāvāvimānavaṇṇanā,250,293,44
48,Vv-a,อรรถกถาทุติยนาวาวิมาน,71,75,5,Dutiyanāvāvimānavaṇṇanā,294,327,34
48,Vv-a,อรรถกถาตติยนาวาวิมาน,76,82,7,Tatiyanāvāvimānavaṇṇanā,328,378,51
48,Vv-a,อรรถกถาปทีปวิมาน,83,88,6,Dīpavimānavaṇṇanā,379,417,39
48,Vv-a,อรรถกถาติลทักขิณวิมาน,89,92,4,Tiladakkhiṇavimānavaṇṇanā,418,449,32
48,Vv-a,อรรถปฐมปติพพตาวิมาน,93,97,5,Paṭhamapatibbatāvimānavaṇṇanā,450,483,34
48,Vv-a,อรรถกถาทุติยปติพพตาวิมาน,98,101,4,Dutiyapatibbatāvimānavaṇṇanā,484,516,33
48,Vv-a,อรรถกถาปฐมสุณิสาวิมาน,102,104,3,Paṭhamasuṇisāvimānavaṇṇanā,517,545,29
48,Vv-a,อรรถกถาทุติยสุณิสาวิมาน,105,108,4,Dutiyasuṇisāvimānavaṇṇanā,546,573,28
48,Vv-a,อรรถกถาอุตตราวิมาน,109,128,20,Uttarāvimānavaṇṇanā,574,644,71
48,Vv-a,อรรถกถาสิริมาวิมาน,129,146,18,Sirimāvimānavaṇṇanā,645,719,75
48,Vv-a,อรรถกถาเปสการิยวิมาน,147,156,10,Kesakārīvimānavaṇṇanā,720,763,44
48,Vv-a,อรรถกถาทาสีวิมาน,157,165,9,Dāsivimānavaṇṇanā,764,833,70
48,Vv-a,อรรถกถาขุมาวิมาน,166,170,5,Lakhumāvimānavaṇṇanā,834,872,39
48,Vv-a,อรรถกถาอาจามทายิกาวิมาน,171,178,8,Ācāmadāyikāvimānavaṇṇanā,873,923,51
48,Vv-a,อรรถกถาจัณฑาลิวิมาน,179,186,8,Caṇḍālivimānavaṇṇanā,924,972,49
48,Vv-a,อรรถกถาภัททิตถิกาวิมาน,187,196,10,Bhadditthivimānavaṇṇanā,973,1022,50
48,Vv-a,อรรถกถาโสณทินนาวิมาน,197,200,4,Soṇadinnāvimānavaṇṇanā,1023,1043,21
48,Vv-a,อรรถกถาอุโบสถาวิมาน,201,205,5,Uposathāvimānavaṇṇanā,1044,1086,43
48,Vv-a,อรรถกถาสุนิททาวิมาน,206,209,4,Niddā-suniddāvimānavaṇṇanā,1087,1109,23
48,Vv-a,อรรถกถาปฐมภิกษาทายิกาวิมาน,210,212,3,Paṭhamabhikkhādāyikāvimānavaṇṇanā,1110,1129,20
48,Vv-a,อรรถกถาทุติยภิกษาทายิกาวิมาน,213,217,5,Dutiyabhikkhādāyikāvimānavaṇṇanā,1130,1143,14
48,Vv-a,อรรถกถาอุฬารวิมาน,218,224,7,Uḷāravimānavaṇṇanā,1144,1188,45
48,Vv-a,อรรถกถาอุจฉุทายิกาวิมาน,225,231,7,Ucchudāyikāvimānavaṇṇanā,1189,1234,46
48,Vv-a,อรรถกถาปัลลังกวิมาน,232,238,7,Pallaṅkavimānavaṇṇanā,1235,1280,46
48,Vv-a,อรรถกถาลตาวิมาน,239,260,22,Latāvimānavaṇṇanā,1281,1330,50
48,Vv-a,อรรถกถาคุตติลวิมาน,261,283,23,Guttilavimānavaṇṇanā,1331,1468,138
48,Vv-a,อรรถกถาทัททัลลวิมาน,284,296,13,Daddallavimānavaṇṇanā,1469,1581,113
48,Vv-a,อรรถกถาเสสวดีวิมาน,297,309,13,Pesavatīvimānavaṇṇanā,1582,1638,57
48,Vv-a,อรรถกถามัลลิกาวิมาน,310,318,9,Mallikāvimānavaṇṇanā,1639,1675,37
48,Vv-a,อรรถกถาวิสาลักขิวิมาน,319,332,14,Visālakkhivimānavaṇṇanā,1676,1774,99
48,Vv-a,อรรถกถามัญชิฏฐกวิมาน,333,336,4,Mañjiṭṭhakavimānavaṇṇanā,1775,1807,33
48,Vv-a,อรรถกถาปภัสสรวิมาน,337,341,5,Pabhassaravimānavaṇṇanā,1808,1841,34
48,Vv-a,อรรถกถานาควิมาน,342,350,9,Nāgavimānavaṇṇanā,1842,1885,44
48,Vv-a,อรรถกถากัญชิกทายิกาวิมาน,351,357,7,Kañjikadāyikāvimānavaṇṇanā,1886,1919,34
48,Vv-a,อรรถกถาวิหารวิมาน,358,372,15,Vihāravimānavaṇṇanā,1920,2028,109
48,Vv-a,อรรถกถาจตุริตถีวิมาน,373,378,6,Caturitthivimānavaṇṇanā,2029,2064,36
48,Vv-a,อรรถกถาอัมพวิมาน,379,383,5,Ambavimānavaṇṇanā,2065,2098,34
48,Vv-a,อรรถกถาปีตวิมาน,384,391,8,Pītavimānavaṇṇanā,2099,2154,56
48,Vv-a,อรรถกถาอุจฉุวิมาน,392,394,3,Ucchuvimānavaṇṇanā,2155,2193,39
48,Vv-a,อรรถกถาวันทนวิมาน,395,401,7,Vandanavimānavaṇṇanā,2194,2205,12
48,Vv-a,อรรถกถารัชชุมาลาวิมาน,402,418,17,Rajjumālāvimānavaṇṇanā,2206,2334,129
48,Vv-a,อรรถกถามัณฑูกเทวปุตตวิมาน,419,427,9,Maṇḍūkadevaputtavimānavaṇṇanā,2335,2356,22
48,Vv-a,อรรถกถาเรวตีวิมาน,428,444,17,Revatīvimānavaṇṇanā,2357,2466,110
48,Vv-a,อรรถกถาอัตตมาณวกวิมาน,445,464,20,Chattamāṇavakavimānavaṇṇanā,2467,2574,108
48,Vv-a,อรรถกถากักกฏกรสทายกวิมาน,465,468,4,Kakkaṭakarasadāyakavimānavaṇṇanā,2575,2607,33
48,Vv-a,อรรถกถาทวารปาลกวิมาน,469,473,5,Dvārapālakavimānavaṇṇanā,2608,2626,19
48,Vv-a,อรรถกถาปฐมกรณียวิมาน,474,476,3,Paṭhamakaraṇīyavimānavaṇṇanā,2627,2641,15
48,Vv-a,อรรถกถาทุติยกรณียวิมาน,477,478,2,Dutiyakaraṇīyavimānavaṇṇanā,2642,2660,19
48,Vv-a,อรรถกถาปฐมสูจิวิมาน,479,481,3,Paṭhamasūcivimānavaṇṇanā,2661,2674,14
48,Vv-a,อรรถกถาทุติยสูจิวิมาน,482,484,3,Dutiyasūcivimānavaṇṇanā,2675,2690,16
48,Vv-a,อรรถกถาปฐมนาควิมาน,485,488,4,Paṭhamanāgavimānavaṇṇanā,2691,2714,24
48,Vv-a,อรรถกถาทุติยนาควิมาน,489,492,4,Dutiyanāgavimānavaṇṇanā,2715,2739,25
48,Vv-a,อรรถกถาตติยานาควิมาน,493,502,10,Tatiyanāgavimānavaṇṇanā,2740,2767,28
48,Vv-a,อรรถกถาจูฬรถวิมาน,503,522,20,Cūḷarathavimānavaṇṇanā,2768,2913,146
48,Vv-a,อรรถกถามหารถวิมาน,523,545,23,Mahārathavimānavaṇṇanā,2914,3054,141
48,Vv-a,อรรถกถาปฐมอคาริยวิมาน,546,548,3,Paṭhamaagāriyavimānavaṇṇanā,3055,3074,20
48,Vv-a,อรรถกถาทุติยอคาริยวิมาน,549,550,2,Dutiyaagāriyavimānavaṇṇanā,3075,3094,20
48,Vv-a,อรรถกถาผลทายกวิมาน,551,556,6,Phaladāyakavimānavaṇṇanā,3095,3125,31
48,Vv-a,อรรถกถาปฐมอุปัสสยทายกวิมาน,557,560,4,Paṭhamaupassayadāyakavimānavaṇṇanā,3126,3152,27
48,Vv-a,อรรถกถาภิกขาทายกวิมาน,561,563,3,Bhikkhādāyakavimānavaṇṇanā,3153,3170,18
48,Vv-a,อรรถกถายวปาลกวิมาน,564,566,3,Yavapālakavimānavaṇṇanā,3171,3188,18
48,Vv-a,อรรถกถาปฐมกุณฑลีวิมาน,567,569,3,Paṭhamakuṇḍalīvimānavaṇṇanā,3189,3211,23
48,Vv-a,อรรถกถาทุติยกุณฑลีวิมาน,570,572,3,Dutiyakuṇḍalīvimānavaṇṇanā,3212,3234,23
48,Vv-a,อรรถกถาอุตตวิมาน,573,578,6,(Uttara) pāyāsivimānavaṇṇanā,3235,3260,26
48,Vv-a,อรรถกถาจิตตลดาวิมาน,579,581,3,Cittalatāvimānavaṇṇanā,3261,3278,18
48,Vv-a,อรรถกถานันทนวิมาน,582,584,3,Nandanavimānavaṇṇanā,3279,3295,17
48,Vv-a,อรรถกถามณิถูณวิมาน,585,588,4,Maṇithūṇavimānavaṇṇanā,3296,3316,21
48,Vv-a,อรรถกกถาสุวรรณวิมาน,589,595,7,Suvaṇṇavimānavaṇṇanā,3317,3365,49
48,Vv-a,อรรถกถาอัมพวิมาน,596,601,6,Ambavimānavaṇṇanā,3366,3412,47
48,Vv-a,อรรถกถาโคปาลวิมาน,602,609,8,Gopālavimānavaṇṇanā,3413,3459,47
48,Vv-a,อรรถกถากัณฐกวิมาน,610,620,11,Kaṇḍakavimānavaṇṇanā,3460,3568,109
48,Vv-a,อรรถกถาอเนกวัณณวิมาน,621,630,10,Anekavaṇṇavimānavaṇṇanā,3569,3608,40
48,Vv-a,อรรถกถามัฏฐกุณฑลีวิมาน,631,651,21,Maṭṭhakuṇḍalīvimānavaṇṇanā,3609,3707,99
48,Vv-a,อรรถกถาเสรีสกวิมาน,652,681,30,Serīsakavimānavaṇṇanā,3708,3954,247
48,Vv-a,อรรถกถาสุนิกขิตตวิมาน,682,685,4,Sunikkhittavimānavaṇṇanā,3955,3990,36
48,Vv-a,คำท้ายเรื่อง,686,,,Nigamanakathā,3991,,
49,Pv,๑. เขตตูปมาเปตวัตถุ,1,5,5,1. Khettūpamapetavatthu,5,15,11
49,Pv,อุรควรรคที่ ๑,6,16,11,1. Uragavaggo,4,4,1
49,Pv,๒. สูกรเปตวัตถุ,17,21,5,2. Sūkaramukhapetavatthu,16,26,11
49,Pv,๓. ปูติมุขเปตวัตถุ,22,29,8,3. Pūtimukhapetavatthu,27,39,13
49,Pv,๔. ปิฏฐธีตลิกเปตวัตถุ,30,36,7,4. Piṭṭhadhītalikapetavatthu,40,55,16
49,Pv,๕. ติโรกุฑฑเปตวัตถุ,37,60,24,5. Tirokuṭṭapetavatthu,56,95,40
49,Pv,๖. ปัญจปุตตขาทิกเปติวัตถุ,61,69,9,6. Pañcaputtakhādapetivatthu,96,125,30
49,Pv,๗. สัตตปุตตขาทิกเปติวัตถุ,70,75,6,7. Sattaputtakhādapetivatthu,126,160,35
49,Pv,๘. โคณเปตวัตถุ,76,83,8,8. Goṇapetavatthu,161,186,26
49,Pv,๙. มหาเปสการเปติวัตถุ,84,91,8,9. Mahāpesakārapetivatthu,187,201,15
49,Pv,๑๐. ขัลลาติยเปติวัตถุ,92,105,14,10. Khallāṭiyapetivatthu,202,249,48
49,Pv,๑๑. นาคเปตวัตถุ,106,119,14,11. Nāgapetavatthu,250,288,39
49,Pv,๑๒. อุรคเปตวัตถุ,120,131,12,12. Uragapetavatthu,289,325,37
49,Pv,อุพพรีวรรคที่ ๒,132,131,0,2. Ubbarivaggo,326,326,1
49,Pv,๑. สังสารโมจกเปติวัตถุ,132,154,23,1. Saṃsāramocakapetivatthu,327,392,66
49,Pv,๒. สาริปุตตเถรมาตุเปติวัตถุ,155,164,10,2. Sāriputtattheramātupetivatthu,393,448,56
49,Pv,๓. มัตตาเปติวัตถุ,165,183,19,3. Mattāpetivatthu,449,556,108
49,Pv,๔. นันทาเปติวัตถุ,184,191,8,4. Nandāpetivatthu,557,614,58
49,Pv,๕. มัฏฐกุณฑลีเปตวัตถุ,192,193,2,5. Maṭṭhakuṇḍalīpetavatthu,615,679,65
49,Pv,๖. กัณหเปตวัตถุ,194,208,15,6. Kaṇhapetavatthu,680,742,63
49,Pv,๗. ธนปาลเปตวัตถุ,209,221,13,7. Dhanapālaseṭṭhipetavatthu,743,803,61
49,Pv,๘. จูฬเสฏฐีเปตวัตถุ,222,234,13,8. Cūḷaseṭṭhipetavatthu,804,843,40
49,Pv,๙. อังกุรเปตวัตถุ,235,292,58,9. Aṅkurapetavatthu,844,1070,227
49,Pv,๑๐. อุตตรมาตุเปติวัตถุ,293,300,8,10. Uttaramātupetivatthu,1071,1103,33
49,Pv,๑๑. สุตตเปตวัตถุ,301,311,11,11. Suttapetavatthu,1104,1128,25
49,Pv,๑๒. กัณณมุณฑเปติวัตถุ,312,329,18,12. Kaṇṇamuṇḍapetivatthu,1129,1193,65
49,Pv,๑๓. อุพพรีเปติวัตถุ,330,346,17,13. Ubbaripetavatthu,1194,1258,65
49,Pv,จูฬวรรคที่ ๓,347,346,0,3. Cūḷavaggo,1259,1259,1
49,Pv,๑. อภิชชมานเปตวัตถุ,347,364,18,1. Abhijjamānapetavatthu,1260,1326,67
49,Pv,๒. สานุวาสีเถรเปตวัตถุ,365,383,19,2. Sāṇavāsītherapetavatthu,1327,1426,100
49,Pv,๓. รถการีเปติวัตถุ,384,392,9,3. Rathakārapetivatthu,1427,1453,27
49,Pv,๔. ภุสเปตวัตถุ,393,398,6,4. Bhusapetavatthu,1454,1473,20
49,Pv,๕. กุมารเปตวัตถุ,399,410,12,5. Kumārapetavatthu,1474,1508,35
49,Pv,๖. เสรินีเปติวัตถุ,411,419,9,6. Seriṇīpetavatthu,1509,1558,50
49,Pv,๗. มิคลุททเปตวัตถุที่ ๑,420,427,8,7. Migaluddakapetavatthu,1559,1590,32
49,Pv,๘. มิคลุททเปตวัตถุที่ ๒,428,432,5,8. Dutiyamigaluddakapetavatthu,1591,1626,36
49,Pv,๙. กูฏวินิจฉยีกเปตวัตถุ,433,438,6,9. Kūṭavinicchayikapetavatthu,1627,1654,28
49,Pv,๑๐. ธาตุวิวัณณเปตวัตถุ,439,446,8,10. Dhātuvivaṇṇapetavatthu,1655,1692,38
49,Pv,มหาวรรคที่ ๔,447,446,0,4. Mahāvaggo,1693,1693,1
49,Pv,๑. อัมพสักขรเปตวัตถุ,447,506,60,1. Ambasakkarapetavatthu,1694,1964,271
49,Pv,๒. เสรีสกเปตวัตถุ,507,507,1,2. Serīsakapetavatthu,1965,2134,170
49,Pv,๓. นันทกเปตวัตถุ,508,536,29,3. Nandakapetavatthu,2135,2311,177
49,Pv,๔. เรวดีเปติวัตถุ,537,537,1,4. Revatīpetavatthu,2312,2385,74
49,Pv,๕. อุจฉุเปตวัตถุ,538,544,7,5. Ucchupetavatthu,2386,2414,29
49,Pv,๖. กุมารเปตวัตถุ,545,550,6,6. Kumārapetavatthu,2415,2438,24
49,Pv,๗. ราชปุตตเปตวัตถุ,551,558,8,7. Rājaputtapetavatthu,2439,2479,41
49,Pv,๘. คูถขาทิกเปตวัตถุที่ ๑,559,564,6,8. Gūthakhādakapetavatthu,2480,2505,26
49,Pv,๙. คูถขาทิกเปติวัตถุที่ ๒,565,565,1,9. Gūthakhādakapetivatthu,2506,2531,26
49,Pv,๑๐. คณเปตวัตถุ,566,571,6,10. Gaṇapetavatthu,2532,2566,35
49,Pv,๑๑. ปาฏลีปุตตเปตวัตถุ,572,576,5,11. Pāṭaliputtapetavatthu,2567,2578,12
49,Pv,๑๒. อัมพวนเปตวัตถุ,577,584,8,12. Ambavanapetavatthu,2579,2592,14
49,Pv,๑๓. อักขรุกขเปตวัตถุ,585,587,3,13. Akkharukkhapetavatthu,2593,2597,5
49,Pv,๑๔. โภคสังหรณเปติวัตถุ,588,590,3,14. Bhogasaṃharapetavatthu,2598,2602,5
49,Pv,๑๕. เสฏฐิปุตตเปตวัตถุ,591,596,6,15. Seṭṭhiputtapetavatthu,2603,2616,14
49,Pv,๑๖. สัฏฐีกูฏหัสสเปตวัตถุ,597,,,16. Saṭṭhikūṭapetavatthu,2617,,
49,Pv-a,อรรถกถาเขตตูปมาเปตวัตถุที่ ๑,6,16,11,1. Khettūpamapetavatthuvaṇṇanā,32,55,24
49,Pv-a,อรรถกถาสูกรเปตวัตถุ  ๒,17,22,6,2. Sūkaramukhapetavatthuvaṇṇanā,56,73,18
49,Pv-a,อรรถกถาปูติมุขเปตวัตถุที่ ๓,23,30,8,3. Pūtimukhapetavatthuvaṇṇanā,74,97,24
49,Pv-a,อรรถกถาปิฏฐธีตลิกเปตวัตถุที่  ๔,31,61,31,4. Piṭṭhadhītalikapetavatthuvaṇṇanā,98,202,105
49,Pv-a,อรรถกถาปัญจปุตตขาทกเปติวัตถุที่  ๖,62,70,9,6. Pañcaputtakhādakapetivatthuvaṇṇanā,203,246,44
49,Pv-a,อรรถกถาสัตตปุตตขาทกเปติวัตถุที่  ๗,71,76,6,7. Sattaputtakhādakapetivatthuvaṇṇanā,247,288,42
49,Pv-a,อรรถกถาโคณเปตวัตถุที่  ๘,77,84,8,8. Goṇapetavatthuvaṇṇanā,289,324,36
49,Pv-a,อรรถกถามหาเปสการเปติวัตถุที่  ๙,85,93,9,9. Mahāpesakārapetivatthuvaṇṇanā,325,347,23
49,Pv-a,อรรถกถาขัลลาฏิยะเปตวัตถุที่  ๑๐,94,135,42,10. Khallāṭiyapetivatthuvaṇṇanā,348,529,182
49,Pv-a,อรรถกถาสังสารโมจกเปติวัตถุที่ ๑,136,157,22,1. Saṃsāramocakapetivatthuvaṇṇanā,530,626,97
49,Pv-a,อรรถกถาสาริปุตตเถรมาตุเปติวัตถุที่  ๒,158,170,13,2. Sāriputtattheramātupetivatthuvaṇṇanā,627,678,52
49,Pv-a,อรรถกถามัตตาเปติวัตถุที่  ๓,171,186,16,3. Mattāpetivatthuvaṇṇanā,679,808,130
49,Pv-a,อรรถกถานันทาเปติวัตถุที่  ๔,187,191,5,4. Nandāpetivatthuvaṇṇanā,809,876,68
49,Pv-a,อรรถกถามัฏฐกุณฑลีเปตวัตถุที่  ๕,192,196,5,5. Maṭṭhakuṇḍalīpetavatthuvaṇṇanā,877,880,4
49,Pv-a,อรรถกถากัณหเปตวัตถุที่  ๖,197,246,50,6. Kaṇhapetavatthuvaṇṇanā,881,1099,219
49,Pv-a,อรรถกถาอังกุรเปตวัตถุที่  ๙,247,293,47,9. Aṅkurapetavatthuvaṇṇanā,1100,1432,333
49,Pv-a,อรรถกถาอุตตรมาตุเปติวัตถุที่  ๑๐,294,301,8,10. Uttaramātupetivatthuvaṇṇanā,1433,1479,47
49,Pv-a,อรรถกถาสุตตเปตวัตถุที่ ๑๑,302,314,13,11. Suttapetavatthuvaṇṇanā,1480,1523,44
49,Pv-a,อรรถกถากัณณมุณฑเปติวัตถุที่  ๑๒,315,332,18,12. Kaṇṇamuṇḍapetivatthuvaṇṇanā,1524,1617,94
49,Pv-a,อรรถกถาอุพพรีเปติวัตถุที่  ๑๓,333,369,37,13. Ḍhubbaripetavatthuvaṇṇanā,1618,1802,185
49,Pv-a,อรรถกถาสานุวาสีเถรเปตวัตถุที่  ๒,370,385,16,2. Sāṇavāsittherapetavatthuvaṇṇanā,1803,1923,121
49,Pv-a,อรรถกถารถการีเปติวัตถุที่  ๓,386,393,8,3. Rathakārapetivatthuvaṇṇanā,1924,1965,42
49,Pv-a,อรรถกถาภุสเปตวัตถุที่  ๔,394,400,7,4. Bhusapetavatthuvaṇṇanā,1966,1994,29
49,Pv-a,อรรถกถากุมารเปตวัตถุที่  ๕,401,412,12,5. Kumārapetavatthuvaṇṇanā,1995,2050,56
49,Pv-a,อรรถกถาเสรินีเปติวัตถุที่  ๖,413,421,9,6. Seriṇīpetivatthuvaṇṇanā,2051,2113,63
49,Pv-a,อรรถกถาปฐมมิคลุททกเปตวัตถุที่  ๗,422,428,7,7. Migaluddakapetavatthuvaṇṇanā,2114,2160,47
49,Pv-a,อรรถกถาทุติยมิคลุททกเปตวัตถุที่  ๘,429,433,5,8. Dutiyamigaluddakapetavatthuvaṇṇanā,2161,2200,40
49,Pv-a,อรรถกถากูฏวินิจฉยิกเปตวัตถุที่  ๙,434,439,6,9. Kūṭavinicchayikapetavatthuvaṇṇanā,2201,2235,35
49,Pv-a,อรรถกถาธาตุวิวัณณเปตวัตถุที่  ๑๐,440,464,25,10. Dhātuvivaṇṇapetavatthuvaṇṇanā,2236,2283,48
49,Pv-a,อรรถกถาอัมพสักขรเปตวัตถุที่  ๑,465,506,42,1. Ambasakkarapetavatthuvaṇṇanā,2284,2639,356
49,Pv-a,อรรถกถาเสรีสกเปตวัตถุที่  ๒,507,515,9,2. Serīsakapetavatthuvaṇṇanā,2640,2642,3
49,Pv-a,อรรถกถานันทกเปตวัตถุที่  ๓,516,538,23,3. Nandakapetavatthuvaṇṇanā,2643,2850,208
49,Pv-a,อรรถกถาอุจฉุเปตวัตถุที่  ๕,539,545,7,5. Ucchupetavatthuvaṇṇanā,2851,2890,40
49,Pv-a,อรรถกถากุมารเปตวัตถุที่  ๖,546,552,7,6. Kumārapetavatthuvaṇṇanā,2891,2924,34
49,Pv-a,อรรถกถาราชปุตตเปตวัตถุที่  ๗,553,559,7,7. Rājaputtapetavatthuvaṇṇanā,2925,2983,59
49,Pv-a,อรรถกถาปฐมคูถขาทกเปตวัตถุที่  ๘,560,564,5,8. Gūthakhādakapetavatthuvaṇṇanā,2984,3022,39
49,Pv-a,อรรถกถาทุติยคูถขาทกเปติวัตถุที่  ๙,565,567,3,9. Gūthakhādakapetivatthuvaṇṇanā,3023,3025,3
49,Pv-a,อรรถกถาคณเปตวัตถุที่  ๑๐,568,572,5,10. Gaṇapetavatthuvaṇṇanā,3026,3070,45
49,Pv-a,อรรถกถาปาฏลีปุตตเปตวัตถุที่  ๑๑,573,578,6,11. Pāṭaliputtapetavatthuvaṇṇanā,3071,3088,18
49,Pv-a,อรรถกถาอัมพวนเปตวัตถุที่  ๑๒,579,584,6,12. Ambavanapetavatthuvaṇṇanā,3089,3118,30
49,Pv-a,อรรถกถาอักขรุกขเปตวัตถุที่  ๑๓,585,587,3,13. Akkharukkhapetavatthuvaṇṇanā,3119,3127,9
49,Pv-a,อรรถกถาโภคสังหรณเปติวัตถุที่  ๑๔,588,591,4,14. Bhogasaṃharaṇapetivatthuvaṇṇanā,3128,3139,12
49,Pv-a,อรรถกถาเสฏฐิปุตตเปตวัตถุที่  ๑๕,592,597,6,15. Seṭṭhiputtapetavatthuvaṇṇanā,3140,3162,23
49,Pv-a,อรรถกถาสักฐิกูฏเปตวัตถุที่  ๑๖,598,605,8,16. Saṭṭhikūṭapetavatthuvaṇṇanā,3163,3211,49
49,Pv-a,กถาสรุปท้าย,606,,,Nigamanakathā,3212,,
5,Sp-ii-b,อรรถกถาปาราชิกกัณฑ์,10,9,0,1. Pārājikakaṇḍaṃ (bhikkhunīvibhaṅgavaṇṇanā),926,930,5
5,Sp-ii-b,ปาราชิกสิกขาบทที่ ๑,10,19,10,1. Paṭhamapārājikasikkhāpadavaṇṇanā,931,942,12
5,Sp-ii-b,อรรถกถาปาราชิกสิกขาบทที่ ๒,20,27,8,2. Dutiyapārājikasikkhāpadavaṇṇanā,943,948,6
5,Sp-ii-b,อรรถกถาปาราชิกสิกขาบทที่ ๓,28,34,7,3. Tatiyapārājikasikkhāpadavaṇṇanā,949,952,4
5,Sp-ii-b,อรรถกถาปาราชิกสิกขาบทที่ ๔,35,53,19,4. Catutthapārājikasikkhāpadavaṇṇanā,953,986,34
5,Sp-ii-b,อรรถกถาสังฆาทิเสสสิกขาบทที่ ๒,54,62,9,2. Dutiyasaṅghādisesasikkhāpadavaṇṇanā,987,991,5
5,Sp-ii-b,อรรถกถาสังฆาทิเสสสิกขาบทที่ ๓,63,71,9,3. Tatiyasaṅghādisesasikkhāpadavaṇṇanā,992,1001,10
5,Sp-ii-b,อรรถกถาสังฆาทิเสสสิกขาบทที่ ๔,72,75,4,4. Catutthasaṅghādisesasikkhāpadavaṇṇanā,1002,1005,4
5,Sp-ii-b,อรรถกถาสังฆาทิเสสสิกขาบทที่ ๕,76,80,5,5. Pañcamasaṅghādisesasikkhāpadavaṇṇanā,1006,1009,4
5,Sp-ii-b,อรรถกถาสังฆาทิเสสสิกขาบทที่ ๖,81,87,7,6. Chaṭṭhasaṅghādisesasikkhāpadavaṇṇanā,1010,1017,8
5,Sp-ii-b,อรรถกถาสังฆาทิเสสสิกขาบทที่ ๗,88,93,6,7. Sattamasaṅghādisesasikkhāpadavaṇṇanā,1018,1021,4
5,Sp-ii-b,อรรถกถาสังฆาทิเสสสิกขาบทที่ ๘,94,99,6,8. Aṭṭhamasaṅghādisesasikkhāpadavaṇṇanā,1022,1024,3
5,Sp-ii-b,อรรถกถาสังฆาทิเสสสิกขาบทที่ ๙,100,108,9,9. Navamasaṅghādisesasikkhāpadavaṇṇanā,1025,1027,3
5,Sp-ii-b,อรรถกถาสังฆาทิเสสสิกขาบทที่ ๑๐,109,117,9,10. Dasamasaṅghādisesasikkhāpadavaṇṇanā,1028,1035,8
5,Sp-ii-b,อรรถกถาปัตตวรรค สิกขาบทที่ ๑,118,122,5,Paṭhamanissaggiyapācittiyasikkhāpadavaṇṇanā,1036,1042,7
5,Sp-ii-b,อรรถกถาปัตตวรรค สิกขาบทที่ ๒,123,127,5,Dutiyanissaggiyapācittiyasikkhāpadavaṇṇanā,1043,1047,5
5,Sp-ii-b,อรรถกถาปัตตวรรค สิกขาบทที่ ๓,128,132,5,Tatiyanissaggiyapācittiyasikkhāpadavaṇṇanā,1048,1051,4
5,Sp-ii-b,อรรถกถาปัตตวรรค สิกขาบทที่ ๔,133,137,5,Catutthanissaggiyapācittiyasikkhāpadavaṇṇanā,1052,1056,5
5,Sp-ii-b,อรรถกถาปัตตวรรค สิกขาบทที่ ๕,138,142,5,Pañcamanissaggiyapācittiyasikkhāpadavaṇṇanā,1057,1059,3
5,Sp-ii-b,อรรถกถาปัตตวรรค สิกขาบทที่ ๖,143,148,6,Chaṭṭhanissaggiyapācittiyasikkhāpadavaṇṇanā,1060,1064,5
5,Sp-ii-b,อรรถกถาปัตตวรรค สิกขาบทที่ ๗,149,153,5,Sattamanissaggiyapācittiyasikkhāpadavaṇṇanā,1065,1067,3
5,Sp-ii-b,อรรถกถาปัตตวรรค สิกขาบทที่ ๘,154,158,5,Aṭṭhamanissaggiyapācittiyasikkhāpadavaṇṇanā,1068,1070,3
5,Sp-ii-b,อรรถกถาปัตตวรรค สิกขาบทที่ ๙,159,163,5,Navamanissaggiyapācittiyasikkhāpadavaṇṇanā,1071,1073,3
5,Sp-ii-b,อรรถกถาปัตตวรรค สิกขาบทที่ ๑๐,164,179,16,Dasamanissaggiyapācittiyasikkhāpadavaṇṇanā,1074,1089,16
5,Sp-ii-b,ลสุณวรรคที่ ๑ สิกขาบทที่ ๑,180,183,4,1. Paṭhamalasuṇasikkhāpadavaṇṇanā,1090,1098,9
5,Sp-ii-b,อรรถกถาลสุณวรรค สิกขาบทที่ ๒,184,186,3,2. Dutiyasikkhāpadavaṇṇanā,1099,1102,4
5,Sp-ii-b,อรรถกถาลสุณวรรค สิกขาบทที่ ๓,187,190,4,3. Tatiyasikkhāpadavaṇṇanā,1103,1106,4
5,Sp-ii-b,อรรถกถาลสุณวรรค สิกขาบทที่ ๔,191,194,4,4. Catutthasikkhāpadavaṇṇanā,1107,1110,4
5,Sp-ii-b,อรรถกถาลสุณวรรค สิกขาบทที่ ๕,195,197,3,5. Pañcamasikkhāpadavaṇṇanā,1111,1114,4
5,Sp-ii-b,อรรถกถาลสุณวรรค สิกขาบทที่ ๖,198,201,4,6. Chaṭṭhasikkhāpadavaṇṇanā,1115,1120,6
5,Sp-ii-b,อรรถกถาลสุณวรรค สิกขาบทที่ ๗,202,206,5,7. Sattamasikkhāpadavaṇṇanā,1121,1125,5
5,Sp-ii-b,อรรถกถาลสุณวรรค สิกขาบทที่ ๘,207,210,4,8. Aṭṭhamasikkhāpadavaṇṇanā,1126,1130,5
5,Sp-ii-b,อรรถกถาลสุณวรรค สิกขาบทที่ ๙,211,213,3,9. Navamasikkhāpadavaṇṇanā,1131,1133,3
5,Sp-ii-b,อรรถกถาลสุณวรรค สิกขาบทที่ ๑๐,214,218,5,10. Dasamasikkhāpadavaṇṇanā,1134,1141,8
5,Sp-ii-b,อรรถกถาอันธการวรรค สิกขาบทที่ ๑,219,221,3,1. Paṭhamasikkhāpadavaṇṇanā,1142,1145,4
5,Sp-ii-b,อรรถกถาอันธการวรรค สิกขาบทที่ ๒,222,224,3,2. Dutiyasikkhāpadavaṇṇanā,1146,1148,3
5,Sp-ii-b,อรรถกถาอันธการวรรค สิกขาบทที่ ๓,225,228,4,3. Tatiyasikkhāpadavaṇṇanā,1149,1151,3
5,Sp-ii-b,อรรถกถาอันธการวรรค สิกขาบทที่ ๔,229,232,4,4. Catutthasikkhāpadavaṇṇanā,1152,1154,3
5,Sp-ii-b,อรรถกถาอันธการวรรค สิกขาบทที่ ๕,233,236,4,5. Pañcamasikkhāpadavaṇṇanā,1155,1160,6
5,Sp-ii-b,อรรถกถาอันธการวรรค สิกขาบทที่ ๖,237,240,4,6. Chaṭṭhasikkhāpadavaṇṇanā,1161,1164,4
5,Sp-ii-b,อรรถกถาอันธการวรรค สิกขาบทที่ ๗,241,243,3,7. Sattamasikkhāpadavaṇṇanā,1165,1167,3
5,Sp-ii-b,อรรถกถาอันธการวรรค สิกขาบทที่ ๘,244,247,4,8. Aṭṭhamasikkhāpadavaṇṇanā,1168,1170,3
5,Sp-ii-b,อรรถกถาอันธการวรรค สิกขาบทที่ ๙,248,249,2,9. Navamasikkhāpadavaṇṇanā,1171,1175,5
5,Sp-ii-b,อรรถกถาอันธการวรรค สิกขาบทที่ ๑๐,250,255,6,10. Dasamasikkhāpadavaṇṇanā,1176,1184,9
5,Sp-ii-b,อรรถกถานัคควรรค สิกขาบทที่ ๒,256,259,4,2. Dutiyasikkhāpadavaṇṇanā,1185,1187,3
5,Sp-ii-b,อรรถกถานัคควรรค สิกขาบทที่ ๓,260,262,3,3. Tatiyasikkhāpadavaṇṇanā,1188,1191,4
5,Sp-ii-b,อรรถกถานัคควรรค สิกขาบทที่ ๔,263,265,3,4. Catutthasikkhāpadavaṇṇanā,1192,1195,4
5,Sp-ii-b,อรรถกถานัคควรรค สิกขาบทที่ ๕,266,268,3,5. Pañcamasikkhāpadavaṇṇanā,1196,1199,4
5,Sp-ii-b,อรรถกถานัคควรรค สิกขาบทที่ ๖,269,271,3,6. Chaṭṭhasikkhāpadavaṇṇanā,1200,1203,4
5,Sp-ii-b,อรรถกถานัคควรรค สิกขาบทที่ ๗,272,274,3,7. Sattamasikkhāpadavaṇṇanā,1204,1208,5
5,Sp-ii-b,อรรถกถานัคควรรค สิกขบทที่ ๘,275,278,4,8. Aṭṭhamasikkhāpadavaṇṇanā,1209,1212,4
5,Sp-ii-b,อรรถกถานัคควรรค สิกขาบทที่ ๙,279,282,4,9. Navamasikkhāpadavaṇṇanā,1213,1216,4
5,Sp-ii-b,อรรถกถานัคควรรค สิกขาบทที่ ๑๐,283,285,3,10. Dasamasikkhāpadavaṇṇanā,1217,1223,7
5,Sp-ii-b,อรรถกถาตุวัฏฏวรรค สิกขาบทที่ ๑,286,288,3,1. Paṭhamasikkhāpadavaṇṇanā,1224,1226,3
5,Sp-ii-b,อรรถกถาตุวัฏฏวรรค สิกขาบทที่ ๒,289,292,4,2. Dutiyasikkhāpadavaṇṇanā,1227,1230,4
5,Sp-ii-b,อรรถกถาตุวัฏฏวรรค สิกขาบทที่ ๓,293,295,3,3. Tatiyasikkhāpadavaṇṇanā,1231,1235,5
5,Sp-ii-b,อรรถกถาตุวัฏฏวรรค สิกขาบทที่ ๔,296,300,5,4. Catutthasikkhāpadavaṇṇanā,1236,1239,4
5,Sp-ii-b,อรรถกถาตุวัฏฏวรรค สิกขาบทที่ ๕,301,305,5,5. Pañcamasikkhāpadavaṇṇanā,1240,1243,4
5,Sp-ii-b,อรรถกถาตุวัฏฏวรรค สิกขาบทที่ ๖,306,312,7,6. Chaṭṭhasikkhāpadavaṇṇanā,1244,1246,3
5,Sp-ii-b,อรรถกถาตุวัฏฏวรรค สิกขาบทที่ ๗-๘-๙,313,315,3,7-8-9. Sattamaaṭṭhamanavamasikkhāpadavaṇṇanā,1247,1249,3
5,Sp-ii-b,อรรถกถาตุวัฏฏวรรค สิกขาบทที่ ๑๐,316,318,3,10. Dasamasikkhāpadavaṇṇanā,1250,1256,7
5,Sp-ii-b,อรรถกถาจิตตาคารวรรค สิกขาบทที่ ๑,319,322,4,1. Paṭhamasikkhāpadavaṇṇanā,1257,1261,5
5,Sp-ii-b,อรรถกถาจิตตาคารวรรค สิกขาบทที่ ๒,323,325,3,2. Dutiyasikkhāpadavaṇṇanā,1262,1265,4
5,Sp-ii-b,อรรถกถาจิตตาคารวรรค สิกขาบทที่ ๓,326,333,8,3. Tatiyasikkhāpadavaṇṇanā,1266,1273,8
5,Sp-ii-b,อรรถกถาจิตตาคารวรรค สิกขาบทที่ ๕,334,335,2,5. Pañcamasikkhāpadavaṇṇanā,1274,1277,4
5,Sp-ii-b,อรรถกถาจิตตาคารวรรค สิกขาบทที่ ๖,336,338,3,6. Chaṭṭhasikkhāpadavaṇṇanā,1278,1280,3
5,Sp-ii-b,อรรถกถาจิตตาคาวรรค สิกขาบทที่ ๗,339,342,4,7. Sattamasikkhāpadavaṇṇanā,1281,1284,4
5,Sp-ii-b,อรรถกถาจิตตาคารวรรค สิกขาบทที่ ๘,343,345,3,8. Aṭṭhamasikkhāpadavaṇṇanā,1285,1288,4
5,Sp-ii-b,อรรถกถาจิตตาคารวรรค สิกขาบทที่ ๙,346,348,3,9. Navamasikkhāpadavaṇṇanā,1289,1292,4
5,Sp-ii-b,อรรถกถาจิตตาคารวรรค สิกขาบทที่ ๑๐,349,353,5,10. Dasamasikkhāpadavaṇṇanā,1293,1297,5
5,Sp-ii-b,อรรถกถาอามวรรค สิกขาบทที่ ๑,354,357,4,1. Paṭhamasikkhāpadavaṇṇanā,1298,1302,5
5,Sp-ii-b,อรรถกถาอารามวรรค สิกขาบทที่ ๒,358,360,3,2. Dutiyasikkhāpadavaṇṇanā,1303,1306,4
5,Sp-ii-b,อรรถกถาอารามวรรค สิกขาบทที่ ๓,361,364,4,3. Tatiyasikkhāpadavaṇṇanā,1307,1309,3
5,Sp-ii-b,อรรถกถาอารามวรรค สิกขาบทที่ ๔,365,367,3,4. Catutthasikkhāpadavaṇṇanā,1310,1312,3
5,Sp-ii-b,อรรถกถาอารามวรรค สิกขาบทที่ ๕,368,370,3,5. Pañcamasikkhāpadavaṇṇanā,1313,1316,4
5,Sp-ii-b,อรรถกถาอารามวรรค สิกขาบทที่ ๖,371,373,3,6. Chaṭṭhasikkhāpadavaṇṇanā,1317,1320,4
5,Sp-ii-b,อรรถกถาอารามวรรค สิกขาบทที่ ๗,374,376,3,7. Sattamasikkhāpadavaṇṇanā,1321,1324,4
5,Sp-ii-b,อรรถกถาอารามวรรค สิกขาบทที่ ๘,377,378,2,8. Aṭṭhamasikkhāpadavaṇṇanā,1325,1328,4
5,Sp-ii-b,อรรถกถาอารามวรรค สิกขาบทที่ ๙,379,381,3,9. Navamasikkhāpadavaṇṇanā,1329,1332,4
5,Sp-ii-b,อรรถกถาอารามวรรค สิกขาบทที่ ๑๐,382,385,4,10. Dasamasikkhāpadavaṇṇanā,1333,1339,7
5,Sp-ii-b,อรรถกถาคัพภินีวรรค สิกขาบทที่ ๑,386,388,3,1. Paṭhamasikkhāpadavaṇṇanā,1340,1342,3
5,Sp-ii-b,อรรถกถาคัพภินีวรรค สิกขาบทที่ ๒,389,393,5,2. Dutiyasikkhāpadavaṇṇanā,1343,1345,3
5,Sp-ii-b,อรรถกถาคัพภินีวรรค สิกขาบทที่ ๓,394,399,6,3. Tatiyasikkhāpadavaṇṇanā,1346,1349,4
5,Sp-ii-b,อรรถกถาคัพภินีวรรค สิกขาบทที่ ๔,400,403,4,4. Catutthasikkhāpadavaṇṇanā,1350,1352,3
5,Sp-ii-b,อรรถกถาคัพภินีวรรค สิกขาบทที่ ๕,404,408,5,5. Pañcamasikkhāpadavaṇṇanā,1353,1355,3
5,Sp-ii-b,อรรถกถาคัพภินีวรรค สิกขาบทที่ ๖,409,413,5,6. Chaṭṭhasikkhāpadavaṇṇanā,1356,1358,3
5,Sp-ii-b,อรรถกถาคัพภินีวรรค สิกขาบทที่ ๗,414,416,3,7. Sattamasikkhāpadavaṇṇanā,1359,1361,3
5,Sp-ii-b,อรรถกถาคัพภินีวรรค สิกขาบทที่ ๘,417,418,2,8. Aṭṭhamasikkhāpadavaṇṇanā,1362,1365,4
5,Sp-ii-b,อรรถกถาคัพภินีวรรค สิกขาบทที่ ๙,419,421,3,9. Navamasikkhāpadavaṇṇanā,1366,1368,3
5,Sp-ii-b,อรรถกถาคัพภินีวรรค สิกขาบทที่ ๑๐,422,435,14,10. Dasamasikkhāpadavaṇṇanā,1369,1373,5
5,Sp-ii-b,อรรถกถากุมารีภูตวรรค สิกขาบทที่ ๑-๒-๓,436,444,9,1-2-3. Paṭhamadutiyatatiyasikkhāpadavaṇṇanā,1374,1376,3
5,Sp-ii-b,อรรถกถากุมารีภูตวรรค สิกขาบทที่ ๔-๕-๖,445,447,3,4-5-6. Catutthapañcamachaṭṭhasikkhāpadavaṇṇanā,1377,1379,3
5,Sp-ii-b,อรรถกถากุมารีภูตวรรค สิกขาบทที่ ๗,448,450,3,7. Sattamasikkhāpadavaṇṇanā,1380,1382,3
5,Sp-ii-b,อรรถกถากุมารีภูตวรรค สิกขาบทที่ ๘,451,453,3,8. Aṭṭhamasikkhāpadavaṇṇanā,1383,1385,3
5,Sp-ii-b,อรรถกถากุมารีภูตวรรค สิกขาบทที่ ๙,454,456,3,9. Navamasikkhāpadavaṇṇanā,1386,1388,3
5,Sp-ii-b,อรรถกถากุมารีภูตวรรค สิกขาบทที่ ๑๐,457,459,3,10. Dasamasikkhāpadavaṇṇanā,1389,1392,4
5,Sp-ii-b,อรรถกถากุมารีภูตวรรค สิกขาบทที่ ๑๑,460,463,4,11. Ekādasamasikkhāpadavaṇṇanā,1393,1399,7
5,Sp-ii-b,อรรถกถากุมารีภูตวรรค สิกขาบทที่ ๑๒,464,466,3,12. Dvādasamasikkhāpadavaṇṇanā,1400,1402,3
5,Sp-ii-b,อรรถกถากุมารีภูตวรรค สิกขาบทที่ ๑๓,467,470,4,13. Terasamasikkhāpadavaṇṇanā,1403,1407,5
5,Sp-ii-b,อรรถกถาฉัตตวรรค สิกขาบทที่ ๑,471,474,4,1. Paṭhamasikkhāpadavaṇṇanā,1408,1410,3
5,Sp-ii-b,อรรถกถาฉัพพวรรค สิกขาบทที่ ๒,475,477,3,2. Dutiyasikkhāpadavaṇṇanā,1411,1413,3
5,Sp-ii-b,อรรถกถาฉัตตวรรค สิกขาบทที่ ๓,478,479,2,3. Tatiyasikkhāpadavaṇṇanā,1414,1416,3
5,Sp-ii-b,อรรถกถาฉัตตวรรค สิกขาบทที่ ๔,480,481,2,4. Catutthasikkhāpadavaṇṇanā,1417,1419,3
5,Sp-ii-b,อรรถกถาฉัตตวรรค สิกขาบทที่ ๕,482,486,5,5. Pañcamasikkhāpadavaṇṇanā,1420,1425,6
5,Sp-ii-b,อรรถกถาฉัตตวรรค สิกขาบทที่ ๗,487,492,6,7. Sattamasikkhāpadavaṇṇanā,1426,1428,3
5,Sp-ii-b,อรรถกถาฉัตตวรรค สิกขาบทที่ ๘-๙-๑๐,493,495,3,8-9-10. Aṭṭhamanavamadasamasikkhāpadavaṇṇanā,1429,1431,3
5,Sp-ii-b,อรรถกถาฉัตตวรรค สิกขาบทที่ ๑๑,496,498,3,11. Ekādasamasikkhāpadavaṇṇanā,1432,1434,3
5,Sp-ii-b,อรรถกถาฉัตตวรรค สิกขาบทที่ ๑๒,499,501,3,12. Dvādasamasikkhāpadavaṇṇanā,1435,1437,3
5,Sp-ii-b,อรรถกถาฉัตตวรรค สิกขาบทที่ ๑๓,502,537,36,13. Terasamasikkhāpadavaṇṇanā,1438,1448,11
5,Sp-ii-b,ปาฏิเทสนียวรรณนา,538,,,Pāṭidesanīyasikkhāpadavaṇṇanā,1449,,
5,Vin-ii-b,ปาราชิกกัณฑ์,1,0,0,1. Pārājikakaṇḍaṃ (bhikkhunīvibhaṅgo),2163,2163,1
5,Vin-ii-b,ปาราชิกสิกขาบทที่ ๑,1,15,15,1. Paṭhamapārājikaṃ,2164,2203,40
5,Vin-ii-b,ปาราชิกสิกขาบทที่ ๒,16,21,6,2. Dutiyapārājikaṃ,2204,2219,16
5,Vin-ii-b,ปาราชิกสิกขาบทที่ ๓,22,29,8,3. Tatiyapārājikaṃ,2220,2245,26
5,Vin-ii-b,ปาราชิกสิกขาบทที่ ๔,30,38,9,4. Catutthapārājikaṃ,2246,2268,23
5,Vin-ii-b,สังฆาทิเสสสิกขาบทที่ ๑,39,48,10,1. Paṭhamasaṅghādisesasikkhāpadaṃ,2269,2288,20
5,Vin-ii-b,สังฆาทิเสสสิกขาบทที่ ๒,49,54,6,2. Dutiyasaṅghādisesasikkhāpadaṃ,2289,2311,23
5,Vin-ii-b,สังฆาทิเสสสิกขาบทที่ ๓,55,67,13,3. Tatiyasaṅghādisesasikkhāpadaṃ,2312,2336,25
5,Vin-ii-b,สังฆาทิเสสสิกขาบทที่ ๔,68,72,5,4. Catutthasaṅghādisesasikkhāpadaṃ,2337,2356,20
5,Vin-ii-b,สังฆาทิเสสสิกขาบทที่ ๕,73,76,4,5. Pañcamasaṅghādisesasikkhāpadaṃ,2357,2374,18
5,Vin-ii-b,สังฆาทิเสสสิกขาบทที่ ๖,77,81,5,6. Chaṭṭhasaṅghādisesasikkhāpadaṃ,2375,2388,14
5,Vin-ii-b,สังฆาทิเสสสิกขาบทที่ ๗,82,88,7,7. Sattamasaṅghādisesasikkhāpadaṃ,2389,2409,21
5,Vin-ii-b,สังฆาทิเสสสิกขาบทที่ ๘,89,94,6,8. Aṭṭhamasaṅghādisesasikkhāpadaṃ,2410,2433,24
5,Vin-ii-b,สังฆาทิเสสสิกขาบทที่ ๙,95,100,6,9. Navamasaṅghādisesasikkhāpadaṃ,2434,2459,26
5,Vin-ii-b,สังฆาทิเสสสิกขาบทที่ ๑๐,101,111,11,10. Dasamasaṅghādisesasikkhāpadaṃ,2460,2490,31
5,Vin-ii-b,นิสสัคคิยกัณฑ์,112,111,0,3. Nissaggiyakaṇḍaṃ (bhikkhunīvibhaṅgo),2491,2492,2
5,Vin-ii-b,ปัตตวรรค สิกขาบทที่ ๑,112,118,7,1. Paṭhamasikkhāpadaṃ,2493,2510,18
5,Vin-ii-b,ปัตตวรรค สิกขาบทที่ ๒,119,123,5,2. Dutiyasikkhāpadaṃ,2511,2519,9
5,Vin-ii-b,ปัตตวรรค สิกขาบทที่ ๓,124,128,5,3. Tatiyasikkhāpadaṃ,2520,2532,13
5,Vin-ii-b,ปัตตวรรค สิกขาบทที่ ๔,129,133,5,4. Catutthasikkhāpadaṃ,2533,2542,10
5,Vin-ii-b,ปัตตวรรค สิกขาบทที่ ๕,134,138,5,5. Pañcamasikkhāpadaṃ,2543,2552,10
5,Vin-ii-b,ปัตตวรรค สิกขาบทที่ ๖,139,144,6,6. Chaṭṭhasikkhāpadaṃ,2553,2563,11
5,Vin-ii-b,ปัตตวรรค สิกขาบทที่ ๗,145,149,5,7. Sattamasikkhāpadaṃ,2564,2575,12
5,Vin-ii-b,ปัตตวรรค สิกขาบทที่ ๘,150,154,5,8. Aṭṭhamasikkhāpadaṃ,2576,2586,11
5,Vin-ii-b,ปัตตวรรค สิกขาบทที่ ๙,155,159,5,9. Navamasikkhāpadaṃ,2587,2598,12
5,Vin-ii-b,ปัตตวรรค สิกขาบทที่ ๑๐,160,175,16,10. Dasamasikkhāpadaṃ,2599,2634,36
5,Vin-ii-b,ปาจิตติยกัณฑ์,176,175,0,4. Pācittiyakaṇḍaṃ (bhikkhunīvibhaṅgo),2635,2636,2
5,Vin-ii-b,ลสุณวรรค สิกขาบทที่ ๑,176,182,7,1. Paṭhamasikkhāpadaṃ,2637,2652,16
5,Vin-ii-b,ลสุณวรรค สิกขาบทที่ ๒,183,185,3,2. Dutiyasikkhāpadaṃ,2653,2660,8
5,Vin-ii-b,ลสุณวรรค สิกขาบทที่ ๓,186,188,3,3. Tatiyasikkhāpadaṃ,2661,2666,6
5,Vin-ii-b,ลสุณวรรค สิกขาบทที่ ๔,189,191,3,4. Catutthasikkhāpadaṃ,2667,2673,7
5,Vin-ii-b,ลสุณวรรค สิกขาบทที่ ๕,192,195,4,5. Pañcamasikkhāpadaṃ,2674,2684,11
5,Vin-ii-b,ลสุณวรรค สิกขาบทที่ ๖,196,199,4,6. Chaṭṭhasikkhāpadaṃ,2685,2697,13
5,Vin-ii-b,ลสุณวรรค สิกขาบทที่ ๗,200,203,4,7. Sattamasikkhāpadaṃ,2698,2709,12
5,Vin-ii-b,ลสุณวรรค สิกขาบทที่ ๘,204,207,4,8. Aṭṭhamasikkhāpadaṃ,2710,2723,14
5,Vin-ii-b,ลสุณวรรค สิกขาบทที่ ๙,208,211,4,9. Navamasikkhāpadaṃ,2724,2737,14
5,Vin-ii-b,ลสุณวรรค สิกขาบทที่ ๑๐,212,216,5,10. Dasamasikkhāpadaṃ,2738,2747,10
5,Vin-ii-b,อันธการวรรค สิกขาบทที่ ๑,217,219,3,1. Paṭhamasikkhāpadaṃ,2748,2759,12
5,Vin-ii-b,อันธการวรรค สิกขาบทที่ ๒,220,222,3,2. Dutiyasikkhāpadaṃ,2760,2771,12
5,Vin-ii-b,อันธการวรรค สิกขาบทที่ ๓,223,225,3,3. Tatiyasikkhāpadaṃ,2772,2783,12
5,Vin-ii-b,อันธการวรรค สิกขาบทที่ ๔,226,229,4,4. Catutthasikkhāpadaṃ,2784,2797,14
5,Vin-ii-b,อันธการวรรค สิกขาบทที่ ๕,230,234,5,5. Pañcamasikkhāpadaṃ,2798,2809,12
5,Vin-ii-b,อันธการวรรค สิกขาบทที่ ๖,235,237,3,6. Chaṭṭhasikkhāpadaṃ,2810,2823,14
5,Vin-ii-b,อันธการวรรค สิกขาบทที่ ๗,238,241,4,7. Sattamasikkhāpadaṃ,2824,2835,12
5,Vin-ii-b,อันธการวรรค สิกขาบทที่ ๘,242,244,3,8. Aṭṭhamasikkhāpadaṃ,2836,2846,11
5,Vin-ii-b,อันธการวรรค สิกขาบทที่ ๙,245,248,4,9. Navamasikkhāpadaṃ,2847,2855,9
5,Vin-ii-b,อันธการวรรค สิกขาบทที่ ๑๐,249,250,2,10. Dasamasikkhāpadaṃ,2856,2864,9
5,Vin-ii-b,นัคควรรค สิกขาบทที่ ๑,251,254,4,1. Paṭhamasikkhāpadaṃ,2865,2871,7
5,Vin-ii-b,นัคควรรค สิกขาบทที่ ๒,255,256,2,2. Dutiyasikkhāpadaṃ,2872,2881,10
5,Vin-ii-b,นัคควรรค สิกขาบทที่ ๓,257,260,4,3. Tatiyasikkhāpadaṃ,2882,2895,14
5,Vin-ii-b,นัคควรรค สิกขาบทที่ ๔,261,263,3,4. Catutthasikkhāpadaṃ,2896,2904,9
5,Vin-ii-b,นัคควรรค สิกขาบทที่ ๕,264,266,3,5. Pañcamasikkhāpadaṃ,2905,2913,9
5,Vin-ii-b,นัคควรรค สิกขาบทที่ ๖,267,269,3,6. Chaṭṭhasikkhāpadaṃ,2914,2922,9
5,Vin-ii-b,นัคควรรค สิกขาบทที่ ๗,270,272,3,7. Sattamasikkhāpadaṃ,2923,2931,9
5,Vin-ii-b,นัคควรรค สิกขาบทที่ ๘,273,275,3,8. Aṭṭhamasikkhāpadaṃ,2932,2941,10
5,Vin-ii-b,นัคควรรค สิกขาบทที่ ๙,276,279,4,9. Navamasikkhāpadaṃ,2942,2952,11
5,Vin-ii-b,นัคควรรค สิกขาบทที่ ๑๐,280,283,4,10. Dasamasikkhāpadaṃ,2953,2967,15
5,Vin-ii-b,ตุวัฏฏวรรค สิกขาบทที่ ๑,284,286,3,1. Paṭhamasikkhāpadaṃ,2968,2974,7
5,Vin-ii-b,ตุวัฏฏวรรค สิกขาบทที่ ๒,287,289,3,2. Dutiyasikkhāpadaṃ,2975,2983,9
5,Vin-ii-b,ตุวัฏฏวรรค สิกขาบทที่ ๓,290,293,4,3. Tatiyasikkhāpadaṃ,2984,2994,11
5,Vin-ii-b,ตุวัฏฏวรรค สิกขาบทที่ ๔,294,296,3,4. Catutthasikkhāpadaṃ,2995,3005,11
5,Vin-ii-b,ตุวัฏฏวรรค สิกขาบทที่ ๕,297,301,5,5. Pañcamasikkhāpadaṃ,3006,3016,11
5,Vin-ii-b,ตุวัฏฏวรรค สิกขาบทที่ ๖,302,306,5,6. Chaṭṭhasikkhāpadaṃ,3017,3034,18
5,Vin-ii-b,ตุวัฏฏวรรค สิกขาบทที่ ๗,307,308,2,7. Sattamasikkhāpadaṃ,3035,3045,11
5,Vin-ii-b,ตุวัฏฏวรรค สิกขาบทที่ ๘,309,310,2,8. Aṭṭhamasikkhāpadaṃ,3046,3056,11
5,Vin-ii-b,ตุวัฏฏวรรค สิกขาบทที่ ๙,311,313,3,9. Navamasikkhāpadaṃ,3057,3064,8
5,Vin-ii-b,ตุวัฏฏวรรค สิกขาบทที่ ๑๐,314,316,3,10. Dasamasikkhāpadaṃ,3065,3074,10
5,Vin-ii-b,จิตตาคารวรรค สิกขาบทที่ ๑,317,320,4,1. Paṭhamasikkhāpadaṃ,3075,3086,12
5,Vin-ii-b,จิตตาคารวรรค สิกขาบทที่ ๒,321,323,3,2. Dutiyasikkhāpadaṃ,3087,3095,9
5,Vin-ii-b,จิตตาคารวรรค สิกขาบทที่ ๓,324,326,3,3. Tatiyasikkhāpadaṃ,3096,3103,8
5,Vin-ii-b,จิตตาคารวรรค สิกขาบทที่ ๔,327,329,3,4. Catutthasikkhāpadaṃ,3104,3110,7
5,Vin-ii-b,จิตตาคารวรรค สิกขาบทที่ ๕,330,332,3,5. Pañcamasikkhāpadaṃ,3111,3124,14
5,Vin-ii-b,จิตตาคารวรรค สิกขาบทที่ ๖,333,336,4,6. Chaṭṭhasikkhāpadaṃ,3125,3136,12
5,Vin-ii-b,จิตตาคารวรรค สิกขาบทที่ ๗,337,339,3,7. Sattamasikkhāpadaṃ,3137,3146,10
5,Vin-ii-b,จิตตาคารวรรค สิกขาบทที่ ๘,340,343,4,8. Aṭṭhamasikkhāpadaṃ,3147,3156,10
5,Vin-ii-b,จิตตาคารวรรค สิกขาบทที่ ๙,344,346,3,9. Navamasikkhāpadaṃ,3157,3164,8
5,Vin-ii-b,จิตตาคารวรรค สิกขาบทที่ ๑๐,347,349,3,10. Dasamasikkhāpadaṃ,3165,3174,10
5,Vin-ii-b,อารามวรรค สิกขาบทที่ ๑,350,354,5,1. Paṭhamasikkhāpadaṃ,3175,3191,17
5,Vin-ii-b,อารามวรรค สิกขาบทที่ ๒,355,358,4,2. Dutiyasikkhāpadaṃ,3192,3202,11
5,Vin-ii-b,อารามวรรค สิกขาบทที่ ๓,359,361,3,3. Tatiyasikkhāpadaṃ,3203,3211,9
5,Vin-ii-b,อารามวรรค สิกขาบทที่ ๔,362,365,4,4. Catutthasikkhāpadaṃ,3212,3224,13
5,Vin-ii-b,อารามวรรค สิกขาบทที่ ๕,366,368,3,5. Pañcamasikkhāpadaṃ,3225,3232,8
5,Vin-ii-b,อารามวรรค สิกขาบทที่ ๖,369,371,3,6. Chaṭṭhasikkhāpadaṃ,3233,3239,7
5,Vin-ii-b,อารามวรรค สิกขาบทที่ ๗,372,374,3,7. Sattamasikkhāpadaṃ,3240,3246,7
5,Vin-ii-b,อารามวรรค สิกขาบทที่ ๘,375,377,3,8. Aṭṭhamasikkhāpadaṃ,3247,3254,8
5,Vin-ii-b,อารามวรรค สิกขาบทที่ ๙,378,379,2,9. Navamasikkhāpadaṃ,3255,3261,7
5,Vin-ii-b,อารามวรรค สิกขาบทที่ ๑๐,380,383,4,10. Dasamasikkhāpadaṃ,3262,3271,10
5,Vin-ii-b,คัพภินีวรรค สิกขาบทที่ ๑,384,386,3,1. Paṭhamasikkhāpadaṃ,3272,3280,9
5,Vin-ii-b,คัพภินีวรรค สิกขาบทที่ ๒,387,389,3,2. Dutiyasikkhāpadaṃ,3281,3290,10
5,Vin-ii-b,คัพภินีวรรค สิกขาบทที่ ๓,390,395,6,3. Tatiyasikkhāpadaṃ,3291,3305,15
5,Vin-ii-b,คัพภินีวรรค สิกขาบทที่ ๔,396,400,5,4. Catutthasikkhāpadaṃ,3306,3319,14
5,Vin-ii-b,คัพภินีวรรค สิกขาบทที่ ๕,401,404,4,5. Pañcamasikkhāpadaṃ,3320,3329,10
5,Vin-ii-b,คัพภินีวรรค สิกขาบทที่ ๖,405,409,5,6. Chaṭṭhasikkhāpadaṃ,3330,3344,15
5,Vin-ii-b,คัพภินีวรรค สิกขาบทที่ ๗,410,414,5,7. Sattamasikkhāpadaṃ,3345,3358,14
5,Vin-ii-b,คัพภินีวรรค สิกขาบทที่ ๘,415,417,3,8. Aṭṭhamasikkhāpadaṃ,3359,3367,9
5,Vin-ii-b,คัพภินีวรรค สิกขาบทที่ ๙,418,419,2,9. Navamasikkhāpadaṃ,3368,3374,7
5,Vin-ii-b,คัพภินีวรรค สิกขาบทที่ ๑๐,420,422,3,10. Dasamasikkhāpadaṃ,3375,3383,9
5,Vin-ii-b,กุมารีภูตวรรค สิกขาบทที่ ๑,423,425,3,1. Paṭhamasikkhāpadaṃ,3384,3392,9
5,Vin-ii-b,กุมารีภูตวรรค สิกขาบทที่ ๒,426,430,5,2. Dutiyasikkhāpadaṃ,3393,3407,15
5,Vin-ii-b,กุมารีภูตวรรค สิกขาบทที่ ๓,431,436,6,3. Tatiyasikkhāpadaṃ,3408,3421,14
5,Vin-ii-b,กุมารีภูตวรรค สิกขาบทที่ ๔,437,438,2,4. Catutthasikkhāpadaṃ,3422,3430,9
5,Vin-ii-b,กุมารีภูตวรรค สิกขาบทที่ ๕,439,442,4,5. Pañcamasikkhāpadaṃ,3431,3445,15
5,Vin-ii-b,กุมารีภูตวรรค สิกขาบทที่ ๖,443,445,3,6. Chaṭṭhasikkhāpadaṃ,3446,3452,7
5,Vin-ii-b,กุมารีภูตวรรค สิกขาบทที่ ๗,446,448,3,7. Sattamasikkhāpadaṃ,3453,3463,11
5,Vin-ii-b,กุมารีภูตวรรค สิกขาบทที่ ๘,449,451,3,8. Aṭṭhamasikkhāpadaṃ,3464,3475,12
5,Vin-ii-b,กุมารีภูตวรรค สิกขาบทที่ ๙,452,454,3,9. Navamasikkhāpadaṃ,3476,3484,9
5,Vin-ii-b,กุมารีภูตวรรค สิกขาบทที่ ๑๐,455,457,3,10. Dasamasikkhāpadaṃ,3485,3492,8
5,Vin-ii-b,กุมารีภูตวรรค สิกขาบทที่ ๑๑,458,461,4,11. Ekādasamasikkhāpadaṃ,3493,3500,8
5,Vin-ii-b,กุมารีภูตวรรค สิกขาบทที่ ๑๒,462,464,3,12. Dvādasamasikkhāpadaṃ,3501,3508,8
5,Vin-ii-b,กุมารีภูตวรรค สิกขาบทที่ ๑๓,465,467,3,13. Terasamasikkhāpadaṃ,3509,3518,10
5,Vin-ii-b,ฉัตตุปาหนวรรค สิกขาบทที่ ๑,468,471,4,1. Paṭhamasikkhāpadaṃ,3519,3532,14
5,Vin-ii-b,ฉัตตุปาหนวรรค สิกขาบทที่ ๒,472,475,4,2. Dutiyasikkhāpadaṃ,3533,3547,15
5,Vin-ii-b,ฉัตตุปาหนวรรค สิกขาบทที่ ๓,476,478,3,3. Tatiyasikkhāpadaṃ,3548,3555,8
5,Vin-ii-b,ฉัตตุปาหนวรรค สิกขาบทที่ ๔,479,480,2,4. Catutthasikkhāpadaṃ,3556,3562,7
5,Vin-ii-b,ฉัตตุปาหนวรรค สิกขาบทที่ ๕,481,482,2,5. Pañcamasikkhāpadaṃ,3563,3569,7
5,Vin-ii-b,ฉัตตุปาหนวรรค สิกขาบทที่ ๖,483,484,2,6. Chaṭṭhasikkhāpadaṃ,3570,3576,7
5,Vin-ii-b,ฉัตตุปาหนวรรค สิกขาบทที่ ๗,485,487,3,7. Sattamasikkhāpadaṃ,3577,3583,7
5,Vin-ii-b,ฉัตตุปาหนวรรค สิกขาบทที่ ๘,488,493,6,8-9-10. Aṭṭhama-navama-dasamasikkhāpadaṃ,3584,3594,11
5,Vin-ii-b,ฉัตตุปาหนวรรค สิกขาบทที่ ๑๑,494,496,3,11. Ekādasamasikkhāpadaṃ,3595,3603,9
5,Vin-ii-b,ฉัตตุปาหนวรรค สิกขาบทที่ ๑๒,497,499,3,12. Dvādasamasikkhāpadaṃ,3604,3612,9
5,Vin-ii-b,ฉัตตุปาหนวรรค สิกขาบทที่ ๑๓,500,505,6,13. Terasamasikkhāpadaṃ,3613,3625,13
5,Vin-ii-b,ปาฏิเทสนียกัณฑ์,506,505,0,5. Pāṭidesanīyakaṇḍaṃ (bhikkhunīvibhaṅgo),3626,3626,1
5,Vin-ii-b,ปาฏิเทสนียะ สิกขาบทที่ ๑,506,509,4,1. Paṭhamapāṭidesanīyasikkhāpadaṃ,3627,3643,17
5,Vin-ii-b,ปาฏิเทสนียะ สิกขาบทที่ ๒,510,538,29,2. Dutiyādipāṭidesanīyasikkhāpadāni,3644,3661,18
5,Vin-ii-b,เสขิยกัณฑ์,539,543,5,6. Sekhiyakaṇḍaṃ (bhikkhunīvibhaṅgo),3662,3681,20
5,Vin-ii-b,อธิกรณสมถกัณฑ์,544,,,7. Adhikaraṇasamathā (bhikkhunīvibhaṅgo),3682,,
50,Th,เถรคาถา เอกนิบาตวรรคที่ ๓,156,155,0,3. Tatiyavaggo,128,128,1
50,Th,อรรถกถานิโครธเถรคาถา,156,161,6,1. Nigrodhattheragāthā,129,133,5
50,Th,อรรถกถาจิตตกเถรคาถา,162,164,3,2. Cittakattheragāthā,134,138,5
50,Th,อรรถกถาโคสาลเถรคาถา,165,167,3,3. Gosālattheragāthā,139,144,6
50,Th,อรรถกถาสุคันธเถรคาถา,168,171,4,4. Sugandhattheragāthā,145,149,5
50,Th,อรรถกถานันทิยเถรคาถา,172,174,3,5. Nandiyattheragāthā,150,154,5
50,Th,อรรถกถาอภัยเถรคาถา,175,178,4,6. Abhayattheragāthā,155,159,5
50,Th,อรรถกถาโลมสกังคิยเถรคาถา,179,182,4,7. Lomasakaṅgiyattheragāthā,160,164,5
50,Th,อรรถกถาชัมพุคามิกปุตตเถรคาถา,183,186,4,8. Jambugāmikaputtattheragāthā,165,169,5
50,Th,อรรถกถาหาริตเถรคาถา,187,189,3,9. Hāritattheragāthā,170,174,5
50,Th,อรรถกถาอุตติยเถรคาถา,190,193,4,10. Uttiyattheragāthā,175,184,10
50,Th,เถรคาถา เอกนิบาต วรรคที่ ๔,194,197,4,4. Catutthavaggo,185,190,6
50,Th,อรรถกถาสุปปิยเถรคาถา,198,202,5,2. Suppiyattheragāthā,191,195,5
50,Th,อรรถกถาโสปากเถรคาถา,203,206,4,3. Sopākattheragāthā,196,200,5
50,Th,อรรถกถาโปสิยเถรคาถา,207,211,5,4. Posiyattheragāthā,201,206,6
50,Th,อรรถกถาสามัญญกานิเถรคาถา,212,215,4,5. Sāmaññakānittheragāthā,207,211,5
50,Th,อรรถกถากุมาปุตตเถรคาถา,216,219,4,6. Kumāputtattheragāthā,212,216,5
50,Th,อรรถกถากุมาปุตตสหายเถรคาถา,220,223,4,7. Kumāputtasahāyakattheragāthā,217,222,6
50,Th,อรรถกถาควัมปติเถรคาถา,224,227,4,8. Gavampatittheragāthā,223,227,5
50,Th,อรรถกถาติสสเถรคาถา,228,230,3,9. Tissattheragāthā,228,232,5
50,Th,อรรถกถาวัฑฒมานเถรคาถา,231,,,10. Vaḍḍhamānattheragāthā,233,704,472
50,Th-a-i,คันถารัมภกถา,2,7,6,Ganthārambhakathā,5,46,42
50,Th-a-i,นิทานกถาวรรณนา,8,31,24,Nidānagāthāvaṇṇanā,47,96,50
50,Th-a-i,อรรถกถาสุภูติเถรคาถา,32,62,31,Subhūtittheragāthāvaṇṇanā,97,96,0
50,Th-a-i,อรรถกถากังขาเรวตเถรคาถา,63,78,16,Kaṅkhārevatattheragāthāvaṇṇanā,308,378,71
50,Th-a-i,อรรถกถาทัพพมัลลปุตตเถรคาถา,79,95,17,Dabbattheragāthāvaṇṇanā,379,492,114
50,Th-a-i,อรรถกถาภัลลิยเถรคาถา,96,100,5,Bhalliyattheragāthāvaṇṇanā,493,507,15
50,Th-a-i,อรรถกถาวีรเถรคาถา,101,103,3,Vīrattheragāthāvaṇṇanā,508,519,12
50,Th-a-i,อรรถปิลินทวัจฉเถรคาถา,104,109,6,Pilindavacchattheragāthāvaṇṇanā,520,550,31
50,Th-a-i,อรรถกถาปุณณมาสเถรคาถา,110,113,4,Puṇṇamāsattheragāthāvaṇṇanā,551,571,21
50,Th-a-i,อรรถกถาจูฬวัจฉเถรคาถา,114,117,4,Cūḷavacchattheragāthāvaṇṇanā,572,591,20
50,Th-a-i,อรรถกถามหาวัจฉเถรคาถา,118,120,3,Mahāvacchattheragāthāvaṇṇanā,592,604,13
50,Th-a-i,อรรถกถาวนวัจฉเถรคาถา,121,128,8,Vanavacchattheragāthāvaṇṇanā,605,653,49
50,Th-a-i,อรรถกถากุณฑธานเถรคาถา,129,138,10,Kuṇḍadhānattheragāthāvaṇṇanā,654,698,45
50,Th-a-i,อรรถกถาเพลัฏฐสีสเถรคาถา,139,142,4,Belaṭṭhasīsattheragāthāvaṇṇanā,699,710,12
50,Th-a-i,อรรถกถาทาสกเถรคาถา,143,145,3,Dāsakattheragāthāvaṇṇanā,711,722,12
50,Th-a-i,อรรถกถาสิงคาลปิตาเถรคาถา,146,149,4,Siṅgālapituttheragāthāvaṇṇanā,723,734,12
50,Th-a-i,อรรถกถากุฬเถรคาถา,150,152,3,Kulattheragāthāvaṇṇanā,735,752,18
50,Th-a-i,อรรถกถาอชิตเถรคาถา,153,155,3,Ajitattheragāthāvaṇṇanā,753,764,12
50,Th-a-i,อรรถกถานิโครธเถรคาถา,156,161,6,Nigrodhattheragāthāvaṇṇanā,765,831,67
50,Th-a-i,อรรถกถาจิตตกเถรคาถา,162,164,3,Cittakattheragāthāvaṇṇanā,832,845,14
50,Th-a-i,อรรถกถาโคสาลเถรคาถา,165,167,3,Gosālattheragāthāvaṇṇanā,846,859,14
50,Th-a-i,อรรถกถาสุคันธเถรคาถา,168,171,4,Sugandhattheragāthāvaṇṇanā,860,879,20
50,Th-a-i,อรรถกถานันทิยเถรคาถา,172,174,3,Nandiyattheragāthāvaṇṇanā,880,895,16
50,Th-a-i,อรรถกถาอภัยเถรคาถา,175,178,4,Abhayattheragāthāvaṇṇanā,896,913,18
50,Th-a-i,อรรถกถาโลมสกังคิยเถรคาถา,179,182,4,Lomasakaṅgiyattheragāthāvaṇṇanā,914,923,10
50,Th-a-i,อรรถกถาชัมพุคามิกปุตตเถรคาถา,183,186,4,Jambugāmiyaputtattheragāthāvaṇṇanā,924,935,12
50,Th-a-i,อรรถกถาหาริตเถรคาถา,187,189,3,Hāritattheragāthāvaṇṇanā,936,949,14
50,Th-a-i,อรรถกถาอุตติยเถรคาถา,190,197,8,Uttiyattheragāthāvaṇṇanā,950,992,43
50,Th-a-i,อรรถกถาสุปปิยเถรคาถา,198,202,5,Suppiyattheragāthāvaṇṇanā,993,1046,54
50,Th-a-i,อรรถกถาโสปากเถรคาถา,203,206,4,Sopākattheragāthāvaṇṇanā,1047,1046,0
50,Th-a-i,อรรถกถาโปสิยเถรคาถา,207,211,5,Posiyattheragāthāvaṇṇanā,1062,1086,25
50,Th-a-i,อรรถกถาสามัญญกานิเถรคาถา,212,215,4,Sāmaññakānittheragāthāvaṇṇanā,1087,1098,12
50,Th-a-i,อรรถกถากุมาปุตตเถรคาถา,216,219,4,Kumāputtattheragāthāvaṇṇanā,1099,1112,14
50,Th-a-i,อรรถกถากุมาปุตตสหายเถรคาถา,220,223,4,Kumāputtasahāyattheragāthāvaṇṇanā,1113,1124,12
50,Th-a-i,อรรถกถาควัมปติเถรคาถา,224,227,4,Gavampatittheragāthāvaṇṇanā,1125,1137,13
50,Th-a-i,อรรถกถาติสสเถรคาถา,228,230,3,Tissattheragāthāvaṇṇanā,1138,1152,15
50,Th-a-i,อรรถกถาวัฑฒมานเถรคาถา,231,233,3,Vaḍḍhamānattheragāthāvaṇṇanā,1153,1158,6
50,Th-a-i,อรรถกถาสิริวัฑฒเถรคาถา,234,237,4,Sirivaḍḍhattheragāthāvaṇṇanā,1159,1172,14
50,Th-a-i,อรรถกถาขทิรวนิยเรตเถรคาถา,238,242,5,Khadiravaniyattheragāthāvaṇṇanā,1173,1172,0
50,Th-a-i,อรรถกถาสุมังคลเถรคาถา,243,247,5,Sumaṅgalattheragāthāvaṇṇanā,1210,1232,23
50,Th-a-i,อรรถกถาสานุเถรคาถา,248,252,5,Sānuttheragāthāvaṇṇanā,1233,1260,28
50,Th-a-i,อรรถกถารมณียวิหารีเถรคาถา,253,256,4,Ramaṇīyavihārittheragāthāvaṇṇanā,1261,1275,15
50,Th-a-i,อรรถกถาสมิทธิเถรคาถา,257,260,4,Samiddhittheragāthāvaṇṇanā,1276,1289,14
50,Th-a-i,อรรถกถาอุชชยเถรคาถา,261,263,3,Ujjayattheragāthāvaṇṇanā,1290,1301,12
50,Th-a-i,อรรถกถาสัญชยเถรคาถา,264,266,3,Sañjayattheragāthāvaṇṇanā,1302,1315,14
50,Th-a-i,อรรถกถารามเณยยกเถรคาถา,267,269,3,Rāmaṇeyyakattheragāthāvaṇṇanā,1316,1329,14
50,Th-a-i,อรรถกถาวิมลเถรคาถา,270,273,4,Vimalattheragāthāvaṇṇanā,1330,1346,17
50,Th-a-i,อรรถกถาโคธิกาทิจตุเถรคาถา,274,279,6,Godhikādicatuttheragāthāvaṇṇanā,1347,1401,55
50,Th-a-i,อรรถกถาสุพาหุเถรคาถา,280,280,1,Subāhuttheragāthāvaṇṇanā,1402,1404,3
50,Th-a-i,อรรถกถาวัลลิยเถรคาถา,281,281,1,Valliyattheragāthāvaṇṇanā,1405,1407,3
50,Th-a-i,อรรถกถาอุตติยเถรคาถา,282,282,1,Uttiyattheragāthāvaṇṇanā,1408,1411,4
50,Th-a-i,อรรถกถาอัญชนวนิยเถรคาถา,283,285,3,Añjanavaniyattheragāthāvaṇṇanā,1412,1428,17
50,Th-a-i,อรรถกถากุฎีวิหารีเถรคาถา,286,289,4,Kuṭivihārittheragāthāvaṇṇanā,1429,1457,29
50,Th-a-i,อรรถกถาทุติยกุฏิวิหารีเถรคาถา,290,293,4,Dutiyakuṭivihārittheragāthāvaṇṇanā,1458,1483,26
50,Th-a-i,อรรถกถารมณียกุฎิกเถรคาถา,294,297,4,Ramaṇīyakuṭikattheragāthāvaṇṇanā,1484,1499,16
50,Th-a-i,อรรถกถาโกสลวิหารีเถรคาถา,298,300,3,Kosalavihārittheragāthāvaṇṇanā,1500,1521,22
50,Th-a-i,อรรถกถาสีวลีเถรคาถา,301,310,10,Sīvalittheragāthāvaṇṇanā,1522,1560,39
50,Th-a-i,อรรถกถาวัปปเถรคาถา,311,314,4,Vappattheragāthāvaṇṇanā,1561,1586,26
50,Th-a-i,อรรถกถาวัชชีปุตตกเถรคาถา,315,318,4,Vajjiputtattheragāthāvaṇṇanā,1587,1610,24
50,Th-a-i,อรรถกถาปักขเถรคาถา,319,322,4,Pakkhattheragāthāvaṇṇanā,1611,1634,24
50,Th-a-i,อรรถกถาวิมลโกณฑัญญเถรคาถา,323,326,4,Vimalakoṇḍaññattheragāthāvaṇṇanā,1635,1656,22
50,Th-a-i,อรรถกถาอุกเขปกตวัจฉเถรคาถา,327,331,5,Ukkhepakatavacchattheragāthāvaṇṇanā,1657,1692,36
50,Th-a-i,อรรถกถาเมฆิยเถรคาถา,332,335,4,Meghiyattheragāthāvaṇṇanā,1693,1718,26
50,Th-a-i,อรรถกถาเอกธัมมสวนียเถรคาถา,336,339,4,Ekadhammasavanīyattheragāthāvaṇṇanā,1719,1740,22
50,Th-a-i,อรรถกถาเอกุทานิยเถรคาถา,340,344,5,Ekudāniyattheragāthāvaṇṇanā,1741,1770,30
50,Th-a-i,อรรถกถาฉันนเถรคาถา,345,348,4,Channattheragāthāvaṇṇanā,1771,1791,21
50,Th-a-i,อรรคกถาปุณณเถรคาถา,349,354,6,Puṇṇattheragāthāvaṇṇanā,1792,1828,37
50,Th-a-i,อรรถกถาวัจฉปาลเถรคาถา,355,358,4,Vacchapālattheragāthāvaṇṇanā,1829,1854,26
50,Th-a-i,อรรถกถาอาตุมเถรคาถา,359,362,4,Ātumattheragāthāvaṇṇanā,1855,1875,21
50,Th-a-i,อรรถกถามาณวเถรคาถา,363,368,6,Māṇavattheragāthāvaṇṇanā,1876,1931,56
50,Th-a-i,อรรถกถาสุยามนเถรคาถา,369,372,4,Suyāmanattheragāthāvaṇṇanā,1932,1958,27
50,Th-a-i,อรรถกถาสุสารทเถรคาถา,373,377,5,Susāradattheragāthāvaṇṇanā,1959,1986,28
50,Th-a-i,อรรถกถาปิยัญชหเถรคาถา,378,381,4,Piyañjahattheragāthāvaṇṇanā,1987,2007,21
50,Th-a-i,อรรถกถาหัตถาโรหปุตตเถรคาถา,382,384,3,Hatthārohaputtattheragāthāvaṇṇanā,2008,2023,16
50,Th-a-i,อรรถกถาเมณฑสิรเถรคาถา,385,387,3,Meṇḍasirattheragāthāvaṇṇanā,2024,2048,25
50,Th-a-i,อรรถกถารักขิตเถรคาถา,388,391,4,Rakkhitattheragāthāvaṇṇanā,2049,2068,20
50,Th-a-i,อรรถกถาอุคคเถรคาถา,392,394,3,Uggattheragāthāvaṇṇanā,2069,2091,23
50,Th-a-i,อรรถกถาสมิติคุตตเถรคาถา,395,398,4,Samitiguttattheragāthāvaṇṇanā,2092,2116,25
50,Th-a-i,อรรถกากัสสปเถรคาถา,399,405,7,Kassapattheragāthāvaṇṇanā,2117,2166,50
50,Th-a-i,อรรถกถานีตเถรคาถา,406,408,3,Nītattheragāthāvaṇṇanā,2167,2190,24
50,Th-a-i,อรรถกถาสุนาคเถรคาถา,409,411,3,Sunāgattheragāthāvaṇṇanā,2191,2212,22
50,Th-a-i,อรรถกถานาคิตเถรคาถา,412,415,4,Nāgitattheragāthāvaṇṇanā,2213,2238,26
50,Th-a-i,อรรถกถาปวิฏฐเถรคาถา,416,418,3,Paviṭṭhattheragāthāvaṇṇanā,2239,2255,17
50,Th-a-i,อรรถกถาอัชชุนเถรคาถา,419,421,3,Ajjunattheragāthāvaṇṇanā,2256,2276,21
50,Th-a-i,อรรถกถาเทวสภเถรคาถา,422,425,4,(Paṭhama) devasabhattheragāthāvaṇṇanā,2277,2297,21
50,Th-a-i,อรรถกถาสามิทัตตเถรคาถา,426,428,3,Sāmidattattheragāthāvaṇṇanā,2298,2317,20
50,Th-a-i,อรรถกถาปริปุณณกเถรคาถา,429,432,4,Paripuṇṇakattheragāthāvaṇṇanā,2318,2331,14
50,Th-a-i,อรรถกถาวิชยเถรคาถา,433,435,3,Vijayattheragāthāvaṇṇanā,2332,2345,14
50,Th-a-i,อรรถกถาเอรกเถรคาถา,436,439,4,Erakattheragāthāvaṇṇanā,2346,2364,19
50,Th-a-i,อรรถกถาเมตตชิเถรคาถา,440,441,2,Mettajittheragāthāvaṇṇanā,2365,2383,19
50,Th-a-i,อรรถกถาจักขุปาลเถรคาถา,442,447,6,Cakkhupālattheragāthāvaṇṇanā,2384,2400,17
50,Th-a-i,อรรถกถาขัณฑสุมนเถรคาถา,448,451,4,Khaṇḍasumanattheragāthāvaṇṇanā,2401,2419,19
50,Th-a-i,อรรถกถาติสสเถรคาถา,452,454,3,Tissattheragāthāvaṇṇanā,2420,2438,19
50,Th-a-i,อรรถกถาอภัยเถรคาถา,455,457,3,Abhayattheragāthāvaṇṇanā,2439,2456,18
50,Th-a-i,อรรถกถาอุตติยเถรคาถา,458,460,3,Uttiyattheragāthāvaṇṇanā,2457,2477,21
50,Th-a-i,อรรถกถาเทวสภเถรคาถา,461,463,3,(Dutiya) devasabhattheragāthāvaṇṇanā,2478,2498,21
50,Th-a-i,อรรถกถาเพลัฏฐกานิเถรคาถา,464,467,4,Belaṭṭhānikattheragāthāvaṇṇanā,2499,2518,20
50,Th-a-i,อรรถกถาเสตุจฉเถรคาถา,468,470,3,Setucchattheragāthāvaṇṇanā,2519,2535,17
50,Th-a-i,อรรถกถาพันธุรเถรคาถา,471,474,4,Bandhurattheragāthāvaṇṇanā,2536,2555,20
50,Th-a-i,อรรถกถาชิตกเถรคาถา,475,477,3,Khitakattheragāthāvaṇṇanā,2556,2575,20
50,Th-a-i,อรรถกถามลิตวัมภเถรคาถา,478,481,4,Malitavambhattheragāthāvaṇṇanā,2576,2596,21
50,Th-a-i,อรรถกถาสุเหมันตเถรคาถา,482,485,4,Suhemantattheragāthāvaṇṇanā,2597,2615,19
50,Th-a-i,อรรถกถาธรรมสวเถรคาถา,486,488,3,Dhammasavattheragāthāvaṇṇanā,2616,2636,21
50,Th-a-i,อรรถกถาธัมมสวปิตุเถรคาถา,489,490,2,Dhammasavapituttheragāthāvaṇṇanā,2637,2651,15
50,Th-a-i,อรรถกถาสังฆรักขิตเถรคาถา,491,494,4,Saṅgharakkhitattheragāthāvaṇṇanā,2652,2669,18
50,Th-a-i,อรรถกถาอุสภเถรคาถา,495,498,4,Usabhattheragāthāvaṇṇanā,2670,2689,20
50,Th-a-i,อรรถกถาเชนตเถรคาถา,499,503,5,Jentattheragāthāvaṇṇanā,2690,2705,16
50,Th-a-i,อรรถกถาวัจฉโคตตเถรคาถา,504,506,3,Vacchagottattheragāthāvaṇṇanā,2706,2724,19
50,Th-a-i,อรรถกถาวนวัจฉเถรคาถา,507,509,3,Vanavacchattheragāthāvaṇṇanā,2725,2747,23
50,Th-a-i,อรรถกถาอธิมุตตเถรคาถา,510,515,6,Adhimuttattheragāthāvaṇṇanā,2748,2808,61
50,Th-a-i,อรรถกถามหานามเถรคาถา,516,520,5,Mahānāmattheragāthāvaṇṇanā,2809,2851,43
50,Th-a-i,อรรถกถาปาราปริยเถรคาถา,521,526,6,Pārāpariyattheragāthāvaṇṇanā,2852,2920,69
50,Th-a-i,อรรถกถายสเถรคาถา,527,531,5,Yasattheragāthāvaṇṇanā,2921,2980,60
50,Th-a-i,อรรถกถากิมพิลเถรคาถา,532,535,4,Kimilattheragāthāvaṇṇanā,2981,2998,18
50,Th-a-i,อรรถกถาวัชชีปุตตเถรคาถา,536,538,3,Vajjiputtattheragāthāvaṇṇanā,2999,3015,17
50,Th-a-i,อรรถกถาอิสิทัตตเถรคาถา,539,,,Isidattattheragāthāvaṇṇanā,3016,4264,1249
51,Th,๑. อุตตรเถรคาถา,1,9,9,Uttarattheragāthā,705,712,8
51,Th,ว่าด้วยคาถาของพระปิณโฑลภารทวาชเถระ,10,21,12,Piṇḍolabhāradvājattheragāthā,713,736,24
51,Th,ว่าด้วยคาถาของพระอชินเถระ,22,29,8,Ajinattheragāthā,737,752,16
51,Th,๗. ราธเถรคาถา,30,48,19,Rādhattheragāthā,753,790,38
51,Th,๑. มหาจุนทเถรคาถา,49,53,5,Mahācundattheragāthā,791,798,8
51,Th,ว่าด้วยคาถาของพระโชติทาสเถระ,54,58,5,Jotidāsattheragāthā,799,807,9
51,Th,ว่าด้วยคาถาของพระเหรัญญกานิเถระ,59,62,4,Heraññakānittheragāthā,808,815,8
51,Th,ว่าด้วยคาถาของพระโสมมิตตเถระ,63,69,7,Somamittattheragāthā,816,832,17
51,Th,ว่าด้วยคาถาของพระมหากาฬเถรคาถา,70,79,10,Mahākāḷattheragāthā,833,849,17
51,Th,ว่าด้วยคาถาของพระกิมพิลเถระ,80,81,2,Kimilattheragāthā,850,857,8
51,Th,๙. นันทเถรคาถา,82,98,17,Nandattheragāthā,858,879,22
51,Th,๑. อุตตรเถรคาถา,99,122,24,Uttarattheragāthā,880,911,32
51,Th,ว่าด้วยคําถาของพระวีตโสกเถระ,123,127,5,Vītasokattheragāthā,912,919,8
51,Th,ว่าด้วยคาถาของพระปุณณมาสเถระ,128,134,7,Puṇṇamāsattheragāthā,920,935,16
51,Th,ว่าด้วยคาถาของพระภรตเถระ,135,139,5,Bharatattheragāthā,936,943,8
51,Th,ว่าด้วยคาถาของพระภารทวาชเถระ,140,143,4,Bhāradvājattheragāthā,944,951,8
51,Th,ว่าด้วยคาถาของพระกัณหทินนเถระ,144,147,4,Kaṇhadinnattheragāthā,952,965,14
51,Th,๑. มิคสิรเถรคาถา,148,151,4,Migasirattheragāthā,966,973,8
51,Th,ว่าด้วยคาถาของพระสิวกเถระ,152,154,3,Sivakattheragāthā,974,982,9
51,Th,๓. อุปวาณเถรคาถา,155,163,9,Upavāṇattheragāthā,983,990,8
51,Th,ว่าด้วยคาถาของพระอิสิทินนเถระ,164,166,3,Isidinnattheragāthā,991,998,8
51,Th,ว่าด้วยคาถาของพระสัมพุลกัจจานเถระ,167,169,3,Sambulakaccānattheragāthā,999,1008,10
51,Th,ว่าด้วยคาถาของพระขิตกเถระ,170,173,4,Nitakattheragāthā,1009,1018,10
51,Th,ว่าด้วยคาถาของพระโสณโปฏิริยบุตรเถระ,174,176,3,Soṇapoṭiriyattheragāthā,1019,1026,8
51,Th,ว่าด้วยคาถาของพระนิสภเถระ,177,183,7,Nisabhattheragāthā,1027,1042,16
51,Th,ว่าด้วยคาถาของพระกัปปฏกุรเถระ,184,188,5,Kappaṭakurattheragāthā,1043,1056,14
51,Th,๑. กุมารกัสสปเถรคาถา,189,202,14,Kumārakassapattheragāthā,1057,1081,25
51,Th,ว่าด้วยคาถาของพระโมฆราชเถระ,203,209,7,Mogharājattheragāthā,1082,1089,8
51,Th,ว่าด้วยคาถาของพระวิสาขปัญจาลีบุตรเถระ,210,213,4,Visākhapañcālaputtattheragāthā,1090,1097,8
51,Th,ว่าด้วยคาถาของพระจูฬกเถระ,214,217,4,Cūḷakattheragāthā,1098,1105,8
51,Th,ว่าด้วยคาถาของพระอนูปมเถระ,218,220,3,Anūpamattheragāthā,1106,1113,8
51,Th,ว่าด้วยคาถาของพระวัชชิตเถระ,221,224,4,Vajjitattheragāthā,1114,1121,8
51,Th,ว่าด้วยคาถาของพระสันธิตเถระ,225,229,5,Sandhitattheragāthā,1122,1139,18
51,Th,๑. อังคณิกภารทวาชเถรคาถา,230,235,6,Aṅgaṇikabhāradvājattheragāthā,1140,1150,11
51,Th,ว่าด้วยคาถาของพระปัจจยเถระ,236,240,5,Paccayattheragāthā,1151,1161,11
51,Th,ว่าด้วยคาถาของพระพากุลเถระ,241,248,8,Bākulattheragāthā,1162,1172,11
51,Th,ว่าด้วยคาถาของพระธนิยเถระ,249,251,3,Dhaniyattheragāthā,1173,1183,11
51,Th,ว่าด้วยคาถาของพระมาตังคบุตรเถระ,252,256,5,Mātaṅgaputtattheragāthā,1184,1194,11
51,Th,๖. ขุชชโสภิตเถรคาถา,257,262,6,Khujjasobhitattheragāthā,1195,1205,11
51,Th,ว่าด้วยคาถาของพระวารณเถระ,263,267,5,Vāraṇattheragāthā,1206,1216,11
51,Th,ว่าด้วยคาถาของพระปัสสิกเถระ,268,276,9,Vassikattheragāthā,1217,1238,22
51,Th,ว่าด้วยคาถาของพระสาฏิมัตติกเถระ,277,281,5,Sāṭimattiyattheragāthā,1239,1249,11
51,Th,ว่าด้วยคาถาของพระอุบาลีเถระ,282,303,22,Upālittheragāthā,1250,1260,11
51,Th,ว่าด้วยคาถาของพระอุตตรปาลเถระ,304,307,4,Uttarapālattheragāthā,1261,1271,11
51,Th,ว่าด้วยคาถาของพระอภิภูตเถระ,308,312,5,Abhibhūtattheragāthā,1272,1282,11
51,Th,ว่าด้วยคาถาของพระโคตมเถระ,313,318,6,Gotamattheragāthā,1283,1293,11
51,Th,ว่าด้วยคาถาของพระหาริตเถระ,319,320,2,Hāritattheragāthā,1294,1304,11
51,Th,ว่าด้วยคาถาของพระวิมลเถระ,321,,,Vimalattheragāthā,1305,1325,21
51,Th-a-ii,อรรถาถกานันทกเถรคาถา,132,,,4. Nandakattheragāthāvaṇṇanā,108,3133,3026
52,Th,๑. นาคสมาลเถรคาถา,1,29,29,Nāgasamālattheragāthā,1326,1395,70
52,Th,๖. เสนกเถรคาถา,30,39,10,Senakattheragāthā,1396,1423,28
52,Th,๘. ราหุลเถรคาถา,40,65,26,Rāhulattheragāthā,1424,1504,81
52,Th,ว่าด้วยคาถาของพระราชทัตตเถระ,66,71,6,Rājadattattheragāthā,1505,1521,17
52,Th,ว่าด้วยคาถาของพระสุภูตเถระ,72,80,9,Subhūtittheragāthā,1522,1538,17
52,Th,ว่าด้วยคาถาของพระคิริมานันทเถระ,81,86,6,Girimānandattheragāthā,1539,1553,15
52,Th,ว่าด้วยคาถาของพระสุมนเถระ,87,91,5,Sumanattheragāthā,1554,1570,17
52,Th,ว่าด้วยคาถาของพระวัฑฒเถระ,92,95,4,Vaḍḍhattheragāthā,1571,1588,18
52,Th,๖. นทีกัสสปเถรคาถา,96,101,6,Nadīkassapattheragāthā,1589,1605,17
52,Th,ว่าด้วยคาถาของพระคยากัสสปเถระ,102,106,5,Gayākassapattheragāthā,1606,1622,17
52,Th,ว่าด้วยคาถาของพระวักกลิเถระ,107,117,11,Vakkalittheragāthā,1623,1639,17
52,Th,๙. วิชิตเสนเถรคาถา,118,124,7,Vijitasenattheragāthā,1640,1656,17
52,Th,ว่าด้วยคาถาของพระยสทัตตเถระ,125,129,5,Yasadattattheragāthā,1657,1674,18
52,Th,ว่าด้วยคาถาของพระโสณกุฏีกัณณเถระ,130,143,14,Soṇakuṭikaṇṇattheragāthā,1675,1715,41
52,Th,ว่าด้วยคาถาของพระอุรุเวลกัสสปเถระ,144,155,12,Uruveḷakassapattheragāthā,1716,1735,20
52,Th,ว่าด้วยคาถาของพระเตกิจฉกานิเถระ,156,174,19,Tekicchakārittheragāthā,1736,1795,60
52,Th,ว่าด้วยคาถาของพระมาลุงกยปุตตเถระ,175,181,7,Mālukyaputtattheragāthā,1796,1816,21
52,Th,ว่าด้วยคาถาของสัปปทาสเถระ,182,186,5,Sappadāsattheragāthā,1817,1836,20
52,Th,ว่าด้วยคาถาของพระกาติยานเถระ,187,193,7,Kātiyānattheragāthā,1837,1857,21
52,Th,ว่าด้วยคาถาของพระมิคชาลเถระ,194,200,7,Migajālattheragāthā,1858,1878,21
52,Th,ว่าด้วยคาถาของพระเชนตปุโรหิตปุตตเถระ,201,212,12,Purohitaputtajentattheragāthā,1879,1918,40
52,Th,ว่าด้วยของพระนหาตกมุนีเถระ,213,216,4,Nhātakamunittheragāthā,1919,1938,20
52,Th,ว่าด้วยคาถาของพระพรหมทัตเถระ,217,222,6,Brahmadattattheragāthā,1939,1958,20
52,Th,๑๓. สิริมัณฑเถรคาถา,223,229,7,Sirimaṇḍattheragāthā,1959,1978,20
52,Th,ว่าด้วยคาถาของพระสัพพกามเถระ,230,236,7,Sabbakāmittheragāthā,1979,2006,28
52,Th,๑. สุนทรสมุทรเถรคาถา,237,242,6,Sundarasamuddattheragāthā,2007,2028,22
52,Th,ว่าด้วยคาถาของพระลกุณฏกเถระ,243,253,11,Lakuṇḍakabhaddiyattheragāthā,2029,2051,23
52,Th,ว่าด้วยคาถาของพระภัททเถระ,254,260,7,Bhaddattheragāthā,2052,2074,23
52,Th,ว่าด้วยคาถาของพระโสปากเถระ,261,268,8,Sopākattheragāthā,2075,2098,24
52,Th,ว่าด้วยคาถาของพระสรภังคเถระ,269,276,8,Sarabhaṅgattheragāthā,2099,2128,30
52,Th,๑. มหากัจจายนเถรคาถา,277,290,14,Mahākaccāyanattheragāthā,2129,2155,27
52,Th,ว่าด้วยคาถาของพระสิริมิตตเถระ,291,297,7,Sirimittattheragāthā,2156,2181,26
52,Th,ว่าด้วยคาถาของพระมหาปันถกเถระ,298,306,9,Mahāpanthakattheragāthā,2182,2212,31
52,Th,๑. ภูตเถรคาถา,307,319,13,Bhūtattheragāthā,2213,2246,34
52,Th,๑. กาฬุทายีเถรคาถา,320,337,18,Kāḷudāyittheragāthā,2247,2279,33
52,Th,ว่าด้วยคาถาของพระเอกวิหาริยเถระ,338,347,10,Ekavihāriyattheragāthā,2280,2311,32
52,Th,ว่าด้วยคาถาของพระมหากัปปินเถระ,348,366,19,Mahākappinattheragāthā,2312,2344,33
52,Th,ว่าด้วยคาถาของพระจูฬปันถกเถระ,367,382,16,Cūḷapanthakattheragāthā,2345,2376,32
52,Th,ว่าด้วยคาถาของพระกัปปเถระ,383,393,11,Kappattheragāthā,2377,2408,32
52,Th,ว่าด้วยคาถาของพระอุปเสนวังคันตปุตตเถระ,394,405,12,Vaṅgantaputtaupasenattheragāthā,2409,2440,32
52,Th,ว่าด้วยคาถาของพระโคตมเถระ,406,415,10,(Apara)-gotamattheragāthā,2441,2478,38
52,Th,ว่าด้วยคาถาของพระสังกิจจเถระ,416,424,9,Saṃkiccattheragāthā,2479,2518,40
52,Th,ว่าด้วยคาถาของพระสีลวเถระ,425,436,12,Sīlavattheragāthā,2519,2556,38
52,Th,ว่าด้วยคาถาของพระสุนีตเถระ,437,446,10,Sunītattheragāthā,2557,2600,44
52,Th,ว่าด้วยคาถาของพระโสณโกฬิวิสเถระ,447,464,18,Soṇakoḷivisattheragāthā,2601,2648,48
52,Th,๑. เรวตเถรคาถา,465,475,11,Khadiravaniyarevatattheragāthā,2649,2691,43
52,Th,ว่าด้วยคาถาของพระโคทัตตเถระ,476,504,29,Godattattheragāthā,2692,2788,97
52,Th,ว่าด้วยคาถาของพระอุทายีเถระ,505,,,Udāyittheragāthā,2789,2843,55
52,Th-a-i,ว่าด้วยคาถาของพระสุภูตเถระ,72,260,189,1. Subhūtittheragāthāvaṇṇanā,97,307,211
52,Th-a-i,ว่าด้วยคาถาของพระโสปากเถระ,261,276,16,3. Sopākattheragāthāvaṇṇanā,1047,1061,15
52,Th-a-i,๑. มหากัจจายนเถรคาถา,277,366,90,5. Sambulakaccānattheragāthāvaṇṇanā,4265,4448,184
52,Th-a-i,ว่าด้วยคาถาของพระจูฬปันถกเถระ,367,464,98,2. Dhammapālattheragāthāvaṇṇanā,4449,,
52,Th-a-i,๑. เรวตเถรคาถา,465,,,2. Khadiravaniyattheragāthāvaṇṇanā,1173,1209,37
53,Th,๑. อธิมุตตเถรคาถา,1,53,53,Adhimuttattheragāthā,2844,3041,198
53,Th,๔. รัฏฐปาลเถรคาถา,54,179,126,Raṭṭhapālattheragāthā,3042,3501,460
53,Th,๑๐. ปาราสริยเถรคาถา,180,201,22,Pārāpariyattheragāthā,3502,3597,96
53,Th,๑. ปุสสเถรคาถา,202,228,27,Phussattheragāthā,3598,3695,98
53,Th,๒. สารีปุตตเถรคาถา,229,299,71,Sāriputtattheragāthā,3696,3808,113
53,Th,๓. อานันทเถรคาถา,300,431,132,Ānandattheragāthā,3809,4223,415
53,Th,๑. มหาโมคคัลลานเถรคาถา,432,483,52,Mahāmoggallānattheragāthā,4224,4440,217
53,Th,๑. วังคีสเถรคาถา,484,,,Vaṅgīsattheragāthā,4441,,
53,Th-a-ii,อรรถกถาอธิมุตตเถรคาถาที่ ๑,4,56,53,Adhimuttattheragāthāvaṇṇanā,3134,3406,273
53,Th-a-ii,อรรถกถารัฏฐปาลเถรคาถาที่ ๔,57,123,67,Raṭṭhapālattheragāthāvaṇṇanā,3407,3926,520
53,Th-a-ii,อรรถกถากาลิโคธาปุตตภัททิยเถรคาถาที่ ๗,124,158,35,Kāḷigodhāputtabhaddiyattheragāthāvaṇṇanā,3927,4102,176
53,Th-a-ii,อรรถกถาอนุรุทธเถรคาถาที่ ๙,159,205,47,Anuruddhattheragāthāvaṇṇanā,4103,4364,262
53,Th-a-ii,อรรถกถาปุสสเถรคาถาที่ ๑,206,233,28,Phussattheragāthāvaṇṇanā,4365,4503,139
53,Th-a-ii,อรรถกถาสาริปุตตเถรคาถาที่ ๒,234,299,66,Sāriputtattheragāthāvaṇṇanā,4504,5143,640
53,Th-a-ii,๓. อานันทเถรคาถา,300,498,199,Ānandattheragāthāvaṇṇanā,5144,6183,1040
53,Th-a-ii,อรรถกถาวังคีสเถรคาถาที่ ๑,499,,,Vaṅgīsattheragāthāvaṇṇanā,6184,,
54,Thī,๑. อัญญตราเถรีคาถา,1,11,11,1. Aññatarātherīgāthā,5,9,5
54,Thī,๒. มุตตาเถรีคาถา,12,14,3,2. Muttātherīgāthā,10,14,5
54,Thī,๓. ปุณณาเถรีคาถา,15,16,2,3. Puṇṇātherīgāthā,15,19,5
54,Thī,๔. ติสสาเถรีคาถา,17,18,2,4. Tissātherīgāthā,20,24,5
54,Thī,๕. อัญญตราติสสาเถรีคาถา,19,18,0,5. Aññatarātissātherīgāthā,25,29,5
54,Thī,๖. ธีราเถรีคาถา,19,19,1,6. Dhīrātherīgāthā,30,39,10
54,Thī,๘. มิตตาเถรีคาถา,20,19,0,8. Mittātherīgāthā,40,44,5
54,Thī,๙. ภัทราเถรีคาถา,20,19,0,9. Bhadrātherīgāthā,45,49,5
54,Thī,๑๐. อุปสมาเถรีคาถา,20,22,3,10. Upasamātherīgāthā,50,54,5
54,Thī,๑๑. มุตตาเถรีคาถา,23,26,4,11. Muttātherīgāthā,55,60,6
54,Thī,๑๒. ธัมมทินนาเถรีคาถา,27,33,7,12. Dhammadinnātherīgāthā,61,65,5
54,Thī,๑๓. วิสาขาเถรีคาถา,34,34,1,13. Visākhātherīgāthā,66,70,5
54,Thī,๑๔. สุมนาเถรีคาถา,35,35,1,14. Sumanātherīgāthā,71,75,5
54,Thī,๑๕. อุตตราเถรีคาถา,36,37,2,15. Uttarātherīgāthā,76,80,5
54,Thī,๑๖. วุฑฒปัพพชิตสุมนาเถรีคาถา,38,38,1,16. Vuḍḍhapabbajitasumanātherīgāthā,81,85,5
54,Thī,๑๗. ธัมมาเถรีคาถา,39,40,2,17. Dhammātherīgāthā,86,91,6
54,Thī,๑๘. สังฆาเถรีคาถา,41,42,2,18. Saṅghātherīgāthā,92,99,8
54,Thī,๑. นันทาเถรีคาถา,43,46,4,1. Abhirūpanandātherīgāthā,100,107,8
54,Thī,๒. ชันตาเถรีคาถา,47,51,5,2. Jentātherīgāthā,108,123,16
54,Thī,๔. อัฑฒกาสีเถรีคาถา,52,55,4,4. Aḍḍhakāsitherīgāthā,124,132,9
54,Thī,๕. จิตตาเถรีคาถา,56,57,2,5. Cittātherīgāthā,133,140,8
54,Thī,๖. เมตติกาเถรีคาถา,58,60,3,6. Mettikātherīgāthā,141,149,9
54,Thī,๗. มิตตาเถรีคาถา,61,64,4,7. Mittātherīgāthā,150,158,9
54,Thī,๘. อภยมาตาเถรีคาถา,65,68,4,8. Abhayamātutherīgāthā,159,166,8
54,Thī,๙. อภยาเถรีคาถา,69,72,4,9. Abhayātherīgāthā,167,174,8
54,Thī,๑๐. สามาเถรีคาถา,73,78,6,10. Sāmātherīgāthā,175,197,23
54,Thī,๒. อุตตมาเถรีคาถา,79,85,7,2. Uttamātherīgāthā,198,220,23
54,Thī,๔. ทันติกาเถรีคาถา,86,89,4,4. Dantikātherīgāthā,221,231,11
54,Thī,๕. อุพพิริเถรีคาถา,90,96,7,5. Ubbiritherīgāthā,232,243,12
54,Thī,๖. สุกกาเถรีคาถา,97,103,7,6. Sukkātherīgāthā,244,254,11
54,Thī,๗. เสลาเถรีคาถา,104,110,7,7. Selātherīgāthā,255,265,11
54,Thī,๘. โสมาเถรีคาถา,111,113,3,8. Somātherīgāthā,266,278,13
54,Thī,๑. ภัททกาปิลานีเถรีคาถา,114,127,14,1. Bhaddākāpilānītherīgāthā,279,312,34
54,Thī,๒. วิมลาปุราณคณิกาเถรีคาถา,128,131,4,2. Vimalātherīgāthā,313,329,17
54,Thī,๓. สีหาเถรีคาถา,132,145,14,3. Sīhātherīgāthā,330,363,34
54,Thī,๕. นันทุตตราเถรีคาถา,146,149,4,5. Nanduttarātherīgāthā,364,380,17
54,Thī,๖. มิตตากาลีเถรีคาถา,150,153,4,6. Mittākāḷītherīgāthā,381,397,17
54,Thī,๗. สกุลาเถรีคาถา,154,160,7,7. Sakulātherīgāthā,398,414,17
54,Thī,๘. โสณาเถรีคาถา,161,168,8,8. Soṇātherīgāthā,415,431,17
54,Thī,๙. ภัททากุณฑลเกสาเถรีคาถา,169,182,14,9. Bhaddākuṇḍalakesātherīgāthā,432,448,17
54,Thī,๑๐. ปฏาจาราเถรีคาถา,183,197,15,10. Paṭācārātherīgāthā,449,466,18
54,Thī,๑๑. ติงสมัตตาเถรีคาถา,198,201,4,11. Tiṃsamattātherīgāthā,467,487,21
54,Thī,๑๒. จันทาเถรีคาถา,202,210,9,12. Candātherīgāthā,488,527,40
54,Thī,๒. วาสิฏฐีเถรีคาถา,211,213,3,2. Vāseṭṭhītherīgāthā,528,547,20
54,Thī,๓. เขมาเถรีคาถา,214,230,17,3. Khemātherīgāthā,548,567,20
54,Thī,๔. สุชาตาเถรีคาถา,231,233,3,4. Sujātātherīgāthā,568,587,20
54,Thī,๕. อโนปมาเถรีคาถา,234,236,3,5. Anopamātherīgāthā,588,607,20
54,Thī,๖. มหาปชาบดีโคตมีเถรีคาถา,237,266,30,6. Mahāpajāpatigotamītherīgāthā,608,627,20
54,Thī,๗. คุตตาเถรีคาถา,267,270,4,7. Guttātherīgāthā,628,647,20
54,Thī,๘. วิชยาเถรีคาถา,271,273,3,8. Vijayātherīgāthā,648,669,22
54,Thī,๑. อุตตราเถรีคาถา,274,276,3,1. Uttarātherīgāthā,670,692,23
54,Thī,๒. จาลาเถรีคาถา,277,281,5,2. Cālātherīgāthā,693,715,23
54,Thī,๓. อุปจาลาเถรีคาถา,282,286,5,3. Upacālātherīgāthā,716,740,25
54,Thī,๑. สีสูปจาลาเถรีคาถา,287,292,6,1. Sīsūpacālātherīgāthā,741,769,29
54,Thī,๑. วัฑฒมาตาเถรีคาถา,293,299,7,1. Vaḍḍhamātutherīgāthā,770,800,31
54,Thī,๑. กิสาโคตมีเถรีคาถา,300,314,15,1. Kisāgotamītherīgāthā,801,837,37
54,Thī,๑. อุบลวรรณาเถรีคาถา,315,353,39,1. Uppalavaṇṇātherīgāthā,838,930,93
54,Thī,๑. อัมพปาลีเถรีคาถา,354,369,16,1. Ambapālītherīgāthā,931,990,60
54,Thī,๒. โรหิณีเถรีคาถา,370,381,12,2. Rohinītherīgāthā,991,1055,65
54,Thī,๓. จาปาเถรีคาถา,382,397,16,3. Cāpātherīgāthā,1056,1123,68
54,Thī,๔. สุนทรีเถรีคาถา,398,414,17,4. Sundarītherīgāthā,1124,1208,85
54,Thī,๕. สุภากัมมารธิดาเถรีคาถา,415,432,18,5. Subhākammāradhītutherīgāthā,1209,1299,91
54,Thī,สุภาชีวกัมพวนิกาเถรีคาถา,433,458,26,1. Subhājīvakambavanikātherīgāthā,1300,1405,106
54,Thī,อิสิทาสีเถรีคาถา,459,481,23,1. Isidāsītherīgāthā,1406,1553,148
54,Thī,สุเมธาเถรีคาถา,482,,,1. Sumedhātherīgāthā,1554,,
54,Thī-a,๑. อรรถกถาอัญญตราเถรีคาถา,2,11,10,1. Aññatarātherīgāthāvaṇṇanā,5,35,31
54,Thī-a,๒. อรรถกถามุตตาเถรีคาถา,12,14,3,2. Muttātherīgāthāvaṇṇanā,36,51,16
54,Thī-a,๓. อรรถกถาปุณณาเถรีคาถา,15,17,3,3. Puṇṇātherīgāthāvaṇṇanā,52,74,23
54,Thī-a,๔. อรรถกถาติสสาเถรีคาถา,18,19,2,4. Tissātherīgāthāvaṇṇanā,75,82,8
54,Thī-a,๕. อรรถกถาติสสาทิเถรีคาถาเป็นต้น,20,23,4,5-10. Tissāditherīgāthāvaṇṇanā,83,110,28
54,Thī-a,๑๑. อรรถกถามุตตาเถรีคาถา,24,26,3,11. Muttātherīgāthāvaṇṇanā,111,146,36
54,Thī-a,๑๒. อรรถกถาธัมมทินนาเถรีคาถา,27,33,7,12. Dhammadinnātherīgāthāvaṇṇanā,147,223,77
54,Thī-a,๑๓. อรรถกถาวิสาขาเถรีคาถา,34,34,1,13. Visākhātherīgāthāvaṇṇanā,224,231,8
54,Thī-a,๑๔. อรรถกถาสุมนาเถรีคาถา,35,35,1,14. Sumanātherīgāthāvaṇṇanā,232,240,9
54,Thī-a,๑๕. อรรถกถาอุตตราเถรีคาถา,36,37,2,15. Uttarātherīgāthāvaṇṇanā,241,249,9
54,Thī-a,๑๖. อรรถกถาวุฑฒปัพพชิตสุมนาเถรีคาถา,38,39,2,16. Vuḍḍhapabbajitasumanātherīgāthāvaṇṇanā,250,256,7
54,Thī-a,๑๗. อรรถกถาธัมมาเถรีคาถา,40,40,1,17. Dhammātherīgāthāvaṇṇanā,257,265,9
54,Thī-a,๑๘. อรรถกถาสังฆาเถรีคาถา,41,42,2,18. Saṅghātherīgāthāvaṇṇanā,266,274,9
54,Thī-a,อรรถกถาทุกนิบาต,43,42,0,2. Dukanipāto,275,275,1
54,Thī-a,๑. อรรถกถาอภิรูปนันทาเถรีคาถา,43,46,4,1. Abhirūpanandātherīgāthāvaṇṇanā,276,332,57
54,Thī-a,๒. อรรถกถาชันตาเถรีคาถา,47,48,2,2. Jentātherīgāthāvaṇṇanā,333,344,12
54,Thī-a,๓. อรรถกถาสุมังคลมาตุเถรีคาถา,49,51,3,3. Sumaṅgalamātutherīgāthāvaṇṇanā,345,356,12
54,Thī-a,๔. อรรถกถาอัฑฒกาสีเถรีคาถา,52,55,4,4. Aḍḍhakāsitherīgāthāvaṇṇanā,357,399,43
54,Thī-a,๕. อรรถกถาจิตตาเถรีคาถา,56,58,3,5. Cittātherīgāthāvaṇṇanā,400,426,27
54,Thī-a,๖. อรรถกถาเมตติกาเถรีคาถา,59,60,2,6. Mettikātherīgāthāvaṇṇanā,427,447,21
54,Thī-a,๗. อรรถกถามิตตาเถรีคาถา,61,64,4,7. Mittātherīgāthāvaṇṇanā,448,487,40
54,Thī-a,๘. อรรถกถาอภยมาตุเถรีคาถา,65,68,4,8. Abhayamātutherīgāthāvaṇṇanā,488,517,30
54,Thī-a,๙. อรรถกถาอภยาเถรีคาถา,69,73,5,9. Abhayātherīgāthāvaṇṇanā,518,568,51
54,Thī-a,๑๐. อรรถกถาสามาเถรีคาถา,74,75,2,10. Sāmātherīgāthāvaṇṇanā,569,583,15
54,Thī-a,๑. อรรถกถาอปราสามาเถรีคาถา,76,78,3,1. Aparāsāmātherīgāthāvaṇṇanā,584,611,28
54,Thī-a,๒. อรรถกถาอุตตมาเถรีคาถา,79,83,5,2. Uttamātherīgāthāvaṇṇanā,612,665,54
54,Thī-a,๓. อรรถกถาอัญญตราอุตตมาเถรีคาถา,84,86,3,3. Aparā uttamātherīgāthāvaṇṇanā,666,690,25
54,Thī-a,๔. อรรถกถาทันติกาเถรีคาถา,87,89,3,4. Dantikātherīgāthāvaṇṇanā,691,723,33
54,Thī-a,๕. อรรถกถาอุพพิริเถรีคาถา,90,96,7,5. Ubbiritherīgāthāvaṇṇanā,724,784,61
54,Thī-a,๖. อรรถกถาสุกกาเถรีคาถา,97,104,8,6. Sukkātherīgāthāvaṇṇanā,785,862,78
54,Thī-a,๗. อรรถกถาเสลาเถรีคาถา,105,110,6,7. Selātherīgāthāvaṇṇanā,863,925,63
54,Thī-a,๘. อรรถกถาโสมาเถรีคาถา,111,114,4,8. Somātherīgāthāvaṇṇanā,926,949,24
54,Thī-a,๑. อรรถกถาภัททกาปิลานีเถรีคาถา,115,126,12,1. Bhaddākāpilānītherīgāthāvaṇṇanā,950,1107,158
54,Thī-a,๑. อรรถกถาอัญญตราเถรีคาถา,127,128,2,1. Aññatarātherīgāthāvaṇṇanā,1108,1131,24
54,Thī-a,๒. อรรถกถาวิมลาเถรีคาถา,129,132,4,2. Vimalātherīgāthāvaṇṇanā,1132,1155,24
54,Thī-a,๓. อรรถกถาสีหาเถรีคาถา,133,136,4,3. Sīhātherīgāthāvaṇṇanā,1156,1178,23
54,Thī-a,๔. อรรถกถาสุนทรีนันทาเถรีคาถา,137,146,10,4. Sundarīnandātherīgāthāvaṇṇanā,1179,1310,132
54,Thī-a,๕. อรรถกถานันทุตตราเถรีคาถา,147,149,3,5. Nanduttarātherīgāthāvaṇṇanā,1311,1333,23
54,Thī-a,อรรถกถามิตตากาฬีเถรีคาถา,150,154,5,6. Mittākāḷītherīgāthāvaṇṇanā,1334,1356,23
54,Thī-a,๗. อรรถกถาสกุลาเถรีคาถา,155,161,7,7. Sakulātherīgāthāvaṇṇanā,1357,1446,90
54,Thī-a,๘. อรรถกถาโสณาเถรีคาถา,162,169,8,8. Soṇātherīgāthāvaṇṇanā,1447,1515,69
54,Thī-a,๙. อรรถกถาภัททากุณฑลเกสาเถรีคาถา,170,183,14,9. Bhaddākuṇḍalakesātherīgāthāvaṇṇanā,1516,1655,140
54,Thī-a,๑๐. อรรถกถาปฏาจาราเถรีคาถา,184,198,15,10. Paṭācārātherīgāthāvaṇṇanā,1656,1781,126
54,Thī-a,๑๑. อรรถกถาติงสมัตตาเถรีคาถา,199,202,4,11. Tiṃsamattātherīgāthāvaṇṇanā,1782,1808,27
54,Thī-a,๑๒. อรรถกถาจันทาเถรีคาถา,203,206,4,12. Candātherīgāthāvaṇṇanā,1809,1833,25
54,Thī-a,๑. อรรถกถาปัญจสตมัตตาเถรีคาถา,207,211,5,1. Pañcasatamattātherīgāthāvaṇṇanā,1834,1864,31
54,Thī-a,๒. อรรถกถาวาเสฏฐีเถรีคาถา,212,215,4,2. Vāseṭṭhītherīgāthāvaṇṇanā,1865,1891,27
54,Thī-a,๓. อรรถกถาเขมาเถรีคาถา,216,231,16,3. Khemātherīgāthāvaṇṇanā,1892,2106,215
54,Thī-a,๔. อรรถกถาสุชาตาเถรีคาถา,232,234,3,4. Sujātātherīgāthāvaṇṇanā,2107,2133,27
54,Thī-a,๕. อรรถกถาอโนปมาเถรีคาถา,235,238,4,5. Anopamātherīgāthāvaṇṇanā,2134,2158,25
54,Thī-a,๖. อรรถกถามหาปชาบดีโคตมีเถรีคาถา,239,267,29,6. Mahāpajāpatigotamītherīgāthāvaṇṇanā,2159,2572,414
54,Thī-a,๗. อรรถกถาคุตตาเถรีคาถา,268,271,4,7. Guttātherīgāthāvaṇṇanā,2573,2599,27
54,Thī-a,๘. อรรถกถาวิชยาเถรีคาถา,272,274,3,8. Vijayātherīgāthāvaṇṇanā,2600,2626,27
54,Thī-a,๑. อรรถกถาอุตตราเถรีคาถา,275,277,3,1. Uttarātherīgāthāvaṇṇanā,2627,2653,27
54,Thī-a,๒. อรรถกถาจาลาเถรีคาถา,278,283,6,2. Cālātherīgāthāvaṇṇanā,2654,2686,33
54,Thī-a,๓. อรรถกถาอุปจาลาเถรีคาถา,284,288,5,3. Upacālātherīgāthāvaṇṇanā,2687,2721,35
54,Thī-a,๑. อรรถกถาสีสูปจาลาเถรีคาถา,289,294,6,1. Sīsūpacālātherīgāthāvaṇṇanā,2722,2759,38
54,Thī-a,๑. วัฑฒมาตุเถรีคาถา,295,301,7,1. Vaḍḍhamātutherīgāthāvaṇṇanā,2760,2807,48
54,Thī-a,๑. อรรถกถากิสาโคตมีเถรีคาถา,302,316,15,1. Kisāgotamītherīgāthāvaṇṇanā,2808,2944,137
54,Thī-a,๑. อรรถกถาอุบลวรรณาเถรีคาถา,317,342,26,1. Uppalavaṇṇātherīgāthāvaṇṇanā,2945,3130,186
54,Thī-a,อรรถกถาปุณณาเถรีคาถา,343,357,15,1. Puṇṇātherīgāthāvaṇṇanā,3131,3236,106
54,Thī-a,๑. อรรถกถาอัมพปาลีเถรีคาถา,358,372,15,1. Ambapālītherīgāthāvaṇṇanā,3237,3350,114
54,Thī-a,๒. อรรถกถาโรหิณีเถรีคาถา,373,385,13,2. Rohinītherīgāthāvaṇṇanā,3351,3453,103
54,Thī-a,๓. อรรถกถาจาปาเถรีคาถา,386,401,16,3. Cāpātherīgāthāvaṇṇanā,3454,3561,108
54,Thī-a,๔. อรรถกถาสุนทรีเถรีคาถา,402,418,17,4. Sundarītherīgāthāvaṇṇanā,3562,3689,128
54,Thī-a,๕. อรรถกถาสุภากัมมารธีตุเถรีคาถา,419,438,20,5. Subhākammāradhītutherīgāthāvaṇṇanā,3690,3813,124
54,Thī-a,อรรถกถาสุภาชีวกัมพวนิกาเถรีคาถา,439,465,27,1. Subhājīvakambavanikātherīgāthāvaṇṇanā,3814,3956,143
54,Thī-a,๑. อรรถกถาอิสิทาสีเถรีคาถา,466,493,28,1. Isidāsītherīgāthāvaṇṇanā,3957,4153,197
54,Thī-a,๑. อรรถกถาสุเมธาเถรีคาถา,494,537,44,1. Sumedhātherīgāthāvaṇṇanā,4154,4521,368
54,Thī-a,คาถาท้ายอรรถกถาเถรีคาถา,538,,,Nigamanagāthā,4522,,
55,Ja-a-i,ทูเรนิทาน,2,79,78,1. Dūrenidānakathā,31,664,634
55,Ja-a-i,อวิทูเรนิทาน,80,123,44,2. Avidūrenidānakathā,665,757,93
55,Ja-a-i,สันติเกนิทาน,124,153,30,3. Santikenidānakathā,758,863,106
55,Ja-a-i,๑. อรรถกถาอปัณณวรรค,154,153,0,1. Apaṇṇakavaggo,864,865,2
55,Ja-a-i,๑. อปัณณกชาดก,154,169,16,[1] 1. Apaṇṇakajātakavaṇṇanā,866,915,50
55,Ja-a-i,๒. วัณณุปถชาดก,170,177,8,[2] 2. Vaṇṇupathajātakavaṇṇanā,916,937,22
55,Ja-a-i,๓. อรรถกถาเสรีววาณิชชาดก,178,182,5,[3] 3. Serivavāṇijajātakavaṇṇanā,938,951,14
55,Ja-a-i,๔. อรรถกถาจุลลกเศรษฐีชาดก,183,195,13,[4] 4. Cūḷaseṭṭhijātakavaṇṇanā,952,992,41
55,Ja-a-i,อรรถกถาตัณฑุลนาฬิชาดก,196,200,5,[5] 5. Taṇḍulanāḷijātakavaṇṇanā,993,1006,14
55,Ja-a-i,๖. อรรถกถาเทวธรรมชาดก,201,212,12,[6] 6. Devadhammajātakavaṇṇanā,1007,1043,37
55,Ja-a-i,๗. อรรถกถากัฏฐหาริชาดก,213,216,4,[7] 7. Kaṭṭhahārijātakavaṇṇanā,1044,1055,12
55,Ja-a-i,๘. อรรถกถาคามนิชาดก,217,218,2,[8] 8. Gāmaṇijātakavaṇṇanā,1056,1065,10
55,Ja-a-i,๙. อรรถกถามฆเทวชาดก,219,223,5,[9] 9. Maghadevajātakavaṇṇanā,1066,1080,15
55,Ja-a-i,๑๐. อรรถกถาสุขวิหารริชาดก,224,227,4,[10] 10. Sukhavihārijātakavaṇṇanā,1081,1096,16
55,Ja-a-i,๒. อรรถกถาสีลวรรค,228,227,0,2. Sīlavaggo,1097,1098,2
55,Ja-a-i,๑. อรรถกถาลักขณชาดก,228,232,5,[11] 1. Lakkhaṇamigajātakavaṇṇanā,1099,1112,14
55,Ja-a-i,๒. อรรถกถานิโครธมิคชาดก,233,245,13,[12] 2. Nigrodhamigajātakavaṇṇanā,1113,1154,42
55,Ja-a-i,๓. อรรถกถากัณฑินชาดก,246,249,4,[13] 3. Kaṇḍijātakavaṇṇanā,1155,1167,13
55,Ja-a-i,๔. อรรถกถาวาตมิคชาดก,250,254,5,[14] 4. Vātamigajātakavaṇṇanā,1168,1181,14
55,Ja-a-i,๕. อรรถกถาขราทิยชาดก,255,257,3,[15] 5. Kharādiyajātakavaṇṇanā,1182,1191,10
55,Ja-a-i,๖. อรรถกถาติปัลลัตถมิคชาดก,258,264,7,[16] 6. Tipallatthamigajātakavaṇṇanā,1192,1208,17
55,Ja-a-i,๗. อรรถกถามาลุตชาดก,265,266,2,[17] 7. Mālutajātakavaṇṇanā,1209,1218,10
55,Ja-a-i,๘. อรรถกถามตกภัตตชาดก,267,271,5,[18] 8. Matakabhattajātakavaṇṇanā,1219,1230,12
55,Ja-a-i,๙. อรรถกถาอายาจิตภัตตชาดก,272,273,2,[19] 9. Āyācitabhattajātakavaṇṇanā,1231,1240,10
55,Ja-a-i,๑๐. อรรถกถานฬปานชาดก,274,278,5,[20] 10. Naḷapānajātakavaṇṇanā,1241,1260,20
55,Ja-a-i,๓. อรรถกถากุรุงควรรค,279,278,0,3. Kuruṅgavaggo,1261,1262,2
55,Ja-a-i,๑. อรรกถากุรุงคมิคชาดก,279,281,3,[21] 1. Kuruṅgamigajātakavaṇṇanā,1263,1274,12
55,Ja-a-i,๒. อรรถกถากุกกุรชาดก,282,286,5,[22] 2. Kukkurajātakavaṇṇanā,1275,1288,14
55,Ja-a-i,๓. อรรถกถาโภชาชานียชาดก,287,290,4,[23] 3. Bhojājānīyajātakavaṇṇanā,1289,1301,13
55,Ja-a-i,๔. อรรถกถาอาชัญญชาดก,291,292,2,[24] 4. Ājaññajātakavaṇṇanā,1302,1312,11
55,Ja-a-i,๕. อรรถกถาติฏฐชาดก,293,298,6,[25] 5. Titthajātakavaṇṇanā,1313,1335,23
55,Ja-a-i,๖. อรรถกถามหิลามุขชาดก,299,303,5,[26] 6. Mahiḷāmukhajātakavaṇṇanā,1336,1349,14
55,Ja-a-i,๗. อรรถกถาอภิณหชาดก,304,307,4,[27] 7. Abhiṇhajātakavaṇṇanā,1350,1362,13
55,Ja-a-i,๘. อรรถกถานันทิวิสาลชาดก,308,311,4,[28] 8. Nandivisālajātakavaṇṇanā,1363,1376,14
55,Ja-a-i,๙. อรรถกถากัณหชาดก,312,316,5,[29] 9. Kaṇhajātakavaṇṇanā,1377,1389,13
55,Ja-a-i,๑๐. อรรถกถามุณิกชาดก,317,319,3,[30] 10. Munikajātakavaṇṇanā,1390,1402,13
55,Ja-a-i,๔. อรรถกถากุลาวกวรรค,320,319,0,4. Kulāvakavaggo,1403,1404,2
55,Ja-a-i,๑. กุลาวกชาดก,320,331,12,[31] 1. Kulāvakajātakavaṇṇanā,1405,1435,31
55,Ja-a-i,๒. อรรถกถานัจจชาดก,332,334,3,[32] 2. Naccajātakavaṇṇanā,1436,1446,11
55,Ja-a-i,๓. อรรถกถาสัมโมทมานชาดก,335,337,3,[33] 3. Sammodamānajātakavaṇṇanā,1447,1458,12
55,Ja-a-i,๔. อรรถกถามัจฉาชาดก,338,340,3,[34] 4. Macchajātakavaṇṇanā,1459,1469,11
55,Ja-a-i,๕. อรรถกถาวัฏฏกชาดก,341,345,5,[35] 5. Vaṭṭakajātakavaṇṇanā,1470,1490,21
55,Ja-a-i,๖. อรรถกถาสกุณชาดก,346,348,3,[36] 6. Sakuṇajātakavaṇṇanā,1491,1501,11
55,Ja-a-i,๗. อรรถกถกาติตติรชาดก,349,354,6,[37] 7. Tittirajātakavaṇṇanā,1502,1514,13
55,Ja-a-i,๘. อรรถกถาพกชาดก,355,360,6,[38] 8. Bakajātakavaṇṇanā,1515,1529,15
55,Ja-a-i,๙. อรรถกถานันทชาดก,361,364,4,[39] 9. Nandajātakavaṇṇanā,1530,1542,13
55,Ja-a-i,๑๐. อรรถกถาขทิรังคารชาดก,365,,,[40] 10. Khadiraṅgārajātakavaṇṇanā,1543,1578,36
55,Ja-i,๑. อปัณณกชาดก,1,169,169,Apaṇṇakajātakaṃ,7,11,5
55,Ja-i,๒. วัณณุปถชาดก,170,177,8,Vaṇṇupathajātakaṃ,12,16,5
55,Ja-i,๓. เสรีววาณิชชาดก,178,182,5,Serivavāṇijajātakaṃ,17,21,5
55,Ja-i,๔. จุลลกเศรษฐีชาดก,183,195,13,Cūḷaseṭṭhijātakaṃ,22,26,5
55,Ja-i,๕. ตัณฑุลนาฬิชาดก,196,200,5,Taṇḍulanāḷijātakaṃ,27,31,5
55,Ja-i,๖. เทวธรรมชาดก,201,212,12,Devadhammajātakaṃ,32,36,5
55,Ja-i,๗. กัฏฐหาริชาดก,213,216,4,Kaṭṭhahārijātakaṃ,37,41,5
55,Ja-i,๘. คามนิชาดก,217,218,2,Gāmaṇijātakaṃ,42,46,5
55,Ja-i,๙. มฆเทวชาดก,219,223,5,Maghadevajātakaṃ,47,51,5
55,Ja-i,๑๐. สุขวิหาริชาดก,224,227,4,Sukhavihārijātakaṃ,52,61,10
55,Ja-i,๑. ลักขณชาดก,228,232,5,Lakkhaṇamigajātakaṃ,62,67,6
55,Ja-i,๒. นิโครธมิคชาดก,233,245,13,Nigrodhamigajātakaṃ,68,72,5
55,Ja-i,๓. กัณฑินชาดก,246,249,4,Kaṇḍijātakaṃ,73,78,6
55,Ja-i,๔. วาตมิคชาดก,250,254,5,Vātamigajātakaṃ,79,83,5
55,Ja-i,๕. ขราทิยชาดก,255,257,3,Kharādiyajātakaṃ,84,88,5
55,Ja-i,๖. ติปัลลัตถมิคชาดก,258,264,7,Tipallatthamigajātakaṃ,89,93,5
55,Ja-i,๗. มาลุตชาดก,265,266,2,Mālutajātakaṃ,94,98,5
55,Ja-i,๘. มตกภัตตชาดก,267,271,5,Matakabhattajātakaṃ,99,103,5
55,Ja-i,๙. อายาจิตภัตตชาดก,272,273,2,Āyācitabhattajātakaṃ,104,108,5
55,Ja-i,๑๐. นฬปานชาดก,274,278,5,Naḷapānajātakaṃ,109,118,10
55,Ja-i,๑. กุรุงคมิคชาดก,279,281,3,Kuruṅgamigajātakaṃ,119,123,5
55,Ja-i,๒. กุกกุรชาดก,282,286,5,Kukkurajātakaṃ,124,128,5
55,Ja-i,๓. โภชาชานียชาดก,287,290,4,Gojānīyajātakaṃ,129,133,5
55,Ja-i,๔. อาชัญญชาดก,291,292,2,Ājaññajātakaṃ,134,138,5
55,Ja-i,๕. ติตถชาดก,293,298,6,Titthajātakaṃ,139,143,5
55,Ja-i,๖. มหิลามุขชาดก,299,303,5,Mahiḷāmukhajātakaṃ,144,148,5
55,Ja-i,๗. อภิณหชาดก,304,307,4,Abhiṇhajātakaṃ,149,153,5
55,Ja-i,๘. นันทิวิสาลชาดก,308,311,4,Nandivisālajātakaṃ,154,159,6
55,Ja-i,๙. กัณหชาดก,312,316,5,Kaṇhajātakaṃ,160,164,5
55,Ja-i,๑๐. มุณิกชาดก,317,319,3,Munikajātakaṃ,165,174,10
55,Ja-i,๑. กุลาวกชาดก,320,331,12,Kulāvakajātakaṃ,175,179,5
55,Ja-i,๒. นัจจชาดก,332,334,3,Naccajātakaṃ,180,184,5
55,Ja-i,๓. สัมโมทมานชาดก,335,337,3,Sammodamānajātakaṃ,185,189,5
55,Ja-i,๔. มัจฉาชาดก,338,340,3,Macchajātakaṃ,190,194,5
55,Ja-i,๕. วัฏฏกชาดก,341,345,5,Vaṭṭakajātakaṃ,195,199,5
55,Ja-i,๖. สกุณชาดก,346,348,3,Sakuṇajātakaṃ,200,204,5
55,Ja-i,๗. ติตติรชาดก,349,354,6,Tittirajātakaṃ,205,209,5
55,Ja-i,๘. พกชาดก,355,360,6,Bakajātakaṃ,210,214,5
55,Ja-i,๙. นันทชาดก,361,364,4,Nandajātakaṃ,215,219,5
55,Ja-i,๑๐. ขทิรังคารชาดก,365,,,Khadiraṅgārajātakaṃ,220,228,9
56,Ja-a-i,๑. โลสกชาดก,1,15,15,Losakajātakavaṇṇanā,1579,1600,22
56,Ja-a-i,๒. กโปตกชาดก,16,21,6,Kapotajātakavaṇṇanā,1601,1614,14
56,Ja-a-i,๓. เวฬุชาดก,22,25,4,Veḷukajātakavaṇṇanā,1615,1625,11
56,Ja-a-i,๔. มกสชาดก,26,29,4,Makasajātakavaṇṇanā,1626,1637,12
56,Ja-a-i,๕. โรหิณีชาดก,30,32,3,Rohiṇijātakavaṇṇanā,1638,1647,10
56,Ja-a-i,๖. อารามทูสกชาดก,33,37,5,Ārāmadūsakajātakavaṇṇanā,1648,1658,11
56,Ja-a-i,๗. วารุณิทูสกชาดก,38,40,3,Vāruṇidūsakajātakavaṇṇanā,1659,1668,10
56,Ja-a-i,๘. เวทัพพชาดก,41,48,8,Vedabbajātakavaṇṇanā,1669,1683,15
56,Ja-a-i,๙. นักขัตตชาดก,49,53,5,Nakkhattajātakavaṇṇanā,1684,1695,12
56,Ja-a-i,๑๐. ทุมเมธชาดก,54,59,6,Dummedhajātakavaṇṇanā,1696,1714,19
56,Ja-a-i,๑. มหาสีลวชาดก,60,72,13,Mahāsīlavajātakavaṇṇanā,1715,1731,17
56,Ja-a-i,๒. จูฬชนกชาดก,73,74,2,Cūḷajanakajātakavaṇṇanā,1732,1739,8
56,Ja-a-i,๓. ปุณณปาติชาดก,75,78,4,Puṇṇapātijātakavaṇṇanā,1740,1749,10
56,Ja-a-i,๔. ผลชาดก,79,82,4,Kiṃphalajātakavaṇṇanā,1750,1760,11
56,Ja-a-i,๕. ปัญจาวุธชาดก,83,89,7,Pañcāvudhajātakavaṇṇanā,1761,1776,16
56,Ja-a-i,๖. กัญจนขันธชาดก,90,94,5,Kañcanakkhandhajātakavaṇṇanā,1777,1790,14
56,Ja-a-i,๗. วานรินทชาดก,95,99,5,Vānarindajātakavaṇṇanā,1791,1803,13
56,Ja-a-i,๘. ตโยธรรมชาดก,100,104,5,Tayodhammajātakavaṇṇanā,1804,1816,13
56,Ja-a-i,๙. เภริวาทชาดก,105,107,3,Bherivādakajātakavaṇṇanā,1817,1826,10
56,Ja-a-i,๑๐. สังขธมนชาดก,108,109,2,Saṅkhadhamajātakavaṇṇanā,1827,1842,16
56,Ja-a-i,๑. อสาตมันตชาดก,110,118,9,Asātamantajātakavaṇṇanā,1843,1863,21
56,Ja-a-i,๒. อัณฑภูตชาดก,119,129,11,Aṇḍabhūtajātakavaṇṇanā,1864,1890,27
56,Ja-a-i,๓. ตักกชาดก,130,136,7,Takkapaṇḍitajātakavaṇṇanā,1891,1905,15
56,Ja-a-i,๔. ทุรานชาดก,137,141,5,Durājānajātakavaṇṇanā,1906,1916,11
56,Ja-a-i,๕. อนภิรติชาดก,142,145,4,Anabhiratijātakavaṇṇanā,1917,1927,11
56,Ja-a-i,๖. มุทุลักขณชาดก,146,153,8,Mudulakkhaṇajātakavaṇṇanā,1928,1942,15
56,Ja-a-i,๗. อุจฉังคชาดก,154,158,5,Ucchaṅgajātakavaṇṇanā,1943,1957,15
56,Ja-a-i,๘. สาเกตชาดก,159,161,3,Sāketajātakavaṇṇanā,1958,1968,11
56,Ja-a-i,๙. วิสวันตชาดก,162,165,4,Visavantajātakavaṇṇanā,1969,1979,11
56,Ja-a-i,๑๐. กุททาลชาดก,166,174,9,Kuddālajātakavaṇṇanā,1980,2005,26
56,Ja-a-i,๑. วรุณชาดก,175,181,7,Varuṇajātakavaṇṇanā,2006,2020,15
56,Ja-a-i,๒. สีลวนาคชาดก,182,188,7,Sīlavanāgarājajātakavaṇṇanā,2021,2036,16
56,Ja-a-i,๓. สัจจังกิรชาดก,189,198,10,Saccaṃkirajātakavaṇṇanā,2037,2052,16
56,Ja-a-i,๔. รุกขธัมมชาดก,199,203,5,Rukkhadhammajātakavaṇṇanā,2053,2063,11
56,Ja-a-i,๕. มัจฉชาดก,204,210,7,Macchajātakavaṇṇanā,2064,2077,14
56,Ja-a-i,๖. อสังกิยชาดก,211,215,5,Asaṅkiyajātakavaṇṇanā,2078,2090,13
56,Ja-a-i,๗. มหาสุบินชาดก,216,241,26,Mahāsupinajātakavaṇṇanā,2091,2135,45
56,Ja-a-i,๘. อิลลิสชาดก,242,259,18,Illisajātakavaṇṇanā,2136,2163,28
56,Ja-a-i,๙. ขรัสสรชาดก,260,263,4,Kharassarajātakavaṇṇanā,2164,2174,11
56,Ja-a-i,๑๐. ภีมเสนชาดก,264,272,9,Bhīmasenajātakavaṇṇanā,2175,2194,20
56,Ja-a-i,๑. สุราปานชาดก,273,279,7,Surāpānajātakavaṇṇanā,2195,2210,16
56,Ja-a-i,๒. มิตตวินทกชาดก,280,282,3,Mittavindakajātakavaṇṇanā,2211,2220,10
56,Ja-a-i,๓. กาฬกัณณิชาดก,283,287,5,Kāḷakaṇṇijātakavaṇṇanā,2221,2233,13
56,Ja-a-i,๔. อัตถัสสทวารชาดก,288,292,5,Atthassadvārajātakavaṇṇanā,2234,2244,11
56,Ja-a-i,๕. กิมปักกชาดก,293,296,4,Kiṃpakkajātakavaṇṇanā,2245,2255,11
56,Ja-a-i,๖. สีลวีมังสนชาดก,297,302,6,Sīlavīmaṃsakajātakavaṇṇanā,2256,2269,14
56,Ja-a-i,๗. มังคลชาดก,303,309,7,Maṅgalajātakavaṇṇanā,2270,2283,14
56,Ja-a-i,๘. สารัมภชาดก,310,311,2,Sārambhajātakavaṇṇanā,2284,2292,9
56,Ja-a-i,๙. กุหกชาดก,312,315,4,Kuhakajātakavaṇṇanā,2293,2304,12
56,Ja-a-i,๑๐. อกตัญญูชาดก,316,320,5,Akataññujātakavaṇṇanā,2305,2323,19
56,Ja-a-i,๑. ลิตตชาดก,321,324,4,Littajātakavaṇṇanā,2324,2334,11
56,Ja-a-i,๒. มหาสารชาดก,325,338,14,Mahāsārajātakavaṇṇanā,2335,2356,22
56,Ja-a-i,๓. วิสสาสโภชนาชาดก,339,342,4,Vissāsabhojanajātakavaṇṇanā,2357,2368,12
56,Ja-a-i,๔. โลมหังสชาดก,343,347,5,Lomahaṃsajātakavaṇṇanā,2369,2380,12
56,Ja-a-i,๕. มหาสุทัสสนชาดก,348,352,5,Mahāsudassanajātakavaṇṇanā,2381,2391,11
56,Ja-a-i,๖. เตลปัตตชาดก,353,369,17,Telapattajātakavaṇṇanā,2392,2445,54
56,Ja-a-i,๗. นามสิทธิชาดก,370,374,5,Nāmasiddhijātakavaṇṇanā,2446,2456,11
56,Ja-a-i,๘. กูฏวาณิชชาดก,375,378,4,Kūṭavāṇijajātakavaṇṇanā,2457,2467,11
56,Ja-a-i,๙. ปโรสหัสสชาดก,379,382,4,Parosahassajātakavaṇṇanā,2468,2479,12
56,Ja-a-i,๑๐. อสาตรูปชาดก,383,389,7,Asātarūpajātakavaṇṇanā,2480,2500,21
56,Ja-a-i,๑. ปโรสตชาดก,390,391,2,Parosatajātakavaṇṇanā,2501,2507,7
56,Ja-a-i,๒. ปัณณิกชาดก,392,395,4,Paṇṇikajātakavaṇṇanā,2508,2519,12
56,Ja-a-i,๓. เวริชาดก,396,398,3,Verijātakavaṇṇanā,2520,2530,11
56,Ja-a-i,๔. มิตตวินทชาดก,399,401,3,Mittavindakajātakavaṇṇanā,2531,2540,10
56,Ja-a-i,๕. ทุพพลกัฏฐชาดก,402,404,3,Dubbalakaṭṭhajātakavaṇṇanā,2541,2553,13
56,Ja-a-i,๖. อุทัญจนีชาดก,405,408,4,Udañcanījātakavaṇṇanā,2554,2565,12
56,Ja-a-i,๗. สาลิตตกชาดก,409,413,5,Sālittakajātakavaṇṇanā,2566,2577,12
56,Ja-a-i,๘. พาหิยชาดก,414,417,4,Bāhiyajātakavaṇṇanā,2578,2588,11
56,Ja-a-i,๙. กุณฑกปูวชาดก,418,422,5,Kuṇḍakapūvajātakavaṇṇanā,2589,2601,13
56,Ja-a-i,๑๐. สัพพสังหารกปัญหา,423,424,2,Sabbasaṃhārakapañhajātakavaṇṇanā,2602,2610,9
56,Ja-a-i,๑. คัทรภปัญหา,425,425,1,Gadrabhapañhajātakavaṇṇanā,2611,2613,3
56,Ja-a-i,๒. อมราเทวีปัญหา,426,426,1,Amarādevīpañhajātakavaṇṇanā,2614,2616,3
56,Ja-a-i,๓. สิคาลชาดก,427,430,4,Siṅgālajātakavaṇṇanā,2617,2627,11
56,Ja-a-i,๔. มิตจินติชาดก,431,434,4,Mitacintījātakavaṇṇanā,2628,2638,11
56,Ja-a-i,๕. อนุสาสิกชาดก,435,438,4,Anusāsikajātakavaṇṇanā,2639,2650,12
56,Ja-a-i,๖. ทุพพจชาดก,439,441,3,Dubbacajātakavaṇṇanā,2651,2660,10
56,Ja-a-i,๗. ติตติรชาดก,442,444,3,Tittirajātakavaṇṇanā,2661,2672,12
56,Ja-a-i,๘. วัฏฏกชาดก,445,450,6,Vaṭṭajātakavaṇṇanā,2673,2685,13
56,Ja-a-i,๙. อกาลราวิชาดก,451,453,3,Akālarāvijātakavaṇṇanā,2686,2695,10
56,Ja-a-i,๑๐. พันธนโมกขชาดก,454,462,9,Bandhanamokkhajātakavaṇṇanā,2696,2717,22
56,Ja-a-i,๑. กุสนาฬิชาดก,463,468,6,Kusanāḷijātakavaṇṇanā,2718,2730,13
56,Ja-a-i,๒. ทุมเมธชาดก,469,474,6,Dummedhajātakavaṇṇanā,2731,2743,13
56,Ja-a-i,๓. นังคลีสชาดก,475,479,5,Naṅgalīsajātakavaṇṇanā,2744,2756,13
56,Ja-a-i,๔. อัมพชาดก,480,483,4,Ambajātakavaṇṇanā,2757,2767,11
56,Ja-a-i,๕. กฏาหกชาดก,484,490,7,Kaṭāhakajātakavaṇṇanā,2768,2782,15
56,Ja-a-i,๖. อสิลักขณชาดก,491,497,7,Asilakkhaṇajātakavaṇṇanā,2783,2796,14
56,Ja-a-i,๗. กลัณฑุกชาดก,498,500,3,Kalaṇḍukajātakavaṇṇanā,2797,2807,11
56,Ja-a-i,๘. มูสิกชาดก,501,504,4,Biḷāravatajātakavaṇṇanā,2808,2819,12
56,Ja-a-i,๙. อัคคิกชาดก,505,507,3,Aggikabhāradvājajātakavaṇṇanā,2820,2830,11
56,Ja-a-i,๑๐. โกสิยชาดก,508,513,6,Kosiyajātakavaṇṇanā,2831,2848,18
56,Ja-a-i,๑. อสัมปทานชาดก,514,521,8,Asampadānajātakavaṇṇanā,2849,2862,14
56,Ja-a-i,๒. ปัญจภีรุกชาดก,522,526,5,Bhīrukajātakavaṇṇanā,2863,2876,14
56,Ja-a-i,๓. ฆตาสนชาดก,527,530,4,Ghatāsanajātakavaṇṇanā,2877,2888,12
56,Ja-a-i,๔. ฌานโสธนชาดก,531,533,3,Jhānasodhanajātakavaṇṇanā,2889,2898,10
56,Ja-a-i,๕. จันทาภชาดก,534,535,2,Candābhajātakavaṇṇanā,2899,2908,10
56,Ja-a-i,๖. สุวรรณหังสชาดก,536,540,5,Suvaṇṇahaṃsajātakavaṇṇanā,2909,2920,12
56,Ja-a-i,๗. พัพพุชาดก,541,546,6,Babbujātakavaṇṇanā,2921,2934,14
56,Ja-a-i,๘. โคธชาดก,547,550,4,Godhājātakavaṇṇanā,2935,2947,13
56,Ja-a-i,๙. อุภโตภัตถชาดก,551,554,4,Ubhatobhaṭṭhajātakavaṇṇanā,2948,2959,12
56,Ja-a-i,๑๐. กากชาดก,555,560,6,Kākajātakavaṇṇanā,2960,2978,19
56,Ja-a-i,๑. โคธชาดก,561,564,4,Godhājātakavaṇṇanā,2979,2990,12
56,Ja-a-i,๒. สิคาลชาดก,565,568,4,Siṅgālajātakavaṇṇanā,2991,3001,11
56,Ja-a-i,๓. วิโรจนชาดก,569,573,5,Virocajātakavaṇṇanā,3002,3015,14
56,Ja-a-i,๔. นังคุฏฐชาดก,574,577,4,Naṅguṭṭhajātakavaṇṇanā,3016,3027,12
56,Ja-a-i,๕. ราธชาดก,578,581,4,Rādhajātakavaṇṇanā,3028,3039,12
56,Ja-a-i,๖. กากชาดก,582,586,5,Samuddakākajātakavaṇṇanā,3040,3052,13
56,Ja-a-i,๗. ปุปผรัตตชาดก,587,590,4,Puppharattajātakavaṇṇanā,3053,3063,11
56,Ja-a-i,๘. สิคาลชาดก,591,597,7,Siṅgālajātakavaṇṇanā,3064,3076,13
56,Ja-a-i,๙. เอกปัณณชาดก,598,606,9,Ekapaṇṇajātakavaṇṇanā,3077,3091,15
56,Ja-a-i,๑๐. สัญชีวชาดก,607,,,Sañjīvajātakavaṇṇanā,3092,,
56,Ja-i,๕. อัตถกามวรรค,1,0,0,Atthakāmavaggo,229,229,1
56,Ja-i,๑. โลสกชาดก,1,15,15,Losakajātakaṃ,230,234,5
56,Ja-i,๒. กโปตกชาดก,16,21,6,Kapotajātakaṃ,235,239,5
56,Ja-i,๓. เวฬุชาดก,22,25,4,Veḷukajātakaṃ,240,244,5
56,Ja-i,๔ มกสชาดก,26,29,4,Makasajātakaṃ,245,249,5
56,Ja-i,๕. โรหิณีชาดก,30,32,3,Rohiṇijātakaṃ,250,254,5
56,Ja-i,๖. อารามทูสกชาดก,33,37,5,Ārāmadūsakajātakaṃ,255,259,5
56,Ja-i,๗. วารุณิทูสกชาดก,38,40,3,Vāruṇidūsakajātakaṃ,260,264,5
56,Ja-i,๘. เวทัพพชาดก,41,48,8,Vedabbajātakaṃ,265,269,5
56,Ja-i,๙. นักขัตตชาดก,49,53,5,Nakkhattajātakaṃ,270,274,5
56,Ja-i,๑๐. ทุมเมธชาดก,54,59,6,Dummedhajātakaṃ,275,284,10
56,Ja-i,๖. อาสิงสวรรค,60,59,0,Āsīsavaggo,285,285,1
56,Ja-i,๑. มหาสีลวชาดก,60,72,13,Mahāsīlavajātakaṃ,286,290,5
56,Ja-i,๒. จูฬชนกชาดก,73,74,2,Cūḷajanakajātakaṃ,291,295,5
56,Ja-i,๓. ปุณณปาติชาดก,75,78,4,Puṇṇapātijātakaṃ,296,300,5
56,Ja-i,๔. ผลชาดก,79,82,4,Kiṃphalajātakaṃ,301,305,5
56,Ja-i,๕. ปัญจาวุธชาดก,83,89,7,Pañcāvudhajātakaṃ,306,311,6
56,Ja-i,๖. กัญจนขันธชาดก,90,94,5,Kañcanakkhandhajātakaṃ,312,317,6
56,Ja-i,๗. วานรินทชาดก,95,99,5,Vānarindajātakaṃ,318,322,5
56,Ja-i,๘. ตโยธรรมชาดก,100,104,5,Tayodhammajātakaṃ,323,327,5
56,Ja-i,๙. เภริวาทชาดก,105,107,3,Bherivādakajātakaṃ,328,332,5
56,Ja-i,๑๐. สังขธมนชาดก,108,109,2,Saṅkhadhamajātakaṃ,333,341,9
56,Ja-i,๗. อิตถีวรรค,110,109,0,Itthivaggo,342,342,1
56,Ja-i,๑. อสาตมันตชาดก,110,118,9,Asātamantajātakaṃ,343,348,6
56,Ja-i,๒. อัณฑภูตชาดก,119,129,11,Aṇḍabhūtajātakaṃ,349,353,5
56,Ja-i,๓. ตักกชาดก,130,136,7,Takkapaṇḍitajātakaṃ,354,358,5
56,Ja-i,๔. ทุรานชาดก,137,141,5,Durājānajātakaṃ,359,363,5
56,Ja-i,๕. อนภิรติชาดก,142,145,4,Anabhiratijātakaṃ,364,368,5
56,Ja-i,๖. มุทุลักขณชาดก,146,153,8,Mudulakkhaṇajātakaṃ,369,373,5
56,Ja-i,๗. อุจฉังคชาดก,154,158,5,Ucchaṅgajātakaṃ,374,378,5
56,Ja-i,๘. สาเกตชาดก,159,161,3,Sāketajātakaṃ,379,383,5
56,Ja-i,๙. วิสวันตชาดก,162,165,4,Visavantajātakaṃ,384,388,5
56,Ja-i,๑๐. กุททาลชาดก,166,174,9,Kuddālajātakaṃ,389,397,9
56,Ja-i,๘. วรุณวรรค,175,174,0,Varuṇavaggo,398,398,1
56,Ja-i,๑. วรุณชาดก,175,181,7,Varuṇajātakaṃ,399,403,5
56,Ja-i,๒. สีลวนาคชาดก,182,188,7,Sīlavahatthijātakaṃ,404,408,5
56,Ja-i,๓. สัจจังกิรชาดก,189,198,10,Saccaṃkirajātakaṃ,409,413,5
56,Ja-i,๔. รุกขธัมมชาดก,199,203,5,Rukkhadhammajātakaṃ,414,418,5
56,Ja-i,๕. มัจฉชาดก,204,210,7,Macchajātakaṃ,419,423,5
56,Ja-i,๖. ออสังกิยชาดก,211,215,5,Asaṅkiyajātakaṃ,424,428,5
56,Ja-i,๗. มหาสุบินชาดก,216,241,26,Mahāsupinajātakaṃ,429,435,7
56,Ja-i,๘. อิลลิสชาดก,242,259,18,Illisajātakaṃ,436,440,5
56,Ja-i,๙. ขรัสสรชาดก,260,263,4,Kharassarajātakaṃ,441,445,5
56,Ja-i,๑๐. ภีมเสนชาดก,264,272,9,Bhīmasenajātakaṃ,446,454,9
56,Ja-i,๙. อปายิมหวรรค,273,272,0,Apāyimhavaggo,455,455,1
56,Ja-i,๑. สุราปานชาดก,273,279,7,Surāpānajātakaṃ,456,460,5
56,Ja-i,๒. มิตตวินทกชาดก,280,282,3,Mittavindakajātakaṃ,461,465,5
56,Ja-i,๓. กาฬกัณณิชาดก,283,287,5,Kālakaṇṇijātakaṃ,466,471,6
56,Ja-i,๔. อัตถัสสทวารชาดก,288,292,5,Atthassadvārajātakaṃ,472,476,5
56,Ja-i,๕. กิมปักกชาดก,293,296,4,Kiṃpakkajātakaṃ,477,481,5
56,Ja-i,๖. สีลวีมังสนชาดก,297,302,6,Sīlavīmaṃsakajātakaṃ,482,486,5
56,Ja-i,๗. มังคลชาดก,303,309,7,Maṅgalajātakaṃ,487,491,5
56,Ja-i,๘. สารัมภชาดก,310,311,2,Sārambhajātakaṃ,492,496,5
56,Ja-i,๙. กุหกชาดก,312,315,4,Kuhakajātakaṃ,497,501,5
56,Ja-i,๑๐. อกตัญญูชาดก,316,320,5,Akataññujātakaṃ,502,510,9
56,Ja-i,๑๐. ลิตตวรรค,321,320,0,Littavaggo,511,511,1
56,Ja-i,๑. ลิตตชาดก,321,324,4,Littajātakaṃ,512,516,5
56,Ja-i,๒. มหาสารชาดก,325,338,14,Mahāsārajātakaṃ,517,521,5
56,Ja-i,๓. วิสสาสโภชนาชาดก,339,342,4,Visāsabhojanajātakaṃ,522,526,5
56,Ja-i,๔. โลมหังสชาดก,343,347,5,Lomahaṃsajātakaṃ,527,531,5
56,Ja-i,๕. มหาสุทัสสนชาดก,348,352,5,Mahāsudassanajātakaṃ,532,536,5
56,Ja-i,๖. เตลปัตตชาดก,353,369,17,Telapattajātakaṃ,537,541,5
56,Ja-i,๗. นามสิทธิชาดก,370,374,5,Nāmasiddhijātakaṃ,542,546,5
56,Ja-i,๘. กูฏวาณิชชาดก,375,378,4,Kūṭavāṇijajātakaṃ,547,551,5
56,Ja-i,๙. ปโรสหัสสชาดก,379,382,4,Parosahassajātakaṃ,552,556,5
56,Ja-i,๑๐. อสาตรูปชาดก,383,389,7,Asātarūpajātakaṃ,557,566,10
56,Ja-i,๑๑. ปโรสตวรรค,390,389,0,Parosatavaggo,567,567,1
56,Ja-i,๑. ปโรสตชาดก,390,391,2,Parosatajātakaṃ,568,572,5
56,Ja-i,๒. ปัณณิกชาดก,392,395,4,Paṇṇikajātakaṃ,573,577,5
56,Ja-i,๓. เวริชาดก,396,398,3,Verijātakaṃ,578,582,5
56,Ja-i,๔. มิตตวินทชาดก,399,401,3,Mittavindakajātakaṃ,583,588,6
56,Ja-i,๕. ทุพพลกัฏฐชาดก,402,404,3,Dubbalakaṭṭhajātakaṃ,589,593,5
56,Ja-i,๖. อุทัญจนีชาดก,405,408,4,Udañcanījātakaṃ,594,598,5
56,Ja-i,๗. สาลิตตกชาดก,409,413,5,Sālittakajātakaṃ,599,603,5
56,Ja-i,๘. พาหิยชาดก,414,417,4,Bāhiyajātakaṃ,604,608,5
56,Ja-i,๙. กุณฑกปูวชาดก,418,422,5,Kuṇḍapūvajātakaṃ,609,613,5
56,Ja-i,๑๐. สัพพสังหารกปัญหา,423,424,2,Sabbasaṃhārakapañhajātakaṃ,614,622,9
56,Ja-i,๑๒. หังสิวรรค,425,424,0,Haṃcivaggo,623,623,1
56,Ja-i,๑. คัทรภปัญหา,425,425,1,Gadrabhapañhajātakaṃ,624,628,5
56,Ja-i,๒. อมราเทวีปัญหา,426,426,1,Amarādevīpañhajātakaṃ,629,634,6
56,Ja-i,๓. สิคาลชาดก,427,430,4,Siṅgālajātakaṃ,635,639,5
56,Ja-i,๔. มิตจินติชาดก,431,434,4,Mitacintijātakaṃ,640,644,5
56,Ja-i,๕. อนุสาสิกชาดก,435,438,4,Anusāsikajātakaṃ,645,649,5
56,Ja-i,๖. ทุพพจชาดก,439,441,3,Dubbacajātakaṃ,650,654,5
56,Ja-i,๗. ติตติรชาดก,442,444,3,Tittirajātakaṃ,655,659,5
56,Ja-i,๘. วัฏฏกชาดก,445,450,6,Vaṭṭakajātakaṃ,660,664,5
56,Ja-i,๙. อกาลราวิชาดก,451,453,3,Akālarāvijātakaṃ,665,669,5
56,Ja-i,๑๐. พันธนโมกขชาดก,454,462,9,Bandhanamokkhajātakaṃ,670,678,9
56,Ja-i,๑๓. กุสนาฬิวรรค,463,462,0,Kusanāḷivaggo,679,679,1
56,Ja-i,๑. กุสนาฬิชาดก,463,468,6,Kusanāḷijātakaṃ,680,684,5
56,Ja-i,๒. ทุมเมธชาดก,469,474,6,Dummedhajātakaṃ,685,689,5
56,Ja-i,๓. นังคลีสชาดก,475,479,5,Naṅgalīsajātakaṃ,690,694,5
56,Ja-i,๔. อัมพชาดก,480,483,4,Ambajātakaṃ,695,699,5
56,Ja-i,๕. กฏาหกชาดก,484,490,7,Kaṭāhakajātakaṃ,700,704,5
56,Ja-i,๖. อสิลักขณชาดก,491,497,7,Asilakkhaṇajātakaṃ,705,709,5
56,Ja-i,๗. กลัณฑุกชาดก,498,500,3,Kalaṇḍukajātakaṃ,710,714,5
56,Ja-i,๘. มูสิกชาดก,501,504,4,Biḷāravatajātakaṃ,715,719,5
56,Ja-i,๙. อัคคิกชาดก,505,507,3,Aggikabhāradvājajātakaṃ,720,724,5
56,Ja-i,๑๐. โกสิยชาดก,508,513,6,Kosiyajātakaṃ,725,733,9
56,Ja-i,๑๔. อสัมปทานวรรค,514,513,0,Asampadānavaggo,734,734,1
56,Ja-i,๑. อสัมปทานชาดก,514,521,8,Asampadānajātakaṃ,735,739,5
56,Ja-i,๒. ปัญจภีรุกชาดก,522,526,5,Bhīrukajātakaṃ,740,744,5
56,Ja-i,๓. ฆตาสนชาดก,527,530,4,Ghatāsanajātakaṃ,745,749,5
56,Ja-i,๔. ฌานโสธนชาดก,531,533,3,Jhānasodhanajātakaṃ,750,754,5
56,Ja-i,๕. จันทาภชาดก,534,535,2,Candābhajātakaṃ,755,759,5
56,Ja-i,๖. สุวรรณหังสชาดก,536,540,5,Suvaṇṇahaṃsajātakaṃ,760,764,5
56,Ja-i,๗. พัพพุชาดก,541,546,6,Babbujātakaṃ,765,769,5
56,Ja-i,๘. โคธชาดก,547,550,4,Godhajātakaṃ,770,774,5
56,Ja-i,๙. อุภโตภัตถชาดก,551,554,4,Ubhatobhaṭṭhajātakaṃ,775,779,5
56,Ja-i,๑๐. กากชาดก,555,560,6,Kākajātakaṃ,780,788,9
56,Ja-i,๑๕. กกัณฏกวรรค,561,560,0,Kakaṇṭakavaggo,789,789,1
56,Ja-i,๑. โคธชาดก,561,564,4,Godhajātakaṃ,790,794,5
56,Ja-i,๒. สิคาลชาดก,565,568,4,Siṅgālajātakaṃ,795,799,5
56,Ja-i,๓. วิโรจนชาดก,569,573,5,Virocajātakaṃ,800,804,5
56,Ja-i,๔. นังคุฏฐชาดก,574,577,4,Naṅguṭṭhajātakaṃ,805,809,5
56,Ja-i,๕. ราธชาดก,578,581,4,Rādhajātakaṃ,810,814,5
56,Ja-i,๖. กากชาดก,582,586,5,Samuddakākajātakaṃ,815,819,5
56,Ja-i,๗. ปุปผรัตตชาดก,587,590,4,Puppharattajātakaṃ,820,824,5
56,Ja-i,๘. สิคาลชาดก,591,597,7,Siṅgālajātakaṃ,825,829,5
56,Ja-i,๙. เอกปัณณชาดก,598,606,9,Ekapaṇṇajātakaṃ,830,834,5
56,Ja-i,๑๐. สัญชีวชาดก,607,,,Sañjīvajātakaṃ,835,852,18
57,Ja-a-ii,๑. ราโชวาทชาดก,1,9,9,1. Rājovādajātakavaṇṇanā,7,26,20
57,Ja-a-ii,๒. สิคาลชาดก,10,16,7,2. Siṅgālajātakavaṇṇanā,27,47,21
57,Ja-a-ii,๓. สูกรชาดก,17,21,5,3. Sūkarajātakavaṇṇanā,48,62,15
57,Ja-a-ii,๔. อุรคชาดก,22,27,6,4. Uragajātakavaṇṇanā,63,80,18
57,Ja-a-ii,๕. ภัคคชาดก,28,33,6,5. Bhaggajātakavaṇṇanā,81,97,17
57,Ja-a-ii,๖. อลีนจิตตชาดก,34,43,10,6. Alīnacittajātakavaṇṇanā,98,118,21
57,Ja-a-ii,๗. คุณชาดก,44,53,10,7. Guṇajātakavaṇṇanā,119,141,23
57,Ja-a-ii,๘. สุหนุชาดก,54,59,6,8. Suhanujātakavaṇṇanā,142,157,16
57,Ja-a-ii,๙. โมรชาดก,60,70,11,9. Morajātakavaṇṇanā,158,186,29
57,Ja-a-ii,๑๐. วินีลกชาดก,71,75,5,10. Vinīlajātakavaṇṇanā,187,206,20
57,Ja-a-ii,๑. อินทสมานโคตตชาดก,76,80,5,1. Indasamānagottajātakavaṇṇanā,207,221,15
57,Ja-a-ii,๒. สันถวชาดก,81,84,4,2. Santhavajātakavaṇṇanā,222,237,16
57,Ja-a-ii,๓. สุสีมชาดก,85,93,9,3. Susīmajātakavaṇṇanā,238,257,20
57,Ja-a-ii,๔. คิชฌชาดก,94,98,5,4. Gijjhajātakavaṇṇanā,258,274,17
57,Ja-a-ii,๕. นกุลชาดก,99,102,4,5. Nakulajātakavaṇṇanā,275,290,16
57,Ja-a-ii,๖. อุปสาฬหกชาดก,103,107,5,6. Upasāḷakajātakavaṇṇanā,291,305,15
57,Ja-a-ii,๗. สมิทธิชาดก,108,112,5,7. Samiddhijātakavaṇṇanā,306,323,18
57,Ja-a-ii,๘. สกุณัคฆิชาดก,113,116,4,8. Sakuṇagghijātakavaṇṇanā,324,339,16
57,Ja-a-ii,๙. อรกชาดก,117,121,5,9. Arakajātakavaṇṇanā,340,354,15
57,Ja-a-ii,๑๐. กกัณฏกชาดก,122,,,10. Kakaṇṭakajātakavaṇṇanā,355,1780,1426
57,Ja-i,๑. ราโชวาทชาดก,1,9,9,151. Rājovādajātakaṃ,853,862,10
57,Ja-i,๒. สิคาลชาดก,10,16,7,"152. Asamekkhitakammantaṃ, turitābhinipātinaṃ.",863,869,7
57,Ja-i,๓. สูกรชาดก,17,21,5,153. Sūkarajātakaṃ,870,877,8
57,Ja-i,๔. อุรคชาดก,22,27,6,154. Uragajātaka,878,885,8
57,Ja-i,๕. ภัคคชาดก,28,33,6,155. Bhaggajātakaṃ,886,893,8
57,Ja-i,๖. อลีนจิตตชาดก,34,43,10,156. Alīnacittajātakaṃ,894,902,9
57,Ja-i,๗. คุณชาดก,44,53,10,157. Guṇajātakaṃ,903,911,9
57,Ja-i,๘. สุหนุชาดก,54,59,6,158. Suhanujātakaṃ,912,919,8
57,Ja-i,๙. โมรชาดก,60,70,11,159. Morajātakaṃ,920,933,14
57,Ja-i,๑๐. วินีลกชาดก,71,75,5,160. Vinīlajātakaṃ,934,946,13
57,Ja-i,๑. อินทสมานโคตตชาดก,76,80,5,161. Indasamānagottajātakaṃ,947,954,8
57,Ja-i,๒. สันถวชาดก,81,84,4,162. Santhavajātakaṃ,955,962,8
57,Ja-i,๓. สุสีมชาดก,85,93,9,163. Susīmajātakaṃ,963,970,8
57,Ja-i,๔. คิชฌชาดก,94,98,5,164. Gijjhajātakaṃ,971,978,8
57,Ja-i,๕. นกุลชาดก,99,102,4,165. Nakulajātakaṃ,979,986,8
57,Ja-i,๖. อุปสาฬหกชาดก,103,107,5,166. Upasāḷakajātakaṃ,987,994,8
57,Ja-i,๗. สมิทธิชาดก,108,112,5,167. Samiddhijātakaṃ,995,1002,8
57,Ja-i,๘. สกุณัคฆิชาดก,113,116,4,168. Sakuṇagghijātakaṃ,1003,1010,8
57,Ja-i,๙. อรกชาดก,117,121,5,169. Arakajātakaṃ,1011,1018,8
57,Ja-i,๑๐. กกัณฏกชาดก,122,123,2,170. Kakaṇṭakajātakaṃ,1019,1031,13
57,Ja-i,๑. กัลยาณธรรมชาดก,124,129,6,171. Kalyāṇadhammajātakaṃ,1032,1039,8
57,Ja-i,๒. ทัททรชาดก,130,134,5,172. Daddarajātakaṃ,1040,1047,8
57,Ja-i,๓. มักกฏชาดก,135,138,4,173. Makkaṭajātakaṃ,1048,1055,8
57,Ja-i,๔. ทุพภิยมักกฏชาดก,139,142,4,174. Dubbhiyamakkaṭajātakaṃ,1056,1063,8
57,Ja-i,๕. อาทิจจุปัฏฐานชาดก,143,145,3,175. Ādiccupaṭṭhānajātakaṃ,1064,1071,8
57,Ja-i,๖. กฬายมุฏฐิชาดก,146,150,5,176. Kaḷāyamuṭṭhijātakaṃ,1072,1079,8
57,Ja-i,๗. ตินทุกชาดก,151,155,5,177. Tindukajātakaṃ,1080,1087,8
57,Ja-i,๘. กัจฉปชาดก,156,160,5,178. Kacchapajātakaṃ,1088,1097,10
57,Ja-i,๙. สตธรรมชาดก,161,166,6,179. Satadhammajātakaṃ,1098,1105,8
57,Ja-i,๑๐. ทุทททชาดก,167,170,4,180. Duddadajātakaṃ,1106,1118,13
57,Ja-i,๑. อสทิสชาดก,171,179,9,181. Asadisajātakaṃ,1119,1126,8
57,Ja-i,๒. สังคามาวจรชาดก,180,186,7,182. Saṅgāmāvacarajātakaṃ,1127,1134,8
57,Ja-i,๓. วาโลทกชาดก,187,191,5,183. Vālodakajātakaṃ,1135,1142,8
57,Ja-i,๔. คิริทัตตชาดก,192,195,4,184. Giridattajātakaṃ,1143,1151,9
57,Ja-i,๕. อนภิรติชาดก,196,199,4,185. Anabhiratijātakaṃ,1152,1161,10
57,Ja-i,๖. ทธิวาหนชาดก,200,208,9,186. Dadhivāhanajātakaṃ,1162,1170,9
57,Ja-i,๗. จตุมัฏฐชาดก,209,212,4,187. Catumaṭṭhajātakaṃ,1171,1178,8
57,Ja-i,๘. สีหโกฏฐุกชาดก,213,215,3,188. Sīhakotthujātakaṃ,1179,1186,8
57,Ja-i,๙. สีหจัมมชาดก,216,218,3,189. Sīhacammajātakaṃ,1187,1194,8
57,Ja-i,๑๐. สีลานิสังสชาดก,219,223,5,190. Sīlānisaṃsajātakaṃ,1195,1207,13
57,Ja-i,๑. รุหกชาดก,224,227,4,191. Ruhakajātakaṃ,1208,1215,8
57,Ja-i,๒. สิริกาฬกัณณิชาดก,228,228,1,192. Sirikāḷakaṇṇijātakaṃ,1216,1223,8
57,Ja-i,๓. จุลลปทุมชาดก,229,238,10,193. Cūḷapadumajātakaṃ,1224,1231,8
57,Ja-i,๔. มณิโจรชาดก,239,245,7,194. Maṇicorajātakaṃ,1232,1239,8
57,Ja-i,๕. ปัพพตูปัตถรชาดก,246,250,5,195. Pabbatūpattharajātakaṃ,1240,1247,8
57,Ja-i,๖. วลาหกกัสสชาดก,251,257,7,196. Valāhakassajātakaṃ,1248,1255,8
57,Ja-i,๗. มิตตามิตตชาดก,258,261,4,197. Mittāmittajātakaṃ,1256,1263,8
57,Ja-i,๘. ราธชาดก,262,265,4,198. Rādhajātakaṃ,1264,1271,8
57,Ja-i,๙. คหปติชาดก,266,270,5,199. Gahapatijātakaṃ,1272,1280,9
57,Ja-i,๑๐. สาธุศีลชาดก,271,274,4,200. Sādhusīlajātakaṃ,1281,1293,13
57,Ja-i,๑. พันธนาคารชาดก,275,280,6,201. Bandhanāgārajātakaṃ,1294,1301,8
57,Ja-i,๒. เกฬิสีลชาดก,281,285,5,202. Keḷisīlajātakaṃ,1302,1309,8
57,Ja-i,๓. ขันธปริตตชาดก,286,291,6,203. Khaṇḍajātakaṃ,1310,1326,17
57,Ja-i,๔. วีรกชาดก,292,295,4,204. Vīrakajātakaṃ,1327,1334,8
57,Ja-i,๕. คังเคยยชาดก,296,299,4,205. Gaṅgeyyajātakaṃ,1335,1343,9
57,Ja-i,๖. กุรุงคมิคชาดก,300,303,4,206. Kuruṅgamigajātakaṃ,1344,1351,8
57,Ja-i,๗. อัสสกชาดก,304,309,6,207. Assakajātakaṃ,1352,1359,8
57,Ja-i,๘. สุงสุมารชาดก,310,313,4,208. Susumārajātakaṃ,1360,1367,8
57,Ja-i,๙. กักกรชาดก,314,316,3,209. Kukkuṭajātakaṃ,1368,1375,8
57,Ja-i,๑๐. กันทคลกชาดก,317,320,4,210. Kandagalakajātakaṃ,1376,1388,13
57,Ja-i,๑. โสมทัตตชาดก,321,325,5,211. Somadattajātakaṃ,1389,1396,8
57,Ja-i,๒. อุจฉิฏฐภัตตชาดก,326,330,5,212. Ucchiṭṭhabhattajātakaṃ,1397,1404,8
57,Ja-i,๓. ภรุราชชาดก,331,337,7,213. Bharujātakaṃ,1405,1412,8
57,Ja-i,๔. ปุณณนทีชาดก,338,342,5,214. Puṇṇanadījātakaṃ,1413,1420,8
57,Ja-i,๕. กัจฉปชาดก,343,347,5,215. Kacchapajātakaṃ,1421,1428,8
57,Ja-i,๖. มัจฉชาดก,348,350,3,216. Macchajātakaṃ,1429,1436,8
57,Ja-i,๗. เสคคุชาดก,351,353,3,217. Seggujātakaṃ,1437,1444,8
57,Ja-i,๘. กูฏวาณิชชาดก,354,359,6,218. Kūṭavāṇijajātakaṃ,1445,1452,8
57,Ja-i,๙. ครหิตชาดก,360,364,5,219. Garahitajātakaṃ,1453,1461,9
57,Ja-i,๑๐. ธัมมัทธชชาดก,365,382,18,220. Dhammadhajajātakaṃ,1462,1475,14
57,Ja-i,๑. กาสาวชาดก,383,388,6,221. Kāsāvajātakaṃ,1476,1483,8
57,Ja-i,๒. จุลลนันทิยชาดก,389,394,6,222. Cūḷanandiyajātakaṃ,1484,1492,9
57,Ja-i,๓. ปุฏภัตตชาดก,395,400,6,223. Puṭabhattajātakaṃ,1493,1500,8
57,Ja-i,๔. กุมภีลชาดก,401,402,2,224. Kumbhilajātakaṃ,1501,1508,8
57,Ja-i,๕. ขันติวรรณนชาดก,403,405,3,225. Khantivaṇṇajātakaṃ,1509,1516,8
57,Ja-i,๖. โกสิยชาดก,406,409,4,226. Kosiyajātakaṃ,1517,1525,9
57,Ja-i,๗. คูถปาณกชาดก,410,414,5,227. Gūthapāṇajātakaṃ,1526,1534,9
57,Ja-i,๘. กามนีตชาดก,415,421,7,228. Kāmanītajātakaṃ,1535,1542,8
57,Ja-i,๙. ปลายิชาดก,422,426,5,229. Palāyitajātakaṃ,1543,1550,8
57,Ja-i,๑๐. ทุติยปลายิชาดก,427,430,4,230. Dutiyapalāyitajātakaṃ,1551,1563,13
57,Ja-i,๑. อุปาหนชาดก,431,435,5,231. Upāhanajātakaṃ,1564,1571,8
57,Ja-i,๒. วีณาถูณชาดก,436,439,4,232. Vīṇāguṇajātakaṃ,1572,1579,8
57,Ja-i,๓. วิกัณณกชาดก,440,443,4,233. Vikaṇṇajātakaṃ,1580,1587,8
57,Ja-i,๔. อสิตาภุชาดก,444,448,5,234. Asitābhūjātakaṃ,1588,1595,8
57,Ja-i,๕. วัจฉนขชาดก,449,453,5,235. Vacchanakhajātakaṃ,1596,1604,9
57,Ja-i,๖. พกชาดก,454,456,3,236. Bakajātakaṃ,1605,1612,8
57,Ja-i,๗. สาเกตชาดก,457,459,3,237. Sāketajātakaṃ,1613,1620,8
57,Ja-i,๘. เอกปทชาดก,460,463,4,238. Ekapadajātakaṃ,1621,1629,9
57,Ja-i,๙. หริตมาตชาดก,464,468,5,239. Haritamaṇḍūkajātakaṃ,1630,1637,8
57,Ja-i,๑๐. มหาปิงคลชาดก,469,473,5,240. Mahāpiṅgalajātakaṃ,1638,1653,16
57,Ja-i,๑. สัพพทาฐชาดก,474,479,6,241. Sabbadāṭhijātakaṃ,1654,1661,8
57,Ja-i,๒. สุนขชาดก,480,483,4,242. Sunakhajātakaṃ,1662,1669,8
57,Ja-i,๓. คุตติลชาดก,484,497,14,243. Guttilajātakaṃ,1670,1677,8
57,Ja-i,๔. วิคติจฉชาดก,498,501,4,244. Vigaticchajātakaṃ,1678,1685,8
57,Ja-i,๕. มูลปริยายชาดก,502,506,5,245. Mūlapariyāyajātakaṃ,1686,1693,8
57,Ja-i,๖. พาโลวาทชาดก,507,509,3,246. Bālovādajātakaṃ,1694,1701,8
57,Ja-i,๗. ปาทัญชลิชาดก,510,513,4,247. Pādañjalījātakaṃ,1702,1709,8
57,Ja-i,๘. กิงสุโกปมชาดก,514,517,4,248. Kiṃsukopamajātakaṃ,1710,1717,8
57,Ja-i,๙. สาลกชาดก,518,521,4,249. Sālakajātakaṃ,1718,1725,8
57,Ja-i,๑๐. กปิชาดก,522,,,250. Kapijātakaṃ,1726,1743,18
58,Ja-a-ii,๑. สังกัปปราคชาดก,1,11,11,Saṅkapparāgajātakavaṇṇanā,1781,1803,23
58,Ja-a-ii,๒. ติลมุฏฐิชาดก,12,21,10,Tilamuṭṭhijātakavaṇṇanā,1804,1834,31
58,Ja-a-ii,๓. มณิกัณฐชาดก,22,39,18,Maṇikaṇṭhajātakavaṇṇanā,1835,1881,47
58,Ja-a-ii,๕. สุกชาดก,40,45,6,Sukajātakavaṇṇanā,1882,1910,29
58,Ja-a-ii,๖. ชรูทปานชาดก,46,50,5,Jarūdapānajātakavaṇṇanā,1911,1928,18
58,Ja-a-ii,๗. คามณิจันทชาดก,51,71,21,Gāmaṇicandajātakavaṇṇanā,1929,1984,56
58,Ja-a-ii,๘. มันธาตุราชชาดก,72,79,8,Mandhātujātakavaṇṇanā,1985,2006,22
58,Ja-a-ii,๙. ติรีติวัจฉชาดก,80,87,8,Tirīṭavacchajātakavaṇṇanā,2007,2028,22
58,Ja-a-ii,๑๐. ทูตชาดก,88,93,6,Dūtajātakavaṇṇanā,2029,2051,23
58,Ja-a-ii,๑. ปทุมชาดก,94,98,5,Padumajātakavaṇṇanā,2052,2074,23
58,Ja-a-ii,๒. มุทุปาณิชาดก,99,107,9,Mudupāṇijātakavaṇṇanā,2075,2107,33
58,Ja-a-ii,๓. จุลลปโลภนชาดก,108,114,7,Cūḷapalobhanajātakavaṇṇanā,2108,2131,24
58,Ja-a-ii,๔. มหาปนาทชาดก,115,122,8,Mahāpanādajātakavaṇṇanā,2132,2153,22
58,Ja-a-ii,๕. ขุรัปปชาดก,123,127,5,Khurappajātakavaṇṇanā,2154,2173,20
58,Ja-a-ii,๖. วาตัคคสินธพชาดก,128,134,7,Vātaggasindhavajātakavaṇṇanā,2174,2196,23
58,Ja-a-ii,๗. สุวรรณกักกฏกชาดก,135,141,7,Kakkaṭakajātakavaṇṇanā,2197,2216,20
58,Ja-a-ii,๘. อารามทูสกชาดก,142,146,5,Ārāmadūsakajātakavaṇṇanā,2217,2237,21
58,Ja-a-ii,๙. สุชาตาชาดก,147,155,9,Sujātajātakavaṇṇanā,2238,2283,46
58,Ja-a-ii,๑๐. อุลูกชาดก,156,161,6,Ulūkajātakavaṇṇanā,2284,2310,27
58,Ja-a-ii,๑. อุทปานทูสกชาดก,162,166,5,Udapānadūsakajātakavaṇṇanā,2311,2331,21
58,Ja-a-ii,๒. พยัคฆชาดก,167,173,7,Byagghajātakavaṇṇanā,2332,2350,19
58,Ja-a-ii,๓. กัจฉปชาดก,174,178,5,Kacchapajātakavaṇṇanā,2351,2371,21
58,Ja-a-ii,๔. โลลชาดก,179,184,6,Lolajātakavaṇṇanā,2372,2394,23
58,Ja-a-ii,๕. รุจิรชาดก,185,187,3,Rucirajātakavaṇṇanā,2395,2410,16
58,Ja-a-ii,๖. กุรุธรรมชาดก,188,214,27,Kurudhammajātakavaṇṇanā,2411,2457,47
58,Ja-a-ii,๗. โรมชาดก,215,220,6,Romakajātakavaṇṇanā,2458,2478,21
58,Ja-a-ii,๘. มหิสชาดก,221,225,5,Mahiṃsarājajātakavaṇṇanā,2479,2496,18
58,Ja-a-ii,๙. สตปัตตชาดก,226,233,8,Satapattajātakavaṇṇanā,2497,2522,26
58,Ja-a-ii,๑๐. ปูฏทูสกชาดก,234,237,4,Puṭadūsakajātakavaṇṇanā,2523,2546,24
58,Ja-a-ii,๑. อัพภันตรชาดก,238,253,16,Abbhantarajātakavaṇṇanā,2547,2573,27
58,Ja-a-ii,๒. เสยยชาดก,254,260,7,Seyyajātakavaṇṇanā,2574,2594,21
58,Ja-a-ii,๓. วัฑฒกีสูกรชาดก,261,272,12,Vaḍḍhakīsūkarajātakavaṇṇanā,2595,2622,28
58,Ja-a-ii,๔. สิริชาดก,273,283,11,Sirijātakavaṇṇanā,2623,2659,37
58,Ja-a-ii,๕. มณิสูกรชาดก,284,291,8,Maṇisūkarajātakavaṇṇanā,2660,2686,27
58,Ja-a-ii,๖. สาลุกชาดก,292,296,5,Sālūkajātakavaṇṇanā,2687,2704,18
58,Ja-a-ii,๗. ลาภครหิกชาดก,297,303,7,Lābhagarahajātakavaṇṇanā,2705,2726,22
58,Ja-a-ii,๘. มัจฉทานชาดก,304,309,6,Macchuddānajātakavaṇṇanā,2727,2748,22
58,Ja-a-ii,๙. นานาฉันทชาดก,310,315,6,Nānāchandajātakavaṇṇanā,2749,2770,22
58,Ja-a-ii,๑๐. สีลวึมังสชาดก,316,320,5,Sīlavīmaṃsakajātakavaṇṇanā,2771,2791,21
58,Ja-a-ii,๑. ภัทรฆฏเภทกชาดก,321,325,5,Surāghaṭajātakavaṇṇanā,2792,2809,18
58,Ja-a-ii,๒. สุปัตตชาดก,326,332,7,Supattajātakavaṇṇanā,2810,2828,19
58,Ja-a-ii,๓. กายนิพพินทชาดก,333,336,4,Kāyanibbindajātakavaṇṇanā,2829,2847,19
58,Ja-a-ii,๔. ชัมพูขาทกชาดก,337,340,4,Jambukhādakajātakavaṇṇanā,2848,2868,21
58,Ja-a-ii,๕. อันตชาดก,341,343,3,Antajātakavaṇṇanā,2869,2888,20
58,Ja-a-ii,๖. สมุททชาดก,344,348,5,Samuddajātakavaṇṇanā,2889,2912,24
58,Ja-a-ii,๗. กามวิลาปชาดก,349,352,4,Kāmavilāpajātakavaṇṇanā,2913,2930,18
58,Ja-a-ii,๘. อุทุมพรชาดก,353,357,5,Udumbarajātakavaṇṇanā,2931,2951,21
58,Ja-a-ii,๙. โกมาริยปุตตชาดก,358,363,6,Komāraputtajātakavaṇṇanā,2952,2972,21
58,Ja-a-ii,๑๐. พกชาดก,364,,,Vakajātakavaṇṇanā,2973,,
58,Ja-i,๑. สังกัปปราคชาดก,1,11,11,Saṅkapparāgajātakaṃ,1744,1754,11
58,Ja-i,๒. ติลมุฏฐิชาดก,12,21,10,Tilamuṭṭhijātakaṃ,1755,1765,11
58,Ja-i,๓. มณิกัณฐชาดก,22,39,18,Maṇikaṇṭhajātakaṃ,1766,1787,22
58,Ja-i,๕. สุกชาดก,40,45,6,Sukajātakaṃ,1788,1798,11
58,Ja-i,๖. ชรูทปานชาดก,46,50,5,Jarūdapānajātakaṃ,1799,1810,12
58,Ja-i,๗. คามณิจันทชาดก,51,71,21,Gāmaṇicandajātakaṃ,1811,1821,11
58,Ja-i,๘. มันธาตุราชชาดก,72,79,8,Mandhātujātakaṃ,1822,1832,11
58,Ja-i,๙. ติรีติวัจฉชาดก,80,87,8,Tirīṭavacchajātakaṃ,1833,1843,11
58,Ja-i,๑๐. ทูตชาดก,88,93,6,Dūtajātakaṃ,1844,1859,16
58,Ja-i,๑. ปทุมชาดก,94,98,5,Padumajātakaṃ,1860,1871,12
58,Ja-i,๒. มุทุปาณิชาดก,99,107,9,Mudupāṇijātakaṃ,1872,1882,11
58,Ja-i,๓. จุลลปโลภนชาดก,108,114,7,Cūḷapalobhanajātakaṃ,1883,1893,11
58,Ja-i,๔. มหาปนาทชาดก,115,122,8,Mahāpanādajātakaṃ,1894,1904,11
58,Ja-i,๕. ขุรัปปชาดก,123,127,5,Khurappajātakaṃ,1905,1915,11
58,Ja-i,๖. วาตัคคสินธพชาดก,128,134,7,Vātaggasindhavajātakaṃ,1916,1926,11
58,Ja-i,๗. สุวรรณกักกฏกชาดก,135,141,7,Kakkaṭakajātakaṃ,1927,1937,11
58,Ja-i,๘. อารามทูสกชาดก,142,146,5,Ārāmadūsakajātakaṃ,1938,1948,11
58,Ja-i,๙. สุชาตาชาดก,147,155,9,Sujātajātakaṃ,1949,1959,11
58,Ja-i,๑๐. อุลูกชาดก,156,161,6,Ulūkajātakaṃ,1960,1975,16
58,Ja-i,๑. อุทปานทูสกชาดก,162,166,5,Udapānadūsakajātakaṃ,1976,1986,11
58,Ja-i,๒. พยัคฆชาดก,167,173,7,Byagghajātakaṃ,1987,1997,11
58,Ja-i,๓. กัจฉปชาดก,174,178,5,Kacchapajātakaṃ,1998,2008,11
58,Ja-i,๔. โลลชาดก,179,184,6,Lolajātakaṃ,2009,2019,11
58,Ja-i,๕. รุจิรชาดก,185,187,3,Rucirajātakaṃ,2020,2030,11
58,Ja-i,๖. กุรุธรรมชาดก,188,214,27,Kurudhammajātakaṃ,2031,2041,11
58,Ja-i,๗. โรมชาดก,215,220,6,Romakajātakaṃ,2042,2052,11
58,Ja-i,๘. มหิสชาดก,221,225,5,Mahiṃsarājajātakaṃ,2053,2063,11
58,Ja-i,๙. สตปัตตชาดก,226,233,8,Satapattajātakaṃ,2064,2075,12
58,Ja-i,๑๐. ปูฏทูสกชาดก,234,237,4,Puṭadūsakajātakaṃ,2076,2091,16
58,Ja-i,๑. อัพภันตรชาดก,238,253,16,Abbhantarajātakaṃ,2092,2102,11
58,Ja-i,๒. เสยยชาดก,254,260,7,Seyyajātakaṃ,2103,2113,11
58,Ja-i,๓. วัฑฒกีสูกรชาดก,261,272,12,Vaḍḍhakīsūkarajātakaṃ,2114,2124,11
58,Ja-i,๔. สิริชาดก,273,283,11,Sirijātakaṃ,2125,2135,11
58,Ja-i,๕. มณิสูกรชาดก,284,291,8,Maṇisūkarajātakaṃ,2136,2146,11
58,Ja-i,๖. สาลุกชาดก,292,296,5,Sālūkajātakaṃ,2147,2157,11
58,Ja-i,๗. ลาภครหิกชาดก,297,303,7,Lābhagarahajātakaṃ,2158,2168,11
58,Ja-i,๘. มัจฉทานชาดก,304,309,6,Macchuddānajātakaṃ,2169,2179,11
58,Ja-i,๙. นานาฉันทชาดก,310,315,6,Nānāchandajātakaṃ,2180,2191,12
58,Ja-i,๑๐. สีลวีมังสชาดก,316,320,5,Sīlavīmaṃsakajātakaṃ,2192,2207,16
58,Ja-i,๑. ภัทรฆฏเภทกชาดก,321,325,5,Surāghaṭajātakaṃ,2208,2218,11
58,Ja-i,๒. สุปัตตชาดก,326,332,7,Supattajātakaṃ,2219,2229,11
58,Ja-i,๓. กายนิพพินทชาดก,333,336,4,Kāyanibbindajātakaṃ,2230,2240,11
58,Ja-i,๔. ชัมพูขาทกชาดก,337,340,4,Jambukhādakajātakaṃ,2241,2251,11
58,Ja-i,๕. อันตชาดก,341,343,3,Antajātakaṃ,2252,2262,11
58,Ja-i,๖. สมุททชาดก,344,348,5,Samuddajātakaṃ,2263,2273,11
58,Ja-i,๗. กามวิลาปชาดก,349,352,4,Kāmavilāpajātakaṃ,2274,2284,11
58,Ja-i,๘. อุทุมพรชาดก,353,357,5,Udumbarajātakaṃ,2285,2295,11
58,Ja-i,๙. โกมาริยปุตตชาดก,358,363,6,Komāraputtajātakaṃ,2296,2306,11
58,Ja-i,๑๐. พกชาดก,364,,,Vakajātakaṃ,2307,5871,3565
6,Sp-iii,อรรถกถาโพธิกถา,7,16,10,Bodhikathā,5,28,24
6,Sp-iii,อรรถกถาอชปาลนิโครธกถา,17,21,5,Ajapālakathā,29,34,6
6,Sp-iii,อรรถกถามุจจลินทกลา,22,25,4,Mucalindakathā,35,38,4
6,Sp-iii,อรรถกถาราชายตนกถา,26,32,7,Rājāyatanakathā,39,43,5
6,Sp-iii,อรรถกถาพรหมยาจนกถา,33,56,24,Brahmayācanakathā,44,54,11
6,Sp-iii,อรรถกถาอุโภตาปสาทิกถา,57,76,20,Pañcavaggiyakathā,55,67,13
6,Sp-iii,อรรถกถาบรรพชาวินิจฉัย,77,85,9,Pabbajjākathā,68,91,24
6,Sp-iii,อรรถกถาภัททวัคคิยสหายกวัตถุ,86,106,21,Bhaddavaggiyakathā,92,94,3
6,Sp-iii,อรรถกถาอุรุเวลกัสสปทิวัตถุ,107,117,11,Uruvelapāṭihāriyakathā,95,102,8
6,Sp-iii,อรรถกถาพิมพิสารวัตถุ,118,129,12,Bimbisārasamāgamakathā,103,113,11
6,Sp-iii,อรรถกถาสารีปุตตโมคคัลลานบรรพชา,130,144,15,Sāriputtamoggallānapabbajjākathā,114,123,10
6,Sp-iii,อรรถกถาอุปัชณายวัตตกถา,145,158,14,Upajjhāyavattakathā,124,138,15
6,Sp-iii,อรรถกถาสัทธิวิหาริกวัตตกถา,159,163,5,Saddhivihārikavattakathā,139,141,3
6,Sp-iii,อรรถกถาสัมมาวัตตนาทิกถา,164,185,22,Nasammāvattanādikathā,142,152,11
6,Sp-iii,อันเตวาสิกวัตร,186,214,29,Ācariyavattakathā,153,175,23
6,Sp-iii,อรรถกถาว่าด้วยองค์แห่งอุปัชฌาย์,215,238,24,Upasampādetabbapañcakakathā,176,198,23
6,Sp-iii,อรรถกถาปัญจาพาธวัตถุกถา,239,245,7,Pañcābādhavatthukathā,199,204,6
6,Sp-iii,อรรถกถาราชภัฏวัตถุ,246,249,4,Rājabhaṭavatthukathā,205,207,3
6,Sp-iii,อรรถกถาโจรวัตถุ,250,253,4,Coravatthukathā,208,214,7
6,Sp-iii,อรรถกถาอิณายิกวัตถุกถา,254,261,8,Iṇāyikavatthukathā,215,219,5
6,Sp-iii,อรรถกถาทาสวัตถุกถา,262,284,23,Dāsavatthukathā,220,235,16
6,Sp-iii,อรรถกถาราหุลวัตถุกถา,285,301,17,Rāhulavatthukathā,236,264,29
6,Sp-iii,อรรถกถานาสนังคทัณฑกรรมวัตถุ,302,308,7,Sikkhāpadadaṇḍakammavatthukathā,265,277,13
6,Sp-iii,อรรถกถาปัณฑกวัตถุ,309,311,3,Paṇḍakavatthukathā,278,281,4
6,Sp-iii,อรรถกถาเถยยสังวาสกกถา,312,319,8,Theyyasaṃvāsakavatthukathā,282,306,25
6,Sp-iii,อรรถกถาติตถิยาปักกันตกถา,320,323,4,Titthiyapakkantakakathā,307,311,5
6,Sp-iii,อรรถกถาติรัจฉานคตวัตถุกถา,324,327,4,Tiracchānagatavatthukathā,312,316,5
6,Sp-iii,อรรถกถามาตุฆาตกาทิวัตถุ,328,332,5,Mātughātakādivatthukathā,317,323,7
6,Sp-iii,อรรถกถาอุภโตพยัญชนกวัตถุ,333,339,7,Ubhatobyañjanakavatthukathā,324,327,4
6,Sp-iii,อรรถกถาอนุปัชฌายกาทิวัตถุ,340,341,2,Anupajjhāyakādivatthukathā,328,335,8
6,Sp-iii,อรรถกถาหัตถัจฉินนาทิวัตถุกถา,342,371,30,Hatthacchinnādivatthukathā,336,366,31
6,Sp-iii,อรรถกานิสสยคหณกถา,372,385,14,Upasampadāvidhikathā,367,378,12
6,Sp-iii,อรรถกถาวินิจฉัยในอุโบสถขันธกะ,386,387,2,Uposathakkhandhakaṃ,379,388,10
6,Sp-iii,อรรถกถาสีมากถา,388,432,45,Sīmānujānanakathā,389,452,64
6,Sp-iii,อรรถกถาอุโบสถและอุโบสถกรรม,433,435,3,Uposathabhedādikathā,453,455,3
6,Sp-iii,อรรถกถาปาติโมกขุทเทส,436,444,9,Pātimokkhuddesakathā,456,464,9
6,Sp-iii,อรรถกถาอัชเฌสนา,445,471,27,Adhammakammapaṭikkosanādikathā,465,477,13
6,Sp-iii,อรรถกถาปาริสุทธิและฉันทะ,472,480,9,Pārisuddhidānakathā,478,499,22
6,Sp-iii,อรรถกถาวิธีเแสดงอาบัติ,481,505,25,Āpattipaṭikammavidhikathā,500,509,10
6,Sp-iii,อรรถกถาในวัคคาสมัคคสัญญิโนปัณณรสกาทิกถา,506,513,8,Sīmokkantikapeyyālakathā,510,521,12
6,Sp-iii,อรรถกถาวัสสูปนายิกขันธกะ,514,540,27,Vassūpanāyikakkhandhakaṃ,522,528,7
6,Sp-iii,อรรถกถาธุระเป็นไปด้วยสัตตาหกรณียะ,541,560,20,Sattāhakaraṇīyānujānanakathā,529,537,9
6,Sp-iii,อรรถกถาอันตรายเป็นเหตุหลีกไป,561,631,71,Antarāyeanāpattivassacchedakathā,538,554,17
6,Sp-iii,อรรถกถาปวารณาขันธกะ,632,,,Pavāraṇākkhandhakaṃ,555,592,38
6,Vin-iii,มหาขันธกะ,1,0,0,1. Mahākhandhako,4,4,1
6,Vin-iii,โพธิกถา,1,15,15,1. Bodhikathā,5,24,20
6,Vin-iii,อชปาลนิโครธกถา,16,19,4,2. Ajapālakathā,25,32,8
6,Vin-iii,มุจจลินทกถา,20,23,4,3. Mucalindakathā,33,39,7
6,Vin-iii,ราชายตนกถา,24,29,6,4. Rājāyatanakathā,40,42,3
6,Vin-iii,พรหมยาจนกถา,30,40,11,5. Brahmayācanakathā,43,113,71
6,Vin-iii,เรื่องพระปัญจวัคคีย์,41,49,9,6. Pañcavaggiyakathā,114,155,42
6,Vin-iii,พระปัญจวัคคีย์ทูลขอบรรพชาอุปสมบท,50,71,22,7. Pabbajjākathā,156,169,14
6,Vin-iii,เรื่องมาร,72,72,1,8. Mārakathā,170,183,14
6,Vin-iii,ทรงอนุญาตบรรพชาและอุปสมบทด้วยไตรสรณคมน์,73,83,11,9. Pabbajjūpasampadākathā,184,196,13
6,Vin-iii,เรื่องพระสทายภัททวัคคีย์,84,86,3,11. Bhaddavaggiyavatthu,197,200,4
6,Vin-iii,เรื่องชฏิล ๓ พี่น้อง,87,109,23,12. Uruvelapāṭihāriyakathā,201,264,64
6,Vin-iii,ทูลเทศนาโปรดพระเจ้าพิมพิสาร,110,121,12,13. Bimbisārasamāgamakathā,265,303,39
6,Vin-iii,พระสารีบุตรและพระโมคคัลลานะบรรพชา,122,135,14,14. Sāriputtamoggallānapabbajjākathā,304,349,46
6,Vin-iii,ต้นเหตุอุปัชฌายวัตร,136,153,18,15. Upajjhāyavattakathā,350,370,21
6,Vin-iii,สัทธิวิหาริกวัตร,154,159,6,16. Saddhivihārikavattakathā,371,386,16
6,Vin-iii,การประณามและการให้ขมา,160,179,20,17. Paṇāmitakathā,387,412,26
6,Vin-iii,อาจริยวัตร,180,185,6,18. Ācariyavattakathā,413,435,23
6,Vin-iii,อันเตวาสิกวัตร,186,190,5,19. Antevāsikavattakathā,436,453,18
6,Vin-iii,ว่าด้วยการประณาม,191,196,6,20. Paṇāmanā khamāpanā,454,468,15
6,Vin-iii,นิสัยระงับจากอุปัชฌาย์และอาจารย์,197,224,28,22. Nissayapaṭippassaddhikathā,469,507,39
6,Vin-iii,ติตถิยาปริวาสกถา,225,238,14,25. Aññatitthiyapubbakathā,508,526,19
6,Vin-iii,อันตรายิกธรรมกถา,239,243,5,26. Pañcābādhavatthu,527,530,4
6,Vin-iii,เรื่องราชภัฏบวช,244,253,10,27. Rājabhaṭavatthu,531,548,18
6,Vin-iii,ห้ามบวชคนมีหนี้,254,257,4,33. Iṇāyikavatthu,549,551,3
6,Vin-iii,ห้ามบวชทาส,258,279,22,34. Dāsavatthu,552,596,45
6,Vin-iii,พระราหุลกุมารทรงผนวชเป็นสามเณร,280,283,4,41. Rāhulavatthu,597,601,5
6,Vin-iii,สิกขาบทของสามเณร,284,298,15,42. Sikkhāpadakathā,602,604,3
6,Vin-iii,เรื่องลงทัณฑกรรมแก่สามเณร,299,307,9,43. Daṇḍakammavatthu,605,618,14
6,Vin-iii,เรื่องห้ามบัณเฑาะก์มิให้อุปสมบท,308,321,14,47. Paṇḍakavatthu,619,622,4
6,Vin-iii,เรื่องนาคแปลงกายเป็นมนุษย์มาบวช,322,325,4,49. Tiracchānagatavatthu,623,624,2
6,Vin-iii,เรื่องห้ามคนฆ่ามารดามิให้อุปสมบท,326,325,0,50. Mātughātakavatthu,625,626,2
6,Vin-iii,เรื่องห้ามคนฆ่าบิดามิให้อุปสมบท,326,326,1,51. Pitughātakavatthu,627,628,2
6,Vin-iii,เรื่องห้ามคนฆ่าพระอรหันต์ให้อุปสมบท,327,329,3,52. Arahantaghātakavatthu,629,630,2
6,Vin-iii,เรื่องห้ามอุปสมบทคนประทุษร้ายภิกษุณีเป็นต้น,330,332,3,53. Bhikkhunīdūsakavatthu,631,632,2
6,Vin-iii,เรื่องห้ามอุปสมบทอุภโตพยัญชนก,333,334,2,54. Ubhatobyañjanakavatthu,633,634,2
6,Vin-iii,เรื่องห้ามอุปสมบทคนไม่มีอุปัชฌาย์เป็นต้น,335,360,26,55. Anupajjhāyakādivatthūni,635,686,52
6,Vin-iii,พระพุทธานุญาตนิสสัย ๔,361,361,1,64. Cattāro nissayā,687,693,7
6,Vin-iii,อกรณียกิจ ๔,362,376,15,65. Cattāri akaraṇīyāni,694,764,71
6,Vin-iii,อุโบสถขันธกะ,377,377,1,2. Uposathakkhandhako,765,765,1
6,Vin-iii,พระพุทธานุญาตวันประชุม,378,378,1,68. Sannipātānujānanā,766,768,3
6,Vin-iii,พระพุทธานุญาตปาติโมกขุทเทส,379,383,5,69. Pātimokkhuddesānujānanā,769,776,8
6,Vin-iii,เรื่องพระมหากัปปินเถระดำริจะไม่ทำอุโบสถ,384,394,11,70. Mahākappinavatthu,777,778,2
6,Vin-iii,วิธีสมมติสีมา,395,396,2,71. Sīmānujānanā,779,784,6
6,Vin-iii,เรื่องสมมติโรงอุโบสถ,397,433,37,72. Uposathāgārakathā,785,824,40
6,Vin-iii,ปาติโมกขุทเทส ๕,434,437,4,79. Vinayapucchanakathā,825,848,24
6,Vin-iii,จะแสดงธรรมต้องได้รับอาราธนาก่อน,438,449,12,83. Pātimokkhuddesakaajjhesanādi,849,853,5
6,Vin-iii,พระพุทธานุญาตให้เรียนปักคณนา,450,451,2,84. Pakkhagaṇanādiuggahaṇānujānanā,854,862,9
6,Vin-iii,บุพกรณ์และบุพกิจในโรงอุโบสถ,452,459,8,85. Pubbakaraṇānujānanā,863,881,19
6,Vin-iii,พระพุทธานุญาตให้นำปาริสุทธิของพระอาพาธมา,460,461,2,87. Pārisuddhidānakathā,882,888,7
6,Vin-iii,พระพุทธานุญาตให้นำฉันทะของภิกษุอาพาธมา,462,465,4,88. Chandadānakathā,889,899,11
6,Vin-iii,ภิกษุวิกลจริต,466,467,2,90. Ummattakasammuti,900,905,6
6,Vin-iii,อาการทำอุโบสถ ๓ อย่าง,468,475,8,91. Saṅghuposathādippabhedaṃ,906,915,10
6,Vin-iii,แสดงอาบัติก่อนทำอุโบสถ,476,510,35,92. Āpattipaṭikammavidhi,916,1059,144
6,Vin-iii,วัสสูปนายิกขันธกะ,511,511,1,3. Vassūpanāyikakkhandhako,1060,1060,1
6,Vin-iii,การจำพรรษา ๒ อย่าง,512,516,5,107. Vassūpanāyikānujānanā,1061,1072,12
6,Vin-iii,เรื่องทรงอนุญาตสัตตหกรณียะ,517,543,27,109. Sattāhakaraṇīyānujānanā,1073,1129,57
6,Vin-iii,อันตรายของภิกษุผู้จำพรรษา,544,567,24,113. Antarāye anāpattivassacchedavāro,1130,1225,96
6,Vin-iii,ปวารณาขันธกะ,568,571,4,4. Pavāraṇākkhandhako,1226,1241,16
6,Vin-iii,พระพุทธานุญาตปวารณา,572,586,15,122. Pavāraṇādānānujānanā,1242,1270,29
6,Vin-iii,แสดงอาบัติก่อนปวารณา,587,627,41,125. Āpattipaṭikammavidhi,1271,1402,132
6,Vin-iii,พระพุทธานุญาตให้เลื่อนปวารณา,628,,,141. Pavāraṇāṭhapanaṃ,1403,1458,56
60,Ja-a-v,อรรถกถาสรภชาดก,331,,,Sarabhaṅgajātakavaṇṇanā,211,,
60,Ja-i,๑. มาตุโปสกชาดก,1,10,10,Mātuposakajātakaṃ,5872,5909,38
60,Ja-i,๒. ชุณหชาดก,11,22,12,Juṇhajātakaṃ,5910,5950,41
60,Ja-i,๓. ธรรมเทวปุตตชาดก,23,30,8,Dhammadevaputtajātakaṃ,5951,5987,37
60,Ja-i,๔. อุทยชาดก,31,50,20,Udayajātakaṃ,5988,6057,70
60,Ja-i,๕. ปานียชาดก,51,61,11,Pānīyajātakaṃ,6058,6104,47
60,Ja-i,๖. ยุธัญชัยชาดก,62,71,10,Yudhañcayajātakaṃ,6105,6139,35
60,Ja-i,๗. ทสรถชาดก,72,84,13,Dasarathajātakaṃ,6140,6181,42
60,Ja-i,๘. สังวรชาดก,85,94,10,Saṃvarajātakaṃ,6182,6216,35
60,Ja-i,๙. สุปปารกชาดก,95,105,11,Suppārakajātakaṃ,6217,6264,48
60,Ja-i,๑. จุลลกุณาลชาดก,106,108,3,Cūḷakuṇālajātakaṃ,6265,6302,38
60,Ja-i,๒. ภัททสาลชาดก,109,129,21,Bhaddasālajātakaṃ,6303,6341,39
60,Ja-i,๓. สมุททวาณิชชาดก,130,143,14,Samuddavāṇijajātakaṃ,6342,6380,39
60,Ja-i,๔. กามชาดก,144,158,15,Kāmajātakaṃ,6381,6420,40
60,Ja-i,๕. ชนสันธชาดก,159,167,9,Janasandhajātakaṃ,6421,6458,38
60,Ja-i,๖. มหากัณหชาดก,168,178,11,Mahākaṇhajātakaṃ,6459,6496,38
60,Ja-i,๗. โกสิยชาดก,179,182,4,Kosiyajātakaṃ,6497,6561,65
60,Ja-i,๘. เมณฑกปัญหาชาดก,183,185,3,Meṇḍakapañhajātakaṃ,6562,6599,38
60,Ja-i,๙. มหาปทุมชาดก,186,202,17,Mahāpadumajātakaṃ,6600,6647,48
60,Ja-i,๑๐. มิตตมิตตชาดก,203,209,7,Mittāmittajātakaṃ,6648,6692,45
60,Ja-i,๑. อัมพชาดก,210,222,13,Ambajātakaṃ,6693,6734,42
60,Ja-i,๒. ผันทนชาดก,223,230,8,Phandanajātakaṃ,6735,6775,41
60,Ja-i,๓. ชวนหังสชาดก,231,244,14,Javanahaṃsajātakaṃ,6776,6818,43
60,Ja-i,๔. จุลลนารทกัสสปชาดก,245,254,10,Cūḷanāradajātakaṃ,6819,6864,46
60,Ja-i,๕. ทูตชาดก,255,263,9,Dūtajātakaṃ,6865,6906,42
60,Ja-i,๖. กาลิงคโพธิชาดก,264,279,16,Kāliṅgabodhijātakaṃ,6907,6958,52
60,Ja-i,๗. อกิตติชาดก,280,292,13,Akittijātakaṃ,6959,7030,72
60,Ja-i,๘. ตักการิยชาดก,293,312,20,Takkāriyajātakaṃ,7031,7072,42
60,Ja-i,๙. รุรุมิคชาดก,313,326,14,Rurumigarājajātakaṃ,7073,7127,55
60,Ja-i,๑๐. สรภชาดก,327,348,22,Sarabhamigajātakaṃ,7128,7188,61
60,Ja-i,๑. สาลิเกทารชาดก,349,359,11,Sālikedārajātakaṃ,7189,7242,54
60,Ja-i,๒. จันทกินนรชาดก,360,372,13,Candakinnarījātakaṃ,7243,7322,80
60,Ja-i,๓. มหาอุกกุสชาดก,373,388,16,Mahāukkusajātakaṃ,7323,7378,56
60,Ja-i,๔. อุททาลกชาดก,389,401,13,Uddālakajātakaṃ,7379,7430,52
60,Ja-i,๕. ภิสชาดก,402,420,19,Bhisajātakaṃ,7431,7504,74
60,Ja-i,๖. สุรุจิชาดก,421,439,19,Surucijātakaṃ,7505,7583,79
60,Ja-i,๗. ปัญจุโปสถิกชาดก,440,452,13,Pañcuposathikajātakaṃ,7584,7633,50
60,Ja-i,๘. มหาโมรชาดก,453,468,16,Mahāmorajātakaṃ,7634,7687,54
60,Ja-i,๙. ตัจฉสูกรชาดก,469,483,15,Tacchasūkarajātakaṃ,7688,7749,62
60,Ja-i,๑๐. มหาวาณิชชาดก,484,493,10,Mahāvāṇijajātakaṃ,7750,7820,71
60,Ja-i,๑๑. สาธินราชชาดก,494,507,14,Sādhinajātakaṃ,7821,7888,68
60,Ja-i,๑๒. ทสพราหมณชาดก,508,529,22,Dasabrāhmaṇajātakaṃ,7889,8056,168
60,Ja-i,๑๓. ภิกษุปรัมปรชาดก,530,,,Bhikkhāparamparajātakaṃ,8057,10384,2328
62,Ja-a-iv,๑. จุลลหังสชาดก,324,513,190,Cūḷahaṃsajātakavaṇṇanā,4333,,
62,Ja-a-iv,๔. กุณาลชาดก,514,,,Cūḷakuṇālajātakavaṇṇanā,1398,4332,2935
62,Ja-ii,๑. นฬินิกาบาตชาดก,1,34,34,526. Niḷinikājātakaṃ (1),766,936,171
62,Ja-ii,ว่าด้วยเสนาบดีถวายนางอุมมาทันตีแด่พระราชา,35,76,42,527. Ummādantījātakaṃ (2),937,1135,199
62,Ja-ii,ว่าด้วยปฏิปทาของผู้นำ,77,118,42,528. Mahābodhijātakaṃ (3),1136,1333,198
62,Ja-ii,ว่าด้วยพระราชาจะพระราชทานรางวัลแก่ผู้พบโสณกกุมาร,119,155,37,529. Soṇakajātakaṃ (1),1334,1545,212
62,Ja-ii,ว่าด้วยสังกิจจฤาษีแสดงธรรมและอธรรมแก่พระเจ้าพรหมทัต,156,194,39,530. Saṃkiccajātakaṃ (2),1546,1754,209
62,Ja-ii,๑. กุสชาดก,195,271,77,531. Kusajātakaṃ (1),1755,2033,279
62,Ja-ii,ว่าด้วยพระราชาไปขอขมาโทษโสณดาบส,272,323,52,532. Soṇanandajātakaṃ (2),2034,2326,293
62,Ja-ii,๑. จุลลหังสชาดก,324,373,50,533. Cūḷahaṃsajātakaṃ (1),2327,2593,267
62,Ja-ii,ว่าด้วยหงส์ชื่อสุมุขะ ไม่ละทิ้งพญาหงส์ติดบ่วง,374,442,69,534. Mahāhaṃsajātakaṃ (2),2594,2912,319
62,Ja-ii,๓. สุธาโภชนชาดก,443,513,71,535. Sudhābhojanajātakaṃ (3),2913,3214,302
62,Ja-ii,๔. กุณาลชาดก,514,616,103,536. Kuṇālajātakaṃ (4),3215,3510,296
62,Ja-ii,ว่าด้วยพระเจ้าสุตโสมทรงทรมานพระยาโปริสาท,617,,,537. Mahāsutasomajātakaṃ (5),3511,6356,2846
63,Ja-a-vi,อรรถกถามหานิบาต เตมิยชาดก,18,92,75,1. Mūgapakkhajātakavaṇṇanā,7,497,491
63,Ja-a-vi,อรรถกถามหานิบาต มหาชนกชาดก,93,167,75,2. Mahājanakajātakavaṇṇanā,498,1170,673
63,Ja-a-vi,อรรถกถามหานิบาต สุวรรณสามชาดก,168,238,71,3. Suvaṇṇasāmajātakavaṇṇanā,1171,1659,489
63,Ja-a-vi,อรรถกถามหานิบาต เนมิราชชาดก,239,327,89,4. Nimijātakavaṇṇanā,1660,2322,663
63,Ja-a-vi,อรรถกถามหานิบาต มโหสถชาดก,328,,,5. Umaṅgajātakavaṇṇanā,2323,,
63,Ja-i,๑. เตมิยชาดก,1,74,74,Temiyajātakaṃ,10385,10514,130
63,Ja-i,๒. มหาชนกชาดก,75,154,80,Mahājanakajātakaṃ,10515,10644,130
63,Ja-i,๓. สุวรรณสามชาดก,155,212,58,Suvaṇṇasāmajātakaṃ,10645,10774,130
63,Ja-i,๔. เนมิราชชาดก,213,302,90,Nemirājajātakaṃ,10775,10904,130
63,Ja-i,๕. มโหสถชาดก,303,,,Mahosadhajātakaṃ,10905,,
64,Ja-a-vii,๖. ภูริทัตชาดก,1,122,122,Bhūridattajātakavaṇṇanā,7,845,839
64,Ja-a-vii,๗. จันทกุมาร,123,204,82,Candakumārajātakavaṇṇanā,846,1480,635
64,Ja-a-vii,๘. มหานารทกัสสปชาดก,205,295,91,Mahānāradakassapajātakavaṇṇanā,1481,2209,729
64,Ja-a-vii,๙. วิธุรชาดก,296,483,188,Vidhurajātakavaṇṇanā,2210,3514,1305
64,Ja-a-vii,๑๐. เวสสันตรชาดก,484,,,Vessantarajātakavaṇṇanā,3515,,
64,Ja-ii,๖. ภูริทัตชาดก,1,122,122,543. Bhūridattajātakaṃ (6),6357,6958,602
64,Ja-ii,๗. จันทกุมาร,123,204,82,544. Candakumārajātakaṃ (7),6959,7481,523
64,Ja-ii,๘. มหานารทกัสสปชาดก,205,295,91,545. Mahānāradakassapajātakaṃ (8),7482,8074,593
64,Ja-ii,๙. วิธุรชาดก,296,483,188,546. Vidhurajātakaṃ (9),8075,9033,959
64,Ja-ii,๑๐. เวสสันตรชาดก,484,598,115,547. Vessantarajātakaṃ (10),9034,9034,1
64,Ja-ii,ทศพรคาถา,599,607,9,Dasavarakathā,9035,9075,41
64,Ja-ii,หิมวันตวรรณนา,608,631,24,Hemavantaṃ,9076,9314,239
64,Ja-ii,ทานกัณฑ์,632,658,27,Dānakaṇḍaṃ,9315,9714,400
64,Ja-ii,วนปเวสนกัณฑ์,659,672,14,Vanapavesanaṃ,9715,9858,144
64,Ja-ii,ชูชกบรรพ,673,684,12,Jūjakapabbaṃ,9859,10062,204
64,Ja-ii,จุลวนวรรณนา,685,693,9,Cūḷavanavaṇṇanā,10063,10164,102
64,Ja-ii,มหาวนวรรณนา,694,709,16,Mahāvanavaṇṇanā,10165,10411,247
64,Ja-ii,กุมารบรรพ,710,736,27,Dārakapabbaṃ,10412,10706,295
64,Ja-ii,มัทรีบรรพ,737,760,24,Maddīpabbaṃ,10707,10972,266
64,Ja-ii,สักกบรรพ,761,772,12,Sakkapabbaṃ,10973,11086,114
64,Ja-ii,มหาราชบรรพ,773,790,18,Mahārājapabbaṃ,11087,11289,203
64,Ja-ii,ฉขัตติยบรรพ,791,,,Chakhattiyakammaṃ,11290,,
65,Nidd-a-i,อรรถกถาอัฏฐกวรรค กามสุตตนิทเทส,48,443,396,1. Kāmasuttaniddesavaṇṇanā,63,704,642
65,Nidd-a-i,อรรถกถาทุฏฐัฎฐกสุตตนิทเทส,444,518,75,3. Duṭṭhaṭṭhakasuttaniddesavaṇṇanā,705,771,67
65,Nidd-a-i,อรรถกถาสุทธัฏฐกสุตตนิทเทส,519,764,246,4. Suddhaṭṭhakasuttaniddesavaṇṇanā,772,1070,299
65,Nidd-a-i,อรรถกถาปสูรสุตตนิทเทส,765,,,8. Pasūrasuttaniddesavaṇṇanā,1071,1183,113
65,Nidd-i,๑. กามสุตตนิทเทสที่ ๑,1,186,186,1. Kāmasuttaniddeso,5,120,116
65,Nidd-i,๒. คุหัฏฐกสุตตนิทเทส,187,443,257,2. Guhaṭṭhakasuttaniddeso,121,298,178
65,Nidd-i,๓. ทุฏฐัฏฐกสุตตนิทเทส,444,518,75,3. Duṭṭhaṭṭhakasuttaniddeso,299,394,96
65,Nidd-i,๔. สุทธัฏฐกสุตตนิทเทส,519,764,246,4. Suddhaṭṭhakasuttaniddeso,395,849,455
65,Nidd-i,๘. ปสูรสุตตนิทเทส,765,,,8. Pasūrasuttaniddeso,850,1150,301
66,Nidd-a-i,อรรถกถาปุราเภทสุตตนิทเทสที่ ๑๐,63,164,102,10. Purābhedasuttaniddesavaṇṇanā,1184,1328,145
66,Nidd-a-i,อรรถกถากลหวิวาทสุตตนิทเทสที่ ๑๑,165,207,43,11. Kalahavivādasuttaniddesavaṇṇanā,1329,1367,39
66,Nidd-a-i,อรรถกถาจูฬวิยูหสุตตนิทเทสที่ ๑๒,208,364,157,12. Cūḷabyūhasuttaniddesavaṇṇanā,1368,1437,70
66,Nidd-a-i,อรรถกถาตุวฏกสุตตนิทเทสที่ ๑๓,365,505,141,14. Tuvaṭakasuttaniddesavaṇṇanā,1438,1607,170
66,Nidd-a-i,อรรถกถาอัตตทัณฑสุตตนิทเทสที่ ๑๕,506,,,15. Attadaṇḍasuttaniddesavaṇṇanā,1608,,
66,Nidd-i,ปุราเภทสุตตนิทเทสที่ ๑๐,1,180,180,10. Purābhedasuttaniddeso,1151,1531,381
66,Nidd-i,จูฬวิยูหสุตตนิเทสที่ ๑๒,181,442,262,12. Cūḷaviyūhasuttaniddeso,1532,2228,697
66,Nidd-i,อัตตทัณฑสุตตนิทเทสที่ ๑๕,443,,,15. Attadaṇḍasuttaniddeso,2229,,
67,Nidd-a-ii,อรรถกถาอชิตมาณวกปัญหานิทเทสที่ ๑,38,60,23,1. Ajitamāṇavasuttaniddesavaṇṇanā,5,46,42
67,Nidd-a-ii,อรรถกถาติสสเมตเตยยมาณวกปัญหานิทเทสที่ ๒,61,90,30,2. Tissametteyyamāṇavasuttaniddesavaṇṇanā,47,57,11
67,Nidd-a-ii,อรรถกถาปุณณกมาณวกปัญหานิทเทสที่ ๓,91,145,55,3. Puṇṇakamāṇavasuttaniddesavaṇṇanā,58,88,31
67,Nidd-a-ii,อรรถกถาเมตตคูมาณวกปัญหานิทเทสที่ ๔,146,182,37,4. Mettagūmāṇavasuttaniddesavaṇṇanā,89,132,44
67,Nidd-a-ii,อรรถกถาโธตกมาณวกปัญหานิทเทสที่ ๕,183,204,22,5. Dhotakamāṇavasuttaniddesavaṇṇanā,133,146,14
67,Nidd-a-ii,อรรถกถาอุปสีวมาณวกปัญหานิทเทสที่ ๖,205,231,27,6. Upasīvamāṇavasuttaniddesavaṇṇanā,147,164,18
67,Nidd-a-ii,อรรถกถานันทมาณวกปัญหานิทเทสที่ ๗,232,243,12,7. Nandamāṇavasuttaniddesavaṇṇanā,165,175,11
67,Nidd-a-ii,อรรถกถาเหมกมาณวกปัญหานิทเทสที่ ๘,244,253,10,8. Hemakamāṇavasuttaniddesavaṇṇanā,176,183,8
67,Nidd-a-ii,อรรถกถาโตเทยยมาณวกปัญหานิทเทสที่ ๙,254,265,12,9. Todeyyamāṇavasuttaniddesavaṇṇanā,184,192,9
67,Nidd-a-ii,อรรถกถากัปปมาณวกปัญหานิทเทสที่ ๑๐,266,282,17,10. Kappamāṇavasuttaniddesavaṇṇanā,193,203,11
67,Nidd-a-ii,อรรถกถาชตุกัณณีมาณวกปัญหานิทเทสที่ ๑๑,283,305,23,11. Jatukaṇṇimāṇavasuttaniddesavaṇṇanā,204,273,70
67,Nidd-a-ii,อรรถกถาภัทราวุธมาณวกปัญหานิทเทสที่ ๑๒,306,323,18,12. Bhadrāvudhamāṇavasuttaniddesavaṇṇanā,274,283,10
67,Nidd-a-ii,อรรถกถาอุทยมาณวกปัญหานิทเทสที่ ๑๓,324,345,22,13. Udayamāṇavasuttaniddesavaṇṇanā,284,301,18
67,Nidd-a-ii,อรรถกถาโปสาลมาณวกปัญหานิทเทสที่ ๑๔,346,399,54,14. Posālamāṇavasuttaniddesavaṇṇanā,302,375,74
67,Nidd-a-ii,อรรถกถาโมฆราชมาณวกปัญหานิทเทสที่ ๑๕,400,426,27,15. Mogharājamāṇavasuttaniddesavaṇṇanā,376,423,48
67,Nidd-a-ii,อรรถกถาปิงคิยมาณวกปัญหานิทเทสที่ ๑๖,427,629,203,16. Piṅgiyamāṇavasuttaniddesavaṇṇanā,424,497,74
67,Nidd-a-ii,อรรถกถาขัคควิสาณสุตตนิทเทส,630,703,74,Khaggavisāṇasuttaniddesavaṇṇanā,498,653,156
67,Nidd-a-ii,อรรถกถาตติยวรรค,704,738,35,3. Tatiyavaggavaṇṇanā,654,720,67
67,Nidd-a-ii,นิคมคาถา,739,,,Nigamanakathā,721,,
67,Nidd-ii,ปารายนวรรค,1,0,0,Pārāyanavaggo,4,4,1
67,Nidd-ii,วัตถุคาถา,1,8,8,Vatthugāthā,5,649,645
67,Nidd-ii,อชิตมาณวกปัญหานิทเทส,9,51,43,1. Ajitamāṇavapucchāniddeso,650,758,109
67,Nidd-ii,ติสสเมตเตยยมาณวกปัญหานิทเทส,52,63,12,2. Tissametteyyamāṇavapucchāniddeso,759,803,45
67,Nidd-ii,ปุณณกมาณวกปัญหานิมเทส,64,102,39,3. Puṇṇakamāṇavapucchāniddeso,804,911,108
67,Nidd-ii,เมตตคูมาณวกปัญหานิทเทส,103,160,58,4. Mettagūmāṇavapucchāniddeso,912,1098,187
67,Nidd-ii,โธตกมาณวกปัญหานิทเทส,161,186,26,5. Dhotakamāṇavapucchāniddeso,1099,1198,100
67,Nidd-ii,อุปสีวมาณวกปัญหานิทเทส,187,210,24,6. Upasīvamāṇavapucchāniddeso,1199,1292,94
67,Nidd-ii,นันทมาณวกปัญหานิทเทส,211,234,24,7. Nandamāṇavapucchāniddeso,1293,1410,118
67,Nidd-ii,เหมกมาณวกปัญหานิทเทส,235,245,11,8. Hemakamāṇavapucchāniddeso,1411,1455,45
67,Nidd-ii,โตเทยยมาณวกปัญหานิทเทส,246,255,10,9. Todeyyamāṇavapucchāniddeso,1456,1500,45
67,Nidd-ii,กัปปมาณวกปัญหานิทเทส,256,269,14,10. Kappamāṇavapucchāniddeso,1501,1553,53
67,Nidd-ii,ชตุกัณณีมาณวกปัญหานิทเทส,270,294,25,11. Jatukaṇṇimāṇavapucchāniddeso,1554,1611,58
67,Nidd-ii,ภัทราวุธมาณวกปัญหานิทเทส,295,308,14,12. Bhadrāvudhamāṇavapucchāniddeso,1612,1658,47
67,Nidd-ii,อุทยมาณวกปัญหานิทเทส,309,329,21,13. Udayamāṇavapucchāniddeso,1659,1747,89
67,Nidd-ii,โปสาลมาณวกปัญหานิทเทส,330,375,46,14. Posālamāṇavapucchāniddeso,1748,1819,72
67,Nidd-ii,โมฆราชมาณวกปัญหานิทเทส,376,416,41,15. Mogharājamāṇavapucchāniddeso,1820,1908,89
67,Nidd-ii,ปิงคิยมาณวกปัญหานิทเทส,417,508,92,16. Piṅgiyamāṇavapucchāniddeso,1909,2239,331
67,Nidd-ii,ขัคควิสาณสุตตนิทเทส,509,629,121,Khaggavisāṇasuttaniddeso,2240,2240,1
67,Nidd-ii,ปฐมวรรค,630,,,Paṭhamavaggo,2241,,
68,Paṭis,สีลมยญาณนิทเทส,541,614,74,Sīlamayañāṇaniddeso,233,256,24
68,Paṭis,สมาธิภาวนามยญาณนิทเทส,615,636,22,Samādhibhāvanāmayañāṇaniddeso,257,261,5
68,Paṭis,ธรรมฐิติญาณนิทเทส,637,656,20,Dhammaṭṭhitiñāṇaniddeso,262,272,11
68,Paṭis,สัมมสนญาณนิทเทส,657,675,19,Sammasanañāṇaniddeso,273,281,9
68,Paṭis,อุทยัพพยญาณนิทเทส,676,691,16,Udayabbayañāṇaniddeso,282,293,12
68,Paṭis,ภังคานุปัสสนาญาณนิทเทส,692,703,12,Bhaṅgānupassanāñāṇaniddeso,294,308,15
68,Paṭis,อาทีนวญาณนิทเทส,704,710,7,Ādīnavañāṇaniddeso,309,330,22
68,Paṭis,สังขารุเปกขาญาณนิทเทส,711,742,32,Saṅkhārupekkhāñāṇaniddeso,331,359,29
68,Paṭis,โคตรภูญาณนิทเทส,743,751,9,Gotrabhuñāṇaniddeso,360,378,19
68,Paṭis,มรรคญาณนิทเทส,752,765,14,Maggañāṇaniddeso,379,400,22
68,Paṭis,ผลญาณนิทเทส,766,768,3,Phalañāṇaniddeso,401,413,13
68,Paṭis,วิมุตติญาณนิทเทส,769,771,3,Vimuttiñāṇaniddeso,414,419,6
68,Paṭis,ปัจจเวกขณญาณนิทเทส,772,787,16,Paccavekkhaṇañāṇaniddeso,420,437,18
68,Paṭis,โคจรนานัตตญาณนิทเทส,788,792,5,Gocaranānattañāṇaniddeso,438,444,7
68,Paṭis,จริยานานัตตญาณนิทเทส,793,810,18,Cariyānānattañāṇaniddeso,445,454,10
68,Paṭis,ภูมินานัตตญาณนิทเทส,811,823,13,Bhūminānattañāṇaniddeso,455,461,7
68,Paṭis,ธรรมนานัตตญาณนิทเทส,824,835,12,Dhammanānattañāṇaniddeso,462,473,12
68,Paṭis,ญาณปัญจกนิทเทส,836,838,3,Ñāṇapañcakaniddeso,474,476,3
68,Paṭis,ปฏิสัมภิทาญาณนิทเทส,839,848,10,Paṭisambhidāñāṇaniddeso,477,494,18
68,Paṭis,ญาณัตตยานิทเทส,849,857,9,Ñāṇattayaniddeso,495,505,11
68,Paṭis,อานันตริกสมาธิญาณนิทเทส,858,869,12,Ānantarikasamādhiñāṇaniddeso,506,512,7
68,Paṭis,อรณวิหารญาณนิทเทส,870,874,5,Araṇavihārañāṇaniddeso,513,519,7
68,Paṭis,นิโรธสมาปัตติญาณนิเทส,875,894,20,Nirodhasamāpattiñāṇaniddeso,520,531,12
68,Paṭis,ปรินิพพานญาณนิทเทส,895,898,4,Parinibbānañāṇaniddeso,532,535,4
68,Paṭis,สมสีสัฏฐญาณนิทเทส,899,904,6,Samasīsaṭṭhañāṇaniddeso,536,542,7
68,Paṭis,สัลเลขัฏฐญาณนิทเทส,905,912,8,Sallekhaṭṭhañāṇaniddeso,543,548,6
68,Paṭis,วีริยารัมภญาณนิทเทส,913,915,3,Vīriyārambhañāṇaniddeso,549,553,5
68,Paṭis,อัตถสันทัสนญาณนิทเทส,916,918,3,Atthasandassanañāṇaniddeso,554,558,5
68,Paṭis,ทัสนวิสุทธิญาณนิทเทส,919,924,6,Dassanavisuddhiñāṇaniddeso,559,565,7
68,Paṭis,ขันติญาณปริโยคาหณญาณนิทเทส,925,927,3,Khantiñāṇaniddeso,566,571,6
68,Paṭis,ปเทสวิหารญาณนิทเทส,928,935,8,Padesavihārañāṇaniddeso,572,575,4
68,Paṭis,วิวัฏฏญาณฉักกนิทเทส,936,949,14,Chavivaṭṭañāṇaniddeso,576,585,10
68,Paṭis,อิทธิวิธญาณนิทเทส,950,968,19,Iddhividhañāṇaniddeso,586,589,4
68,Paṭis,โสตธาตุวิสุทธิญาณนิทเทส,969,973,5,Sotadhātuvisuddhiñāṇaniddeso,590,592,3
68,Paṭis,เจโตปริยญาณนิทเทส,974,979,6,Cetopariyañāṇaniddeso,593,595,3
68,Paṭis,บุพเพนิวาสานุสติญาณนิทเทส,980,1020,41,Pubbenivāsānussatiñāṇaniddeso,596,599,4
68,Paṭis,ทิพจักขุญาณนิทเทส,1021,1035,15,Dibbacakkhuñāṇaniddeso,600,602,3
68,Paṭis,อาสวักขยญาณนิทเทส,1036,1044,9,Āsavakkhayañāṇaniddeso,603,611,9
68,Paṭis,สัจญาณจตุกทวยนิทเทส,1045,1053,9,Saccañāṇacatukkadvayaniddeso,612,616,5
68,Paṭis,สุทธิกปฏิสัมภิทาญาณนิทเทส,1054,1057,4,Suddhikapaṭisambhidāñāṇaniddeso,617,622,6
68,Paṭis,อินทริยปโรปริยัตตญาณนิทเทส,1058,1068,11,Indriyaparopariyattañāṇaniddeso,623,633,11
68,Paṭis,อาสยานุสยญาณนิทเทส,1069,1090,22,Āsayānusayañāṇaniddeso,634,642,9
68,Paṭis,ยมกปาฏิหาริยญาณนิทเทส,1091,1098,8,Yamakapāṭihīrañāṇaniddeso,643,646,4
68,Paṭis,มหากรุณาสมาปัตติญาณนิทเทส,1099,,,Mahākaruṇāñāṇaniddeso,647,681,35
68,Paṭis-a,คันถารัมภกถา,9,32,24,Ganthārambhakathā,5,71,67
68,Paṭis-a,มหาวรรค,33,32,0,Mahāvaggo,72,263,192
68,Paṭis-a,๑. อรรถกถาสุตมยญาณุทเทส,33,38,6,1. Sutamayañāṇaniddesavaṇṇanā,264,449,186
68,Paṭis-a,๒. อรรถกถาสีลมยญาณุทเทส,39,44,6,2. Sīlamayañāṇaniddesavaṇṇanā,832,963,132
68,Paṭis-a,๓. อรรถกถาสมาธิภาวนามยญาณุทเทส,45,45,1,3. Samādhibhāvanāmayañāṇaniddesavaṇṇanā,964,984,21
68,Paṭis-a,๔. อรรถกถาธัมมัฏฐิติญาณุทเทส,46,50,5,4. Dhammaṭṭhitiñāṇaniddesavaṇṇanā,985,1007,23
68,Paṭis-a,๕. อรรถกถาสัมมสนญาณุทเทส,51,52,2,5. Sammasanañāṇaniddesavaṇṇanā,1008,1031,24
68,Paṭis-a,๖. อรรถกถาอุทยัพพยานุปัสสนาญาณุทเทส,53,53,1,6. Udayabbayañāṇaniddesavaṇṇanā,1032,1045,14
68,Paṭis-a,๗. อรรถกถาวิปัสสนาญาณุทเทส,54,55,2,7. Bhaṅgānupassanāñāṇaniddesavaṇṇanā,1046,1062,17
68,Paṭis-a,๘. อรรถกถาอาทีนวญาณุทเทส,56,59,4,8. Ādīnavañāṇaniddesavaṇṇanā,1063,1071,9
68,Paṭis-a,๙. อรรถกถาสังขารุเปกขาญาณุทเทส,60,67,8,9. Saṅkhārupekkhāñāṇaniddesavaṇṇanā,1072,1108,37
68,Paṭis-a,๑๐. อรรถกถาโคตรภูญาณุทเทส,68,69,2,10. Gotrabhuñāṇaniddesavaṇṇanā,1109,1113,5
68,Paṭis-a,๑๑. อรรถกถามัคคญาณุทเทส,70,73,4,11. Maggañāṇaniddesavaṇṇanā,1114,1123,10
68,Paṭis-a,๑๒. อรรถกถาผลญาณุทเทส,74,75,2,12. Phalañāṇaniddesavaṇṇanā,1124,1126,3
68,Paṭis-a,๑๓. อรรถกถาวิมุตติญาณุทเทส,76,76,1,13. Vimuttiñāṇaniddesavaṇṇanā,1127,1129,3
68,Paṭis-a,๑๔. อรรถกถาปัจจเวกขณญาณุทเทส,77,84,8,14. Paccavekkhaṇañāṇaniddesavaṇṇanā,1130,1134,5
68,Paṭis-a,๑๕. อรรถกถาวัตถุนานัตตญาณุทเทส,85,86,2,15. Vatthunānattañāṇaniddesavaṇṇanā,1135,1137,3
68,Paṭis-a,๑๖. อรรถกถาโคจรนานัตตญาณุทเทส,87,87,1,16. Gocaranānattañāṇaniddesavaṇṇanā,1138,1143,6
68,Paṭis-a,๑๗. อรรถกถาจริยานานัตตญาณุทเทส,88,87,0,17. Cariyānānattañāṇaniddesavaṇṇanā,1144,1150,7
68,Paṭis-a,๑๘. อรรถกถาภูมินานัตตญาณุทเทส,88,88,1,18. Bhūminānattañāṇaniddesavaṇṇanā,1151,1160,10
68,Paṭis-a,๑๙. อรรถกถาธัมมนานัตตญาณุทเทส,89,96,8,19. Dhammanānattañāṇaniddesavaṇṇanā,1161,1184,24
68,Paṭis-a,๓๒. อรรถกถาอานันตริกสมาธิญาณุทเทส,97,99,3,32. Ānantarikasamādhiñāṇaniddesavaṇṇanā,1185,1191,7
68,Paṭis-a,๓๓. อรรถกถาอรณวิหารญาณุทเทส,100,107,8,33. Araṇavihārañāṇaniddesavaṇṇanā,1192,1195,4
68,Paṭis-a,๓๔. อรรถกถานิโรธสมาปัตติญาณุทเทส,108,109,2,34. Nirodhasamāpattiñāṇaniddesavaṇṇanā,1196,1222,27
68,Paṭis-a,๓๕. อรรถกถาปรินิพพานญาณุทเทส,110,110,1,35. Parinibbānañāṇaniddesavaṇṇanā,1223,1225,3
68,Paṭis-a,๓๖. อรรถกถาสมสีสัฏฐญาณุทเทส,111,114,4,36. Samasīsaṭṭhañāṇaniddesavaṇṇanā,1226,1229,4
68,Paṭis-a,๓๗. อรรถกถาสัลเลขัฏฐญาณุทเทส,115,116,2,37. Sallekhaṭṭhañāṇaniddesavaṇṇanā,1230,1235,6
68,Paṭis-a,๓๘. อรรถกถาวีริยารัมภญาณุทเทส,117,121,5,38. Vīriyārambhañāṇaniddesavaṇṇanā,1236,1240,5
68,Paṭis-a,๓๙. อรรถกถาอัตถสันทัสนญาณุทเทส,122,122,1,39. Atthasandassanañāṇaniddesavaṇṇanā,1241,1243,3
68,Paṭis-a,๔๐. อรรถกถา ทัสนวิสุทธิญาณุทเทส,123,125,3,40. Dassanavisuddhiñāṇaniddesavaṇṇanā,1244,1252,9
68,Paṭis-a,๔๑. อรรถกถา ขันติญาณุทเทส,126,127,2,41-42. Khantiñāṇapariyogāhaṇañāṇaniddesavaṇṇanā,1253,1255,3
68,Paṭis-a,๔๓. อรรถกถาปเทสวิหารญาณุทเทส,128,135,8,43. Padesavihārañāṇaniddesavaṇṇanā,1256,1272,17
68,Paṭis-a,๕๐. อรรถกถาอิทธิวิธญาณุทเทส,136,139,4,50. Iddhividhañāṇaniddesavaṇṇanā,1273,1286,14
68,Paṭis-a,๕๑. อรรถกถาโสตธาตุวิสุทธิญาณุทเทส,140,141,2,51. Sotadhātuvisuddhiñāṇaniddesavaṇṇanā,1287,1291,5
68,Paṭis-a,๕๒. อรรถกถาเจโตปริยญาณุทเทส,142,144,3,52. Cetopariyañāṇaniddesavaṇṇanā,1292,1296,5
68,Paṭis-a,๕๓. อรรถกถาบุพเพนิวาสานุสติญาณุทเทส,145,145,1,53. Pubbenivāsānussatiñāṇaniddesavaṇṇanā,1297,1381,85
68,Paṭis-a,๕๔. อรรถกถาทิพจักขุญาณุทเทส,146,147,2,54. Dibbacakkhuñāṇaniddesavaṇṇanā,1382,1397,16
68,Paṭis-a,๕๕. อรรถกถา อาสวักขยญาณุทเทส,148,154,7,55. Āsavakkhayañāṇaniddesavaṇṇanā,1398,1418,21
68,Paṭis-a,๖๘. อรรถกถาอินทริยปโรปริยัตตญาณุทเทส,155,157,3,68. Indriyaparopariyattañāṇaniddesavaṇṇanā,1419,1424,6
68,Paṭis-a,๖๙. อรรถกถาอาสยานุสยณาณุทเทส,158,158,1,69. Āsayānusayañāṇaniddesavaṇṇanā,1425,1440,16
68,Paṭis-a,๗๐. อรรถกถายมกปาฏิหีรญาณุทเทส,159,159,1,70. Yamakapāṭihīrañāṇaniddesavaṇṇanā,1441,1445,5
68,Paṭis-a,๗๑. อรรถกถามหากรุณาสมาปัตติญาณุทเทส,160,160,1,71. Mahākaruṇāñāṇaniddesavaṇṇanā,1446,1516,71
68,Paṭis-a,๗๒ - ๗๓. อรรถกถาสัพพัญญุตญาณอนาวรณญาณุทเทส,161,320,160,72-73. Sabbaññutaññāṇaniddesavaṇṇanā,1517,1530,14
68,Paṭis-a,อรรถกถาปริญเญยยนิทเทส,321,338,18,Pariññeyyaniddesavaṇṇanā,450,485,36
68,Paṭis-a,อรรถกถาปหาตัพพนิทเทส,339,365,27,Pahātabbaniddesavaṇṇanā,486,508,23
68,Paṭis-a,อรรถกถาภาเวตัพพนิทเทส,366,394,29,Bhāvetabbaniddesavaṇṇanā,509,530,22
68,Paṭis-a,อรรถกถาสัจฉิกาตัพพนิทเทส,395,403,9,Sacchikātabbaniddesavaṇṇanā,531,545,15
68,Paṭis-a,อรรถกถาหานภาคิยจตุกนิทเทส,404,408,5,Hānabhāgiyacatukkaniddesavaṇṇanā,546,549,4
68,Paṭis-a,อรรถกถาลักขณัตติกนิทเทส,409,413,5,Lakkhaṇattikaniddesavaṇṇanā,550,552,3
68,Paṭis-a,อรรถกถาทุกขสัจนิทเทส,414,447,34,Dukkhasaccaniddesavaṇṇanā,553,664,112
68,Paṭis-a,อรรถกถาสมุทยสัจนิทเทส,448,451,4,Samudayasaccaniddesavaṇṇanā,665,668,4
68,Paṭis-a,อรรถกถานิดรธสัจนิทเทส,452,459,8,Nirodhasaccaniddesavaṇṇanā,669,677,9
68,Paṭis-a,อรรถกถามรรคสัจนิทเทส,460,530,71,Maggasaccaniddesavaṇṇanā,678,798,121
68,Paṭis-a,อรรถกถาสัจปกิณกะ,531,,,Saccapakiṇṇakavaṇṇanā,799,831,33
69,Paṭis,๓๖. อรรถกถาปฏิสัมภิทามรรค,36,35,0,Paṭisambhidāmaggapāḷi,3,232,230
69,Paṭis,๓๖. ทิฏฐิกถาในมหาวรรค,36,35,0,2. Diṭṭhikathā,682,699,18
69,Paṭis,๓๖. ๑. อรรถกถาอัสสาทสทิฏฐินิเทศ,36,51,16,1. Assādadiṭṭhiniddeso,700,711,12
69,Paṭis,๕๒. อรรถกถาอัตตานุทิฏฐินิเทศ,52,61,10,2. Attānudiṭṭhiniddeso,712,735,24
69,Paṭis,๖๒. อรรถกถามิจฉาทิฏฐินิเทศ,62,62,1,3. Micchādiṭṭhiniddeso,736,738,3
69,Paṭis,๖๓. อรรถกถาสักกายทิฏฐินิเทศ,63,62,0,4. Sakkāyadiṭṭhiniddeso,739,742,4
69,Paṭis,๖๓. อรรถกถาสัสสตทิฏฐินิเทศ,63,63,1,5. Sassatadiṭṭhiniddeso,743,746,4
69,Paṭis,๖๔. อรรถกถาอุจเฉททิฏฐินิเทศ,64,63,0,6. Ucchedadiṭṭhiniddeso,747,750,4
69,Paṭis,๖๔. อรรถกถาอันตคาหิกทิฏฐิ,64,66,3,7. Antaggāhikādiṭṭhiniddeso,751,774,24
69,Paṭis,๖๗. อรรถกถาปุพพันตานุทิฏฐินิเทศ,67,67,1,8. Pubbantānudiṭṭhiniddeso,775,777,3
69,Paṭis,๖๘. อรรถกถาอปรันตานุทิฏฐินิเทศ,68,69,2,9. Aparantānudiṭṭhiniddeso,778,787,10
69,Paṭis,๗๐. อรรถกถาอัตตวาทปฏิสังยุตตทิฏฐินิเทศ,70,69,0,13. Attavādapaṭisaṃyuttadiṭṭhiniddeso,788,791,4
69,Paṭis,๗๐. อรรถกถาโลกวาทปฏิสังยุตตทิฏฐินิเทศ,70,70,1,14. Lokavādapaṭisaṃyuttadiṭṭhiniddeso,792,795,4
69,Paṭis,๗๑. อรรถกถาภววิภวทิฏฐินิเทศ,71,84,14,15-16. Bhava-vibhavadiṭṭhiniddeso,796,828,33
69,Paṭis,๘๕. มหาวรรค อานาปานกถา,85,138,54,3. Ānāpānassatikathā,829,829,1
69,Paṭis,๑๓๙. ๑. อรรถกถาคณนวาร,139,141,3,1. Gaṇanavāra,830,833,4
69,Paṭis,๑๔๒. ๒. อรรถกถาโสฬสญาณนิเทศ,142,143,2,2. Soḷasañāṇaniddeso,834,838,5
69,Paṭis,๑๔๔. ๓. อรรถกถาอุปกิเลสญาณนิเทศ,144,172,29,3. Upakkilesañāṇaniddeso,839,911,73
69,Paṭis,๑๗๓. ๕. อรรถกถาสโตการิญาณนิเทศ,173,226,54,5. Satokāriñāṇaniddeso,912,998,87
69,Paṭis,๒๒๗. อรรถกถาญาณราสิฉักกนิเทศ,227,229,3,6. Ñāṇarāsichakkaniddeso,999,1007,9
69,Paṭis,๒๓๐. มหาวรรค อินทริยกถา,230,276,47,4. Indriyakathā,1008,1008,1
69,Paṭis,๒๗๗. ๑. อรรถกถาปฐมสุตตันตนิเทศ,277,292,16,1. Paṭhamasuttantaniddeso,1009,1017,9
69,Paṭis,๒๙๓. ๒. อรรถกถาทุติยสุตตันตนิเทศ,293,295,3,2. Dutiyasuttantaniddeso,1018,1026,9
69,Paṭis,๒๙๖. อรรถกถาอัสสาทนิเทศ,296,296,1,Ka. assādaniddeso,1027,1033,7
69,Paṭis,๒๙๗. อรรถกถาอาทีนวนิเทศ,297,296,0,Kha. ādīnavaniddeso,1034,1040,7
69,Paṭis,๒๙๗. อรรถกถานิสสรณนิเทศ,297,299,3,Ga. nissaraṇaniddeso,1041,1052,12
69,Paṭis,๓๐๐. ๓. อรรถกถาตติยสุตตันตนิเทศ,300,301,2,3. Tatiyasuttantaniddeso,1053,1056,4
69,Paṭis,๓๐๒. อรรถกถาปเภทคณนนิเทศ,302,302,1,Ka. pabhedagaṇananiddeso,1057,1070,14
69,Paṭis,๓๐๓. อรรถกถาจารวิหารนิเทศ,303,308,6,Ga. cāravihāraniddeso,1071,1079,9
69,Paṭis,๓๐๙. ๔. อรรถกถาจตุตถสุตตันตนิเทศ,309,309,1,4. Catutthasuttantaniddeso,1080,1081,2
69,Paṭis,๓๑๐. อรรถกถาอธิปไตยัตถนิเทศ,310,309,0,Ka. ādhipateyyaṭṭhaniddeso,1082,1085,4
69,Paṭis,๓๑๐. อรรถกถาอาทิวิโสธนัตถนิเทศ,310,310,1,Kha. ādivisodhanaṭṭhaniddeso,1086,1087,2
69,Paṭis,๓๑๑. อรรถกถาอธิมัตตัตถนิเทศ,311,312,2,Ga. adhimattaṭṭhaniddeso,1088,1091,4
69,Paṭis,๓๑๓. อรรถกถาอธิฏฐานนัตถนิเทศ,313,314,2,Gha. adhiṭṭhānaṭṭhaniddeso,1092,1098,7
69,Paṭis,๓๑๕. อรรถกถาอินทริยสโมธาน,315,319,5,5. Indriyasamodhānaṃ,1099,1132,34
69,Paṭis,๓๒๐. มหาวรรค วิโมกขกถา,320,363,44,5. Vimokkhakathā,1133,1133,1
69,Paṭis,๓๖๔. อรรถกถาวิโมกขุเทศ,364,369,6,1. Uddeso,1134,1136,3
69,Paṭis,๓๗๐. อรรถกถาวิโมกขนิเทศ,370,402,33,2. Niddeso,1137,1275,139
69,Paṭis,๔๐๓. มหาวรรค คติกถา,403,415,13,6. Gatikathā,1276,1291,16
69,Paṭis,๔๑๖. มหาวรรค กรรมกถา,416,422,7,7. Kammakathā,1292,1305,14
69,Paṭis,๔๒๓. มหาวรรค วิปัลลาสกถา,423,428,6,8. Vipallāsakathā,1306,1321,16
69,Paṭis,๔๒๙. มหาวรรค มรรคกถา,429,433,5,9. Maggakathā,1322,1334,13
69,Paṭis,๔๓๔. มหาวรรค มัณฑเปยยกถา,434,448,15,10. Maṇḍapeyyakathā,1335,1360,26
69,Paṭis,๔๔๙. ยุคนัทธวรรค ยุคนัทธกถา,449,467,19,2. Yuganaddhavaggo,1361,1369,9
69,Paṭis,๔๖๘. อรรถกถาสุตตันตนิเทศ,468,472,5,1. Suttantaniddeso,1370,1399,30
69,Paṭis,๔๗๓. อรรถกถาธรรมุทธัจจวารนิเทศ,473,482,10,2. Dhammuddhaccavāraniddeso,1400,1417,18
69,Paṭis,๔๘๓. ยุคนัทธวรรค สัจจกถา,483,496,14,2. Saccakathā,1418,1419,2
69,Paṭis,๔๙๗. อรรถกถาปฐมสุตตันตนิเทศ,497,504,8,1. Paṭhamasuttantaniddeso,1420,1444,25
69,Paṭis,๕๐๕. อรรถกถาทุติยสุตตันตนิเทศ,505,508,4,3. Dutiyasuttantaniddeso,1445,1462,18
69,Paṭis,๕๐๙. ยุคนัทธวรรค โพชฌงคกถา,509,525,17,3. Bojjhaṅgakathā,1463,1470,8
69,Paṭis,๕๒๖. อรรถกถามูลมูลกาทิทสกกถา,526,528,3,Mūlamūlakādidasakaṃ,1471,1504,34
69,Paṭis,๕๒๙. อรรถกถาสุตตันตนิเทศ,529,530,2,Suttantaniddeso,1505,1518,14
69,Paṭis,๕๓๑. ยุคนัทธวรรค เมตตากถา,531,546,16,4. Mettākathā,1519,1524,6
69,Paṭis,๕๔๗. อรรถกถาอินทริยวาร,547,550,4,1. Indriyavāro,1525,1575,51
69,Paṭis,๕๕๑. ยุคนัทธวรรค วิราคกถา,551,561,11,5. Virāgakathā,1576,1596,21
69,Paṭis,๕๖๒. ยุคนัทธวรรค ปฏิสัมภิทากถา,562,575,14,6. Paṭisambhidākathā,1597,1597,1
69,Paṭis,๕๗๖. อรรถกถาธรรมจักกัปปวัตตนวาระ,576,587,12,1. Dhammacakkapavattanavāro,1598,1685,88
69,Paṭis,๕๘๘. ยุคนัทธวรรค ธรรมจักกกถา,588,594,7,7. Dhammacakkakathā,1686,1686,1
69,Paṭis,๕๙๕. อรรถกถาสัจจวาระ,595,597,3,1. Saccavāro,1687,1701,15
69,Paṭis,๕๙๘. อรรถกถาสติปัฏฐานวาร,598,598,1,2. Satipaṭṭhānavāro,1702,1721,20
69,Paṭis,๕๙๙. ยุคนัทธวรรค โลกกุตตรกถา,599,606,8,8. Lokuttarakathā,1722,1725,4
69,Paṭis,๖๐๗. ยุคนัทธวรรค พลกถา,607,633,27,9. Balakathā,1726,1767,42
69,Paṭis,๖๓๔. ยุคนัทธวรรค สุญญกถา,634,656,23,10. Suññakathā,1768,1808,41
69,Paṭis,๖๕๗. ปัญญาวรรค มหาปัญญากถา,657,681,25,3. Paññāvaggo,1809,1824,16
69,Paṭis,๖๘๒. อรรถกถาโสฬสปัญญานิเทศ,682,703,22,1. Soḷasapaññāniddeso,1825,1850,26
69,Paṭis,๗๐๔. อรรถกถาปุคคลวิเสสนิเทศ,704,705,2,2. Puggalavisesaniddeso,1851,1862,12
69,Paṭis,๗๐๖. ปัญญาวรรค อิทธิกถา,706,721,16,2. Iddhikathā,1863,1869,7
69,Paṭis,๗๒๒. อรรถกถาทสอิทธินิเทศ,722,769,48,Dasaiddhiniddeso,1870,1893,24
69,Paṭis,๗๗๐. ปัญญาวรรค อภิสมยกถา,770,779,10,3. Abhisamayakathā,1894,1915,22
69,Paṭis,๗๘๐. ปัญญาวรรค วิเวกกถา,780,787,8,4. Vivekakathā,1916,1920,5
69,Paṭis,๗๘๘. อรรถกถามัคคังคนิเทศ,788,790,3,1. Maggaṅganiddeso,1921,1938,18
69,Paṭis,๗๙๑. ปัญญาวรรค จริยากถา,791,792,2,5. Cariyākathā,1939,1945,7
69,Paṭis,๗๙๓. ปัญญาวรรค ปาฏิหาริยกถา,793,800,8,6. Pāṭihāriyakathā,1946,1961,16
69,Paṭis,๘๐๑. ปัญญาวรรค สมสีสกถา,801,803,3,7. Samasīsakathā,1962,1969,8
69,Paṭis,๘๐๔. ปัญญาวรรค สติปัฏฐานกถา,804,812,9,8. Satipaṭṭhānakathā,1970,1985,16
69,Paṭis,๘๑๓. ปัญญาวรรค วิปัสสนากถา,813,827,15,9. Vipassanākathā,1986,2014,29
69,Paṭis,๘๒๘. ปัญญาวรรค มาติกากถา,828,,,10. Mātikākathā,2015,,
69,Paṭis-a,๑. อรรถกถาอัสสาทสทิฏฐินิเทศ,36,51,16,1. Assādadiṭṭhiniddesavaṇṇanā,1531,1555,25
69,Paṭis-a,อรรถกถาอัตตานุทิฏฐินิเทศ,52,61,10,2. Attānudiṭṭhiniddesavaṇṇanā,1556,1592,37
69,Paṭis-a,อรรถกถามิจฉาทิฏฐินิเทศ,62,62,1,3. Micchādiṭṭhiniddesavaṇṇanā,1593,1595,3
69,Paṭis-a,อรรถกถาสักกายทิฏฐินิเทศ,63,62,0,4. Sakkāyadiṭṭhiniddesavaṇṇanā,1596,1598,3
69,Paṭis-a,อรรถกถาสัสสตทิฏฐินิเทศ,63,63,1,5. Sassatadiṭṭhiniddesavaṇṇanā,1599,1601,3
69,Paṭis-a,อรรถกถาอุจเฉททิฏฐินิเทศ,64,63,0,6. Ucchedadiṭṭhiniddesavaṇṇanā,1602,1604,3
69,Paṭis-a,อรรถกถาอันตคาหิกทิฏฐิ,64,66,3,7. Antaggāhikādiṭṭhiniddesavaṇṇanā,1605,1608,4
69,Paṭis-a,อรรถกถาปุพพันตานุทิฏฐินิเทศ,67,67,1,8. Pubbantānudiṭṭhiniddesavaṇṇanā,1609,1611,3
69,Paṭis-a,อรรถกถาอปรันตานุทิฏฐินิเทศ,68,69,2,9. Aparantānudiṭṭhiniddesavaṇṇanā,1612,1619,8
69,Paṭis-a,อรรถกถาอัตตวาทปฏิสังยุตตทิฏฐินิเทศ,70,69,0,13. Attavādapaṭisaṃyuttadiṭṭhiniddesavaṇṇanā,1620,1622,3
69,Paṭis-a,อรรถกถาโลกวาทปฏิสังยุตตทิฏฐินิเทศ,70,70,1,14. Lokavādapaṭisaṃyuttadiṭṭhiniddesavaṇṇanā,1623,1626,4
69,Paṭis-a,อรรถกถาภววิภวทิฏฐินิเทศ,71,138,68,15-16. Bhavavibhavadiṭṭhiniddesavaṇṇanā,1627,1665,39
69,Paṭis-a,๑. อรรถกถาคณนวาร,139,141,3,1. Gaṇanavāravaṇṇanā,1666,1671,6
69,Paṭis-a,๒. อรรถกถาโสฬสญาณนิเทศ,142,143,2,2. Soḷasañāṇaniddesavaṇṇanā,1672,1675,4
69,Paṭis-a,๓. อรรถกถาอุปกิเลสญาณนิเทศ,144,172,29,3. Upakkilesañāṇaniddesavaṇṇanā,1676,1714,39
69,Paṭis-a,๕. อรรถกถาสโตการิญาณนิเทศ,173,226,54,5. Satokāriñāṇaniddesavaṇṇanā,1715,1834,120
69,Paṭis-a,อรรถกถาญาณราสิฉักกนิเทศ,227,276,50,6. Ñāṇarāsichakkaniddesavaṇṇanā,1835,1845,11
69,Paṭis-a,๑. อรรถกถาปฐมสุตตันตนิเทศ,277,292,16,1. Paṭhamasuttantaniddesavaṇṇanā,1846,1895,50
69,Paṭis-a,๒. อรรถกถาทุติยสุตตันตนิเทศ,293,295,3,2. Dutiyasuttantaniddesavaṇṇanā,1896,1899,4
69,Paṭis-a,อรรถกถาอัสสาทนิเทศ,296,296,1,Ka. assādaniddesavaṇṇanā,1900,1901,2
69,Paṭis-a,อรรถกถาอาทีนวนิเทศ,297,296,0,Kha. ādīnavaniddesavaṇṇanā,1902,1903,2
69,Paṭis-a,อรรถกถานิสสรณนิเทศ,297,299,3,Ga. nissaraṇaniddesavaṇṇanā,1904,1909,6
69,Paṭis-a,๓. อรรถกถาตติยสุตตันตนิเทศ,300,301,2,3. Tatiyasuttantaniddesavaṇṇanā,1910,1911,2
69,Paṭis-a,อรรถกถาปเภทคณนนิเทศ,302,302,1,Ka. pabhedagaṇananiddesavaṇṇanā,1912,1913,2
69,Paṭis-a,อรรถกถาจริยาวาร,303,302,0,Kha. cariyāvāravaṇṇanā,1914,1915,2
69,Paṭis-a,อรรถกถาจารวิหารนิเทศ,303,308,6,Cāravihāraniddesavaṇṇanā,1916,1923,8
69,Paṭis-a,๔. อรรถกถาจตุตถสุตตันตนิเทศ,309,309,1,4. Catutthasuttantaniddesavaṇṇanā,1924,1925,2
69,Paṭis-a,อรรถกถาอธิปไตยัตถนิเทศ,310,309,0,Ka. ādhipateyyaṭṭhaniddesavaṇṇanā,1926,1927,2
69,Paṭis-a,อรรถกถาอาทิวิโสธนัตถนิเทศ,310,310,1,Kha. ādivisodhanaṭṭhaniddesavaṇṇanā,1928,1929,2
69,Paṭis-a,อรรถกถาอธิมัตตัตถนิเทศ,311,312,2,Ga. adhimattaṭṭhaniddesavaṇṇanā,1930,1932,3
69,Paṭis-a,อรรถกถาอธิฏฐานนัตถนิเทศ,313,314,2,Gha-ṅa. pariyādānaṭṭhapatiṭṭhāpakaṭṭhaniddesavaṇṇanā,1933,1935,3
69,Paṭis-a,อรรถกถาอินทริยสโมธาน,315,363,49,5. Indriyasamodhānavaṇṇanā,1936,1948,13
69,Paṭis-a,อรรถกถาวิโมกขุเทศ,364,369,6,1. Vimokkhuddesavaṇṇanā,1949,1955,7
69,Paṭis-a,อรรถกถาวิโมกขนิเทศ,370,407,38,2. Vimokkhaniddesavaṇṇanā,1956,2003,48
69,Paṭis-a,อรรถกถาคติกถา,408,417,10,Gatikathāvaṇṇanā,2004,2019,16
69,Paṭis-a,อรรถกถากรรมกถา,418,424,7,Kammakathāvaṇṇanā,2020,2030,11
69,Paṭis-a,อรรถกถาวิปัลลาสกถา,425,431,7,Vipallāsakathāvaṇṇanā,2031,2036,6
69,Paṭis-a,อรรถกถามรรคกถา,432,442,11,Maggakathāvaṇṇanā,2037,2041,5
69,Paṭis-a,อรรถกถามัณฑเปยยกถา,443,462,20,Maṇḍapeyyakathāvaṇṇanā,2042,2054,13
69,Paṭis-a,อรรถกถายุคนัทธกถา,463,467,5,Yuganaddhakathāvaṇṇanā,2055,2063,9
69,Paṭis-a,อรรถกถาสุตตันตนิเทศ,468,472,5,1. Suttantaniddesavaṇṇanā,2064,2070,7
69,Paṭis-a,อรรถกถาธรรมุทธัจจวารนิเทศ,473,495,23,2. Dhammuddhaccavāraniddesavaṇṇanā,2071,2088,18
69,Paṭis-a,อรรถกถาสัจกถา,496,496,1,Saccakathāvaṇṇanā,2089,2090,2
69,Paṭis-a,อรรถกถาปฐมสุตตันตนิเทศ,497,503,7,1. Paṭhamasuttantaniddesavaṇṇanā,2091,2104,14
69,Paṭis-a,อรรถกถาทุติยสุตตันตปาลินิเทศ,504,504,1,2. Dutiyasuttantapāḷivaṇṇanā,2105,2107,3
69,Paṭis-a,อรรถกถาทุติยสุตตันตนิเทศ,505,522,18,3. Dutiyasuttantaniddesavaṇṇanā,2108,2114,7
69,Paṭis-a,อรรถกถาโพชฌงคกถา,523,525,3,Bojjhaṅgakathāvaṇṇanā,2115,2117,3
69,Paṭis-a,อรรถกถามูลมูลกาทิทสกกถา,526,528,3,Mūlamūlakādidasakavaṇṇanā,2118,2124,7
69,Paṭis-a,อรรถกถาสุตตันตนิเทศ,529,542,14,Suttantaniddesavaṇṇanā,2125,2129,5
69,Paṭis-a,อรรถกถาเมตตากถา,543,546,4,Mettākathāvaṇṇanā,2130,2135,6
69,Paṭis-a,อรรถกถาอินทริยวาร,547,549,3,1. Indriyavāravaṇṇanā,2136,2138,3
69,Paṭis-a,อรรถกถาพลาทิวารัตตยะ,550,557,8,2-4. Balādivārattayavaṇṇanā,2139,2142,4
69,Paṭis-a,อรรถกถาวิราคกถา,558,575,18,Virāgakathāvaṇṇanā,2143,2153,11
69,Paṭis-a,อรรถกถาธรรมจักกัปปวัตตนวาระ,576,585,10,1. Dhammacakkapavattanavāravaṇṇanā,2154,2168,15
69,Paṭis-a,อรรถกถาสัตตโพธิสัตตวาระเป็นต้น,586,586,1,4-8. Sattabodhisattavārādivaṇṇanā,2169,2170,2
69,Paṭis-a,อรรถกถาฉพุทธธรรมวาระ,587,594,8,9. Chabuddhadhammavāravaṇṇanā,2171,2174,4
69,Paṭis-a,อรรถกถาสัจจวาระ,595,597,3,1. Saccavāravaṇṇanā,2175,2180,6
69,Paṭis-a,อรรถกถาสติปัฏฐานวาร,598,599,2,2-3. Satipaṭṭhānavārādivaṇṇanā,2181,2184,4
69,Paṭis-a,อรรถกถาโลกุตตรกถา,600,616,17,Lokuttarakathāvaṇṇanā,2185,2200,16
69,Paṭis-a,อรรถกถาพลกถา,617,640,24,Balakathāvaṇṇanā,2201,2235,35
69,Paṭis-a,อรรถกถาสุญญกถา,641,675,35,Suññakathāvaṇṇanā,2236,2264,29
69,Paṭis-a,อรรถกถามหาปัญญากถา,676,681,6,Mahāpaññākathāvaṇṇanā,2265,2272,8
69,Paṭis-a,อรรถกถาโสฬสปัญญานิเทศ,682,703,22,1. Soḷasapaññāniddesavaṇṇanā,2273,2305,33
69,Paṭis-a,อรรถกถาปุคคลวิเสสนิเทศ,704,721,18,2. Puggalavisesaniddesavaṇṇanā,2306,2310,5
69,Paṭis-a,อรรถกถาทสอิทธินิเทศ,722,774,53,Iddhikathāvaṇṇanā,2311,2423,113
69,Paṭis-a,อรรถกถาอภิสมยกถา,775,785,11,Abhisamayakathāvaṇṇanā,2424,2434,11
69,Paṭis-a,อรรถกถาวิเวกกถา,786,787,2,Vivekakathāvaṇṇanā,2435,2437,3
69,Paṭis-a,อรรถกถามัคคังคนิเทศ,788,792,5,Maggaṅganiddesavaṇṇanā,2438,2444,7
69,Paṭis-a,อรรถกถาจริยากถา,793,796,4,Cariyākathāvaṇṇanā,2445,2448,4
69,Paṭis-a,อรรถกถาปาฏิหาริยกถา,797,802,6,Pāṭihāriyakathāvaṇṇanā,2449,2458,10
69,Paṭis-a,อรรถกถาสมสีสกถา,803,808,6,Samasīsakathāvaṇṇanā,2459,2462,4
69,Paṭis-a,อรรถกถาสติปัฏฐานกถา,809,819,11,Satipaṭṭhānakathāvaṇṇanā,2463,2474,12
69,Paṭis-a,อรรถกถาวิปัสสนากถา,820,831,12,Vipassanākathāvaṇṇanā,2475,2481,7
69,Paṭis-a,อรรถกถามาติกากถา,832,,,Mātikākathāvaṇṇanā,2482,,
7,Sp-iii,๔๑. อรรถกถาจัมมขันธกะ,41,164,124,5. Cammakkhandhakaṃ,593,630,38
7,Sp-iii,๑๖๕. อรรถกถาเภสัชชขันธกะ,165,225,61,6. Bhesajjakkhandhakaṃ,631,699,69
7,Sp-iii,๒๒๖. อรรถกฐินขันธกะ,226,318,93,7. Kathinakkhandhakaṃ,700,736,37
7,Sp-iii,๓๑๙. อรรถกถาจีวรขันธกะ,319,442,124,8. Cīvarakkhandhakaṃ,737,865,129
7,Sp-iii,๔๔๓. อรรถกถาจัมเปยยขันธกะ,443,494,52,9. Campeyyakkhandhakaṃ,866,885,20
7,Sp-iii,๔๙๕. อรรถกถาโกสัมพิขันธกะ,495,,,10. Kosambakakkhandhakaṃ,886,,
7,Vin-iii,จัมมขันธกะ,1,12,12,Cammakkhandhako,1459,1485,27
7,Vin-iii,ทรงอนุญาตรองเท้า,13,24,12,Diguṇādiupāhanapaṭikkhepo,1486,1510,25
7,Vin-iii,เรื่องยาน,25,25,1,Yānādipaṭikkhepo,1511,1514,4
7,Vin-iii,พระพุทธบัญญัติห้ามใช้ที่นั่งและที่นอนสูงใหญ่,26,30,5,Uccāsayanamahāsayanapaṭikkhepo,1515,1528,14
7,Vin-iii,เรื่องพระโสณกุฏิกัณณะ,31,57,27,Soṇakuṭikaṇṇavatthu,1529,1562,34
7,Vin-iii,เภสัชชขันธกะ,58,69,12,Bhesajjakkhandhako,1563,1607,45
7,Vin-iii,พระปิลินทวัจฉะเถระอาพาธเป็นโรคลม,70,106,37,Pilindavacchavatthu,1608,1674,67
7,Vin-iii,เรื่องพราหมณ์เวลัฏฐกัจจานะถวายงบน้ำอ้อย,107,115,9,Belaṭṭhakaccānavatthu,1675,1686,12
7,Vin-iii,เรื่องสุนีธะวัสสการะมหาอำมาตย์,116,122,7,Sunidhavassakāravatthu,1687,1708,22
7,Vin-iii,นางอัมพปาลี ถวายอัมพปาลีวัน,123,123,1,Ambapālīvatthu,1709,1716,8
7,Vin-iii,เรื่องสีหะเสนาบดี,124,137,14,Sīhasenāpativatthu,1717,1743,27
7,Vin-iii,เรื่องเมณฑกะคหบดี,138,148,11,Meṇḍakagahapativatthu,1744,1754,11
7,Vin-iii,เรื่องเกณิยชฏิล,149,157,9,Keṇiyajaṭilavatthu,1755,1768,14
7,Vin-iii,เรื่องวุฑฒบรรพชิต,158,160,3,Vuḍḍhapabbajitavatthu,1769,1774,6
7,Vin-iii,พระพุทธานุญาตมหาประเทศ ๔,161,192,32,Catumahāpadesakathā,1775,1810,36
7,Vin-iii,กฐินขันธกะ,193,240,48,Kathinakkhandhako,1811,2028,218
7,Vin-iii,จีวรขันธกะ,241,241,1,Cīvarakkhandhako,2029,2029,1
7,Vin-iii,กำเนิดชีวกโกมารภัจจ์,242,373,132,Jīvakavatthu,2030,2318,289
7,Vin-iii,จัมเปยยขันธกะ,374,448,75,Campeyyakkhandhako,2319,2602,284
7,Vin-iii,โกสัมพิขันธกะ,449,,,Kosambakakkhandhako,2603,,
70,Ap-a,นิทานกถา,12,12,1,Nidānakathā,29,31,3
70,Ap-a,ทูเรหิทานกถา,13,13,1,1. Dūrenidānakathā,32,33,2
70,Ap-a,สุเมธกถา,14,100,87,Sumedhakathā,34,707,674
70,Ap-a,อวิทูเรนิทานกถา,101,151,51,2. Avidūrenidānakathā,708,801,94
70,Ap-a,สันติเกนิทานกถา,152,185,34,3. Santikenidānakathā,802,890,89
70,Ap-a,พรรณนาอัพภันตรนิทาน,186,192,7,Abbhantaranidānavaṇṇanā,891,925,35
70,Ap-a,๑. พรรณนาพุทธาปทาน,193,236,44,1. Buddhaapadānavaṇṇanā,926,1090,165
70,Ap-a,๒. ปัจเจกพุทธาปทาน,237,424,188,2.Paccekabuddhaapadānavaṇṇanā,1091,1441,351
70,Ap-a,๑. พรรณนาสารีปุตตเถราปทาน,425,486,62,3-1. Sāriputtattheraapadānavaṇṇanā,1442,1767,326
70,Ap-a,๒. พรรณนามหาโมคคัลลานเถราปทาน,487,513,27,3-2. Mahāmoggallānattheraapadānavaṇṇanā,1768,1837,70
70,Ap-a,๓. พรรณนามหากัสสปเถราปทาน,514,546,33,3-3. Mahākassapattheraapadānavaṇṇanā,1838,1887,50
70,Ap-a,๔. พรรณนาอนุรุทธเถราปทาน,547,556,10,3-4. Anuruddhattheraapadānavaṇṇanā,1888,1908,21
70,Ap-a,๕. พรรณนาปุณณมันตานีปุตตเถราปทาน,557,581,25,3-5. Puṇṇamantāṇiputtattheraapadānavaṇṇanā,1909,1917,9
70,Ap-a,๖. พรรณนาอุปาลีเถราปทาน,582,624,43,3-6. Upālittheraapadānavaṇṇanā,1918,2057,140
70,Ap-a,๗. พรรณนาอัญญาโกณฑัญญเถราปทาน,625,634,10,3-7. Aññāsikoṇḍaññattheraapadānavaṇṇanā,2058,2079,22
70,Ap-a,๘. พรรณนาปิณโฑลภารทวาชเถราปทาน,635,641,7,3-8. Piṇḍolabhāradvājattheraapadānavaṇṇanā,2080,2095,16
70,Ap-a,๙. พรรณนาขทิรวนิยเรวตเถราปทาน,642,650,9,3-9. Khadiravaniyattheraapadānavaṇṇanā,2096,2112,17
70,Ap-a,๑๐. พรรณนาอานันทเถราปทาน,651,,,3-10. Ānandattheraapadānavaṇṇanā,2113,,
70,Ap-i,๑. พุทธาปทาน,1,236,236,1. Buddhaapadānaṃ,6,255,250
70,Ap-i,๒. ปัจเจกพุทธาปทาน,237,398,162,2. Paccekabuddhaapadānaṃ,256,432,177
70,Ap-i,สารีปุตตเถราปทานที่ ๓ (๑),399,483,85,3-1. Sāriputtattheraapadānaṃ,433,1142,710
70,Ap-i,มหาโมคคัลลานเถราปทานที่ ๔ (๒),484,511,28,3-2. Mahāmoggallānattheraapadānaṃ,1143,1214,72
70,Ap-i,มหากัสสปเถราปทานที่ ๕ (๓),512,545,34,3-3. Mahākassapattheraapadānaṃ,1215,1286,72
70,Ap-i,อนุรุทธเถราปทานที่ ๖ (๔),546,555,10,3-4. Anuruddhattheraapadānaṃ,1287,1328,42
70,Ap-i,ปุณณมันตานีปุตตเถราปทานที่ ๗ (๕),556,562,7,3-5. Puṇṇamantāṇiputtattheraapadānaṃ,1329,1354,26
70,Ap-i,อุปาลีเถราปทานที่ ๘ (๖),563,622,60,3-6. Upālittheraapadānaṃ,1355,1826,472
70,Ap-i,อัญญาโกณฑัญญเถราปทานที่ ๙ (๗),623,632,10,3-7. Aññāsikoṇḍaññattheraapadānaṃ,1827,1881,55
70,Ap-i,ปิณโฑลภารทวาชเถราปทานที่ ๑๐ (๘),633,639,7,3-8. Piṇḍolabhāradvājattheraapadānaṃ,1882,1929,48
70,Ap-i,ขทิรวนิยเรวตเถราปทานที่ ๑๑ (๙),640,648,9,3-9. Khadiravaniyarevatattheraapadānaṃ,1930,1980,51
70,Ap-i,อานันทเถราปทานที่ ๑๒ (๑๐),649,,,3-10. Ānandattheraapadānaṃ,1981,,
8,Sp-iv,กัมมขันธกะ,1,0,0,Kammakkhandhakaṃ,4,4,1
8,Sp-iv,ตัชชนียกรรมที่ ๑,1,7,7,Tajjanīyakammakathā,5,7,3
8,Sp-iv,ลักษณะกรรมไม่เป็นธรรม ๑๒ หมวด,8,24,17,Adhammakammadvādasakakathā,8,16,9
8,Sp-iv,นิยสกรรม ที่ ๒,25,44,20,Niyassakammakathā,17,19,3
8,Sp-iv,ปัพพาชนียกรรมที่ ๓,45,78,34,Pabbājanīyakammakathā,20,23,4
8,Sp-iv,ปฏิสารณียกรรม ที่ ๔,79,104,26,Paṭisāraṇīyakammakathā,24,30,7
8,Sp-iv,อุกเขปนียกรรม ที่ ๕,105,203,99,Āpattiyā adassane ukkhepanīyakammakathā,31,37,7
8,Sp-iv,ปาริวาสิกขันธกะ,204,214,11,Pārivāsikakkhandhakaṃ,38,66,29
8,Sp-iv,เรื่องมูลายปฏิกัสสนารหภิกษุ,215,222,8,Mūlāyapaṭikassanārahavattakathā,67,70,4
8,Sp-iv,เรื่องมานัตตารหภิกษุ,223,272,50,Mānattacārikavattakathā,71,75,5
8,Sp-iv,สมุจจยขันธกะ,273,503,231,Samuccayakkhandhakaṃ,76,173,98
8,Sp-iv,สมถขันธกะ,504,518,15,Samathakkhandhakaṃ,174,178,5
8,Sp-iv,คำขอสติวินัย,519,522,4,Sativinayakathā,179,181,3
8,Sp-iv,คำขออมูฬหวินัย,523,533,11,Amūḷhavinayakathā,182,184,3
8,Sp-iv,ระงับอธิกรณ์ด้วยเยภุยยสิกา,534,536,3,Yebhuyyasikākathā,185,189,5
8,Sp-iv,สงฆ์ทำตัสสปาปิยสิกากรรม,537,550,14,Tassapāpiyasikākathā,190,192,3
8,Sp-iv,พุทธานุญาตให้ระงับอธิกรณ์ด้วยติณวัตถารกะ,551,556,6,Tiṇavatthārakādikathā,193,197,5
8,Sp-iv,อธิกรณ์,557,,,Adhikaraṇakathā,198,225,28
8,Vin-iv,กัมมขันธกะ,1,0,0,1. Kammakkhandhakaṃ,4,4,1
8,Vin-iv,ตัชชนียกรรมที่ ๑,1,7,7,1. Tajjanīyakammaṃ,5,13,9
8,Vin-iv,ลักษณะกรรมไม่เป็นธรรม ๑๒ หมวด,8,11,4,Adhammakammadvādasakaṃ,14,27,14
8,Vin-iv,ลักษณะกรรมเป็นธรรม ๑๒ หมวด,12,14,3,Dhammakammadvādasakaṃ,28,41,14
8,Vin-iv,ข้อที่สงฆ์จำนง ๖ หมวด,15,16,2,Ākaṅkhamānachakkaṃ,42,49,8
8,Vin-iv,วัตร ๑๘ ข้อ ในตัชชนียกรรม,17,18,2,Aṭṭhārasavattaṃ,50,52,3
8,Vin-iv,วัตรที่ไม่ควรระงับ ๑๘ ข้อ ๓ หมวด,19,20,2,Nappaṭippassambhetabbaaṭṭhārasakaṃ,53,58,6
8,Vin-iv,วัตรที่ควรระงับ ๑๘ ข้อ ๓ หมวด,21,24,4,Paṭippassambhetabbaaṭṭhārasakaṃ,59,72,14
8,Vin-iv,นิยสกรรม ที่ ๒,25,27,3,2. Niyassakammaṃ,73,79,7
8,Vin-iv,ลักษณะกรรมไม่เป็นธรรม ๑๒ หมวด,28,31,4,Adhammakammadvādasakaṃ,80,93,14
8,Vin-iv,ลักษณะกรรมเป็นธรรม ๑๒ หมวด,32,34,3,Dhammakammadvādasakaṃ,94,107,14
8,Vin-iv,ข้อที่สงฆ์จำนง ๖ หมวด,35,36,2,Ākaṅkhamānachakkaṃ,108,115,8
8,Vin-iv,วัตร ๑๘ ข้อ ในนิยสกรรม,37,38,2,Aṭṭhārasavattaṃ,116,119,4
8,Vin-iv,วัตรที่ไม่ควรระงับ ๑๘ ข้อ ๓ หมวด,39,40,2,Nappaṭippassambhetabbaaṭṭhārasakaṃ,120,124,5
8,Vin-iv,วัตรที่ควรระงับ ๑๘ ข้อ ๓ หมวด,41,44,4,Paṭippassambhetabbaaṭṭhārasakaṃ,125,137,13
8,Vin-iv,ปัพพาชนียกรรมที่ ๓,45,57,13,3. Pabbājanīyakammaṃ,138,148,11
8,Vin-iv,ลักษณะกรรมไม่เป็นธรรม ๑๒ หมวด,58,61,4,Adhammakammadvādasakaṃ,149,152,4
8,Vin-iv,ลักษณะกรรมเป็นธรรม ๑๒ หมวด,62,65,4,Dhammakammadvādasakaṃ,153,156,4
8,Vin-iv,ข้อที่สงฆ์จำนง ๑๔ หมวด,66,69,4,Ākaṅkhamānacuddasakaṃ,157,172,16
8,Vin-iv,วัตร ๑๘ ข้อในปัพพาชนียกรรม,70,73,4,Aṭṭhārasavattaṃ,173,177,5
8,Vin-iv,วัตรที่ไม่ควรระงับ ๑๘ ข้อ ๓ หมวด,74,74,1,Nappaṭippassambhetabbaaṭṭhārasakaṃ,178,182,5
8,Vin-iv,วัตรที่ควรระงับ ๑๘ ข้อ ๓ หมวด,75,78,4,Paṭippassambhetabbaaṭṭhārasakaṃ,183,194,12
8,Vin-iv,ปฏิสารณียกรรม ที่ ๔,79,85,7,4. Paṭisāraṇīyakammaṃ,195,207,13
8,Vin-iv,ลักษณะกรรมไม่เป็นธรรม ๑๒ หมวด,86,88,3,Adhammakammadvādasakaṃ,208,211,4
8,Vin-iv,ลักษณะกรรมเป็นธรรม ๑๒ หมวด,89,92,4,Dhammakammadvādasakaṃ,212,215,4
8,Vin-iv,ข้อที่สงฆ์จำนง ๔ หมวด,93,94,2,Ākaṅkhamānacatukkaṃ,216,221,6
8,Vin-iv,วัตร ๑๘ ข้อ ในปฏิสารณียกรรม,95,98,4,Aṭṭhārasavattaṃ,222,230,9
8,Vin-iv,วัตรที่ไม่ควรระงับ ๑๘ ข้อ ๓ หมวด,99,100,2,Nappaṭippassambhetabbaaṭṭhārasakaṃ,231,235,5
8,Vin-iv,วัตรที่ควรระงับ ๑๘ ข้อ,101,104,4,Paṭippassambhetabbaaṭṭhārasakaṃ,236,246,11
8,Vin-iv,อุกเขปนียกรรม ที่ ๕,105,106,2,5. Āpattiyā adassane ukkhepanīyakammaṃ,247,254,8
8,Vin-iv,ลักษณะกรรมไม่เป็นธรรม ๑๒ หมวด,107,111,5,Adhammakammadvādasakaṃ,255,258,4
8,Vin-iv,ลักษณะกรรมเป็นธรรม ๑๒ หมวด,112,115,4,Dhammakammadvādasakaṃ,259,262,4
8,Vin-iv,ข้อที่สงฆ์จำนง ๖ หมวด,116,118,3,Ākaṅkhamānachakkaṃ,263,271,9
8,Vin-iv,วัตร ๔๓ ข้อ ในอุกเขปนียกรรม ฐานไม่เห็นอาบัติ,119,121,3,Tecattālīsavattaṃ,272,276,5
8,Vin-iv,วัตรที่ไม่ควรระงับ ๔๓ ข้อ ๘ หมวด,122,126,5,Nappaṭippassambhetabba-tecattālīsakaṃ,277,287,11
8,Vin-iv,วัตรที่ควรระงับ ๔๓ ข้อ ๘ หมวด,127,132,6,Paṭippassambhetabba-tecattālīsakaṃ,288,304,17
8,Vin-iv,อุกเขปนียกรรม ฐานไม่ทำคืนอาบัติ,133,135,3,6. Āpattiyā appaṭikamme ukkhepanīyakammaṃ,305,312,8
8,Vin-iv,ลักษณะกรรมไม่เป็นธรรม ๑๒ หมวด,136,140,5,Adhammakammadvādasakaṃ,313,317,5
8,Vin-iv,ลักษณะกรรมเป็นธรรม ๑๒ หมวด,141,144,4,Dhammakammadvādasakaṃ,318,322,5
8,Vin-iv,ข้อที่สงฆ์จำนง ๖ หมวด,145,147,3,Ākaṅkhamānachakkaṃ,323,331,9
8,Vin-iv,วัตร ๔๓ ข้อ ในอุกเขปนียกรรม ฐานไม่ทำคืนอาบัติ,148,150,3,Tecattālīsavattaṃ,332,336,5
8,Vin-iv,วัตรที่ไม่ควรระงับ ๔๓ ข้อ ๘ หมวด,151,155,5,Nappaṭippassambhetabbatecattālīsakaṃ,337,342,6
8,Vin-iv,วัตรที่ควรระงับ ๔๓ ข้อ ๘ หมวด,156,162,7,Paṭippassambhetabbatecattālīsakaṃ,343,354,12
8,Vin-iv,อุกเขปนียกรรม ฐานไม่สละทิฏฐิอันเป็นบาป,163,168,6,7. Pāpikāya diṭṭhiyā appaṭinissagge ukkhepanīyakammaṃ,355,364,10
8,Vin-iv,ลักษณะกรรมไม่เป็นธรรม ๑๒ หมวด,169,173,5,Adhammakammadvādasakaṃ,365,369,5
8,Vin-iv,ลักษณะกรรมเป็นธรรม ๑๒ หมวด,174,178,5,Dhammakammadvādasakaṃ,370,374,5
8,Vin-iv,ข้อที่สงฆ์จำนง ๖ หมวด,179,180,2,Ākaṅkhamānachakkaṃ,375,383,9
8,Vin-iv,วัตร ๑๘ ข้อ,181,183,3,Tecattālīsavattaṃ,384,389,6
8,Vin-iv,วัตรที่ไม่ควรระงับ ๑๘ ข้อ ๓ หมวด,184,185,2,Nappaṭippassambhetabbatecattālīsakaṃ,390,395,6
8,Vin-iv,วัตรที่ควรระงับ ๑๘ ข้อ ๓ หมวด,186,203,18,Paṭippassambhetabbatecattālīsakaṃ,396,479,84
8,Vin-iv,ปาริวาสิกขันธกะ,204,205,2,2. Pārivāsikakkhandhakaṃ,480,480,1
8,Vin-iv,ปาริวาสิกวัตร ๙๔ ข้อ,206,216,11,1. Pārivāsikavattaṃ,481,514,34
8,Vin-iv,มูลายปฏิกัสสนารหวัตร,217,224,8,2. Mūlāyapaṭikassanārahavattaṃ,515,536,22
8,Vin-iv,มานัตตารหวัตร,225,233,9,3. Mānattārahavattaṃ,537,557,21
8,Vin-iv,มานัตตจาริกวัตร,234,244,11,4. Mānattācārikavattaṃ,558,584,27
8,Vin-iv,อัพภานารหวัตร,245,272,28,5. Abbhānārahavattaṃ,585,621,37
8,Vin-iv,สมุจจยขันธกะ,273,503,231,3. Samuccayakkhandhakaṃ,622,950,329
8,Vin-iv,สมถขันธกะ,504,503,0,4. Samathakkhandhakaṃ,951,951,1
8,Vin-iv,เรื่องพระฉัพพัคคีย์,504,,,1. Sammukhāvinayo,952,1198,247
9,Sp-iv,ขุททกวัตถุขันธกวรรณนา,79,176,98,5. Khuddakavatthukkhandhakaṃ,226,286,61
9,Sp-iv,เสนาสนักขันธกวรรณนา,177,325,149,6. Senāsanakkhandhakaṃ,287,491,205
9,Sp-iv,สังฆเภทักขันธกวรรณนา,326,387,62,7. Saṅghabhedakakkhandhakaṃ,492,532,41
9,Sp-iv,วัตตักขันธก  วรรณนา,388,432,45,8. Vattakkhandhakaṃ,533,574,42
9,Sp-iv,ปาฏิโมกขัฏฐปนักขันธกวรรณนา,433,497,65,9. Pātimokkhaṭṭhapanakkhandhakaṃ,575,608,34
9,Sp-iv,ภิกขุนิกขันธก  วรรณนา,498,526,29,10. Bhikkhunikkhandhakaṃ,609,645,37
9,Sp-iv,ปัญจสติกักขันธก  วรรณนา,527,559,33,11. Pañcasatikakkhandhakaṃ,646,651,6
9,Sp-iv,สัตตสติกักขันธก  วรรณนา,560,,,12. Sattasatikakkhandhakaṃ,652,,
9,Vin-iv,๑. ขุททกวัตถุขันธกะ,1,104,104,Khuddakavatthūni,1199,1504,306
9,Vin-iv,๒. เสนาสนขันธกะ,105,266,162,Senāsanakkhandhakaṃ,1505,1822,318
9,Vin-iv,๓. สังฆเภทขันธกะ,267,336,70,Saṅghabhedakakkhandhakaṃ,1823,1982,160
9,Vin-iv,๔. วัตตขันธกะ,337,397,61,Vattakkhandhakaṃ,1983,2278,296
9,Vin-iv,๕. ปาติโมกขฐปนขันธกะ,398,440,43,Pātimokkhaṭṭhapanakkhandhakaṃ,2279,2418,140
9,Vin-iv,๖. ภิกขุนีขันธกะ,441,508,68,Bhikkhunikkhandhakaṃ,2419,2675,257
9,Vin-iv,๗. ปัญจสติกขันธกะ,509,529,21,Pañcasatikakkhandhakaṃ,2676,2733,58
9,Vin-iv,๘. สัตตสติกขันธกะ,530,,,Sattasatikakkhandhakaṃ,2734,,
